{"__type__":"dragonBones.DragonBonesAtlasAsset","_name":"ccmjdh_dihu_1_tex","_atlasJson":"{\"width\":1024,\"imagePath\":\"ccmjdh_dihu_1_tex.png\",\"height\":2048,\"name\":\"ccmjdh_dihu_1\",\"SubTexture\":[{\"frameY\":-8,\"y\":581,\"frameWidth\":560,\"frameX\":-154,\"frameHeight\":316,\"width\":360,\"height\":282,\"name\":\"ccmjdh_dihu (13)\",\"x\":358},{\"frameY\":-1,\"y\":968,\"frameWidth\":560,\"frameX\":-312,\"frameHeight\":316,\"width\":207,\"height\":91,\"name\":\"ccmjdh_dihu (5)\",\"x\":1},{\"frameY\":-238,\"y\":949,\"frameWidth\":560,\"frameX\":-144,\"frameHeight\":316,\"width\":319,\"height\":34,\"name\":\"ccmjdh_dihu (15)\",\"x\":652},{\"frameY\":0,\"y\":1061,\"frameWidth\":560,\"frameX\":-311,\"frameHeight\":316,\"width\":210,\"height\":88,\"name\":\"ccmjdh_dihu (4)\",\"x\":1},{\"frameY\":0,\"y\":876,\"frameWidth\":560,\"frameX\":-310,\"frameHeight\":316,\"width\":212,\"height\":90,\"name\":\"ccmjdh_dihu (3)\",\"x\":1},{\"frameY\":-1,\"y\":142,\"frameWidth\":560,\"frameX\":-312,\"frameHeight\":316,\"width\":209,\"height\":137,\"name\":\"ccmjdh_dihu (6)\",\"x\":720},{\"frameY\":-4,\"y\":293,\"frameWidth\":560,\"frameX\":-157,\"frameHeight\":316,\"width\":359,\"height\":286,\"name\":\"ccmjdh_dihu (12)\",\"x\":358},{\"frameY\":0,\"y\":291,\"frameWidth\":560,\"frameX\":-167,\"frameHeight\":316,\"width\":355,\"height\":290,\"name\":\"ccmjdh_dihu (9)\",\"x\":1},{\"frameY\":-35,\"y\":968,\"frameWidth\":560,\"frameX\":-353,\"frameHeight\":316,\"width\":126,\"height\":40,\"name\":\"ccmjdh_dihu (1)\",\"x\":210},{\"frameY\":0,\"y\":1,\"frameWidth\":560,\"frameX\":-165,\"frameHeight\":316,\"width\":356,\"height\":290,\"name\":\"ccmjdh_dihu (10)\",\"x\":362},{\"frameY\":-2,\"y\":1,\"frameWidth\":560,\"frameX\":-160,\"frameHeight\":316,\"width\":359,\"height\":288,\"name\":\"ccmjdh_dihu (11)\",\"x\":1},{\"frameY\":0,\"y\":583,\"frameWidth\":560,\"frameX\":-186,\"frameHeight\":316,\"width\":338,\"height\":291,\"name\":\"ccmjdh_dihu (8)\",\"x\":1},{\"frameY\":0,\"y\":293,\"frameWidth\":560,\"frameX\":-309,\"frameHeight\":316,\"width\":213,\"height\":218,\"name\":\"ccmjdh_dihu (7)\",\"x\":719},{\"frameY\":-2,\"y\":865,\"frameWidth\":560,\"frameX\":-319,\"frameHeight\":316,\"width\":195,\"height\":82,\"name\":\"ccmjdh_dihu (2)\",\"x\":652},{\"frameY\":-83,\"y\":865,\"frameWidth\":560,\"frameX\":-149,\"frameHeight\":316,\"width\":309,\"height\":205,\"name\":\"ccmjdh_dihu (14)\",\"x\":341},{\"width\":283,\"y\":1,\"height\":139,\"name\":\"ccmjdh_dihu\",\"x\":720}]}","_texture":{"__uuid__":"61HMk0ho1IYJ327Ce4209V"},"texture":{"__uuid__":"61HMk0ho1IYJ327Ce4209V"}}