{"__type__":"dragonBones.DragonBonesAtlasAsset","_name":"xymjdh_peng_tex","_atlasJson":"{\"width\":512,\"imagePath\":\"xymjdh_peng_tex.png\",\"height\":512,\"name\":\"xymjdh_peng\",\"SubTexture\":[{\"width\":360,\"y\":1,\"height\":324,\"name\":\"peng_jug\",\"x\":1},{\"frameHeight\":132,\"y\":272,\"frameX\":-3,\"width\":119,\"frameY\":-4,\"height\":125,\"name\":\"peng_m3\",\"frameWidth\":125,\"x\":363},{\"frameHeight\":132,\"y\":327,\"frameX\":-4,\"width\":115,\"frameY\":-4,\"height\":120,\"name\":\"peng_m1\",\"frameWidth\":125,\"x\":1},{\"frameHeight\":132,\"y\":145,\"frameX\":-2,\"width\":120,\"frameY\":-4,\"height\":125,\"name\":\"peng_m2\",\"frameWidth\":125,\"x\":363},{\"width\":125,\"y\":399,\"height\":106,\"name\":\"peng_gz\",\"x\":118},{\"width\":143,\"y\":1,\"height\":142,\"name\":\"peng_huangg\",\"x\":363}]}","_texture":{"__uuid__":"63y51qV0dDNbeMHh4bsziW"},"texture":{"__uuid__":"63y51qV0dDNbeMHh4bsziW"}}