[{"__type__":"cc.SpriteFrame","content":{"name":"MyUpPengB1","texture":"9dMyQrkMJDz79gSRWDq7Y9","rect":[62,296,31,46],"offset":[0,0],"originalSize":[31,46],"capInsets":[0,0,0,0]}},{"__type__":"cc.SpriteFrame","content":{"name":"MyOut_bei","texture":"9dMyQrkMJDz79gSRWDq7Y9","rect":[62,480,31,46],"offset":[0,0],"originalSize":[31,46],"capInsets":[0,0,0,0]}},{"__type__":"cc.SpriteFrame","content":{"name":"jiantou","texture":"daIYQHGehDOZ04nbVfWLpL","rect":[0,0,27,36],"offset":[0,0],"originalSize":[27,36],"capInsets":[0,0,0,0]}},[{"__type__":"cc.Prefab","_name":"UpEatPengGang","data":{"__id__":1}},{"__type__":"cc.Node","_name":"UpEatPengGang","_children":[{"__id__":2},{"__id__":4},{"__id__":11}],"_level":2,"_components":[{"__type__":"cc.Layout","node":{"__id__":1},"_layoutSize":{"__type__":"cc.Size","width":93,"height":78},"_resize":1,"_N$layoutType":1},{"__type__":"5bedcCHx2tE14+zD8+6LbqL","node":{"__id__":1},"pDirection":{"__id__":9},"vCard":[{"__id__":3},{"__id__":10},{"__id__":12},{"__id__":6}],"pMingGangCover":{"__id__":5},"pAnGangCover":{"__id__":7}}],"_prefab":{"__type__":"cc.PrefabInfo","root":{"__id__":1},"asset":{"__id__":0},"fileId":"fdVrd/cntFDoe1NPSbGE+C"},"_contentSize":{"__type__":"cc.Size","width":93,"height":78},"_position":{"__type__":"cc.Vec3","x":-71,"y":-39},"_scale":{"__type__":"cc.Vec3","x":1,"y":1,"z":1}},{"__type__":"cc.Node","_name":"MyholdpengB1","_parent":{"__id__":1},"_level":2,"_components":[{"__id__":3}],"_prefab":{"__type__":"cc.PrefabInfo","root":{"__id__":1},"asset":{"__id__":0},"fileId":"6epM6Aww9Od5sUAdCzbJDK"},"_contentSize":{"__type__":"cc.Size","width":31,"height":46},"_position":{"__type__":"cc.Vec3","x":-31},"_scale":{"__type__":"cc.Vec3","x":1,"y":1,"z":1}},{"__type__":"cc.Sprite","node":{"__id__":2},"_spriteFrame":{"__uuid__":"054kmCZtVH1K/yapKvKuFD"}},{"__type__":"cc.Node","_name":"MyholdpengB2","_parent":{"__id__":1},"_children":[{"__id__":5},{"__id__":7},{"__id__":8}],"_level":2,"_components":[{"__id__":10}],"_prefab":{"__type__":"cc.PrefabInfo","root":{"__id__":1},"asset":{"__id__":0},"fileId":"ddfY5dOaZKMKd4hVU/vArY"},"_contentSize":{"__type__":"cc.Size","width":31,"height":46},"_scale":{"__type__":"cc.Vec3","x":1,"y":1,"z":1}},{"__type__":"cc.Node","_name":"mingGangCover","_parent":{"__id__":4},"_active":false,"_level":3,"_components":[{"__id__":6}],"_prefab":{"__type__":"cc.PrefabInfo","root":{"__id__":1},"asset":{"__id__":0},"fileId":"74FYoOT3FAoZXkGzdU/3p9"},"_contentSize":{"__type__":"cc.Size","width":31,"height":46},"_position":{"__type__":"cc.Vec3","y":10.5},"_scale":{"__type__":"cc.Vec3","x":1,"y":1,"z":1}},{"__type__":"cc.Sprite","node":{"__id__":5},"_spriteFrame":{"__uuid__":"054kmCZtVH1K/yapKvKuFD"}},{"__type__":"cc.Node","_name":"AnGangCover","_parent":{"__id__":4},"_level":3,"_components":[{"__type__":"cc.Sprite","node":{"__id__":7},"_spriteFrame":{"__uuid__":"6d5pZfWStLv6BfGXT8U7PL"}}],"_prefab":{"__type__":"cc.PrefabInfo","root":{"__id__":1},"asset":{"__id__":0},"fileId":"075KtKoepMoZt1HLz0FVEU"},"_contentSize":{"__type__":"cc.Size","width":31,"height":46},"_position":{"__type__":"cc.Vec3","y":10},"_scale":{"__type__":"cc.Vec3","x":1,"y":1,"z":1}},{"__type__":"cc.Node","_name":"jiantou","_parent":{"__id__":4},"_level":3,"_components":[{"__id__":9}],"_prefab":{"__type__":"cc.PrefabInfo","root":{"__id__":1},"asset":{"__id__":0},"fileId":"7aCBfldhVKtpPHBBtKT6IO"},"_contentSize":{"__type__":"cc.Size","width":27,"height":36},"_position":{"__type__":"cc.Vec3","x":-1,"y":16},"_scale":{"__type__":"cc.Vec3","x":1,"y":1,"z":1}},{"__type__":"cc.Sprite","node":{"__id__":8},"_spriteFrame":{"__uuid__":"adebZCQKdFcaoOSgA08I6T"}},{"__type__":"cc.Sprite","node":{"__id__":4},"_spriteFrame":{"__uuid__":"054kmCZtVH1K/yapKvKuFD"}},{"__type__":"cc.Node","_name":"MyholdpengB3","_parent":{"__id__":1},"_level":2,"_components":[{"__id__":12}],"_prefab":{"__type__":"cc.PrefabInfo","root":{"__id__":1},"asset":{"__id__":0},"fileId":"715IJtE9dID545fPRfD6CS"},"_contentSize":{"__type__":"cc.Size","width":31,"height":46},"_position":{"__type__":"cc.Vec3","x":31},"_scale":{"__type__":"cc.Vec3","x":1,"y":1,"z":1}},{"__type__":"cc.Sprite","node":{"__id__":11},"_spriteFrame":{"__uuid__":"054kmCZtVH1K/yapKvKuFD"}}]]