[[{"__type__":"cc.Prefab","_name":"recordView","data":{"__id__":1}},{"__type__":"cc.Node","_name":"recordView","_children":[{"__id__":2}],"_level":3,"_components":[{"__id__":9},{"__type__":"d6b43FIJuBKHaApcw+oivdJ","node":{"__id__":1},"pListView":{"__id__":9},"vlpClickCell":[null]}],"_prefab":{"__type__":"cc.PrefabInfo","root":{"__id__":1},"asset":{"__uuid__":"0fli0zeTRIZ4bZtCdEoaN5"},"fileId":"a8Cw4NCZBCz4BSYwmMNzgv"},"_scale":{"__type__":"cc.Vec3","x":1,"y":1,"z":1}},{"__type__":"cc.Node","_name":"scrollview","_parent":{"__id__":1},"_children":[{"__id__":3},{"__id__":8}],"_level":4,"_components":[{"__type__":"cc.Sprite","node":{"__id__":2},"_type":1,"_sizeMode":0},{"__id__":6}],"_prefab":{"__type__":"cc.PrefabInfo","root":{"__id__":1},"asset":{"__uuid__":"0fli0zeTRIZ4bZtCdEoaN5"},"fileId":"b7tVR/EO9LsYJWUagKiW4x"},"_contentSize":{"__type__":"cc.Size","width":1152,"height":534},"_position":{"__type__":"cc.Vec3","x":1,"y":-34},"_scale":{"__type__":"cc.Vec3","x":1,"y":1,"z":1}},{"__type__":"cc.Node","_name":"scrollBar","_parent":{"__id__":2},"_children":[{"__id__":4}],"_active":false,"_components":[{"__type__":"cc.Scrollbar","node":{"__id__":3},"_scrollView":{"__id__":6},"_N$handle":{"__id__":5},"_N$direction":1},{"__type__":"cc.Widget","node":{"__id__":3},"alignMode":0,"_alignFlags":37,"_left":350.07654921020657,"_originalHeight":237},{"__type__":"cc.Sprite","node":{"__id__":3},"_spriteFrame":{"__uuid__":"5f5dyqtRNNxaFmVzYns6FZ"},"_type":1,"_sizeMode":0}],"_prefab":{"__type__":"cc.PrefabInfo","root":{"__id__":1},"asset":{"__uuid__":"0fli0zeTRIZ4bZtCdEoaN5"},"fileId":"13dpSkXSxOoqJKpvRLCpr1"},"_contentSize":{"__type__":"cc.Size","width":12,"height":250},"_anchorPoint":{"__type__":"cc.Vec2","x":1,"y":0.5},"_position":{"__type__":"cc.Vec3","x":120},"_scale":{"__type__":"cc.Vec3","x":1,"y":1,"z":1}},{"__type__":"cc.Node","_name":"bar","_parent":{"__id__":3},"_components":[{"__id__":5}],"_prefab":{"__type__":"cc.PrefabInfo","root":{"__id__":1},"asset":{"__uuid__":"0fli0zeTRIZ4bZtCdEoaN5"},"fileId":"3bSR3mcedGMp7NRXK9s954"},"_contentSize":{"__type__":"cc.Size","width":10,"height":30},"_anchorPoint":{"__type__":"cc.Vec2","x":1},"_position":{"__type__":"cc.Vec3","x":-1},"_scale":{"__type__":"cc.Vec3","x":1,"y":1,"z":1}},{"__type__":"cc.Sprite","node":{"__id__":4},"_spriteFrame":{"__uuid__":"5cO7kybDxGj4ipyMYdRYZB"},"_type":1,"_sizeMode":0},{"__type__":"cc.ScrollView","node":{"__id__":2},"horizontal":false,"brake":0.75,"bounceDuration":0.23,"_N$content":{"__id__":7},"content":{"__id__":7},"_N$horizontalScrollBar":null,"_N$verticalScrollBar":null},{"__type__":"cc.Node","_name":"content","_parent":{"__id__":8},"_prefab":{"__type__":"cc.PrefabInfo","root":{"__id__":1},"asset":{"__uuid__":"0fli0zeTRIZ4bZtCdEoaN5"},"fileId":"97cP87WN5P4oPSvXyV4SzU"},"_contentSize":{"__type__":"cc.Size","width":1152,"height":534},"_anchorPoint":{"__type__":"cc.Vec2","x":0.5,"y":1},"_position":{"__type__":"cc.Vec3","y":265},"_scale":{"__type__":"cc.Vec3","x":1,"y":1,"z":1}},{"__type__":"cc.Node","_name":"view","_parent":{"__id__":2},"_children":[{"__id__":7}],"_components":[{"__type__":"cc.Mask","node":{"__id__":8}}],"_prefab":{"__type__":"cc.PrefabInfo","root":{"__id__":1},"asset":{"__uuid__":"0fli0zeTRIZ4bZtCdEoaN5"},"fileId":"14HxLVwQlE8bfk3k/axqO/"},"_contentSize":{"__type__":"cc.Size","width":1152,"height":534},"_scale":{"__type__":"cc.Vec3","x":1,"y":1,"z":1}},{"__type__":"aa774aYDRNBCJZh0Fs2zrCO","node":{"__id__":1},"itemTemplate":{"__uuid__":"4aJcH1su1FsLrquQHhpiev"},"spacing":-4,"scrollView":{"__id__":6}}],{"__type__":"cc.SpriteFrame","content":{"name":"default_scrollbar_vertical","texture":"d608qFRoFHwbXd0Dap056i","rect":[0,0,15,30],"offset":[0,0],"originalSize":[15,30],"capInsets":[4,10,4,10]}},{"__type__":"cc.SpriteFrame","content":{"name":"default_scrollbar_vertical_bg","texture":"61cyPdEfRN047sDK9rO0W5","rect":[0,0,15,30],"offset":[0,0],"originalSize":[15,30],"capInsets":[4,10,4,10]}}]