[{"__type__":"cc.SpriteFrame","content":{"name":"touxiang","texture":"d18MUvyXVPzLk9qaYuNr26","rect":[0,0,70,70],"offset":[0,0],"originalSize":[70,70],"capInsets":[0,0,0,0]}},{"__type__":"cc.SpriteFrame","content":{"name":"touxiangkuang","texture":"3bz7ZdnTVN84gBrIPsjHOq","rect":[0,0,70,70],"offset":[0,0],"originalSize":[70,70],"capInsets":[0,0,0,0]}},[{"__type__":"cc.Prefab","_name":"photoItem","data":{"__id__":1}},{"__type__":"cc.Node","_name":"photoItem","_children":[{"__id__":2},{"__id__":4}],"_level":2,"_components":[{"__type__":"cc.Mask","node":{"__id__":1},"_enabled":false,"_type":2},{"__type__":"c422bc+UdREi7laXw4OL66Y","node":{"__id__":1},"pPhotoSprite":{"__id__":3},"pPhotoFrame":{"__id__":5}}],"_prefab":{"__type__":"cc.PrefabInfo","root":{"__id__":1},"asset":{"__id__":0},"fileId":"e27q9b9jJHcYirLa1wOsFF"},"_contentSize":{"__type__":"cc.Size","width":70,"height":70},"_position":{"__type__":"cc.Vec3","x":-135,"y":4.3},"_scale":{"__type__":"cc.Vec3","x":1,"y":1,"z":1}},{"__type__":"cc.Node","_name":"defaultImg","_parent":{"__id__":1},"_level":3,"_components":[{"__id__":3},{"__type__":"cc.Widget","node":{"__id__":2},"_alignFlags":45,"_left":2,"_right":2,"_top":2,"_bottom":2,"_originalWidth":70,"_originalHeight":70}],"_prefab":{"__type__":"cc.PrefabInfo","root":{"__id__":1},"asset":{"__id__":0},"fileId":"01GuXL8otKILukL2fm7W1u"},"_contentSize":{"__type__":"cc.Size","width":66,"height":66},"_scale":{"__type__":"cc.Vec3","x":1,"y":1,"z":1}},{"__type__":"cc.Sprite","node":{"__id__":2},"_spriteFrame":{"__uuid__":"0aT9tAGgpHzZUfr/pYZpvW"},"_sizeMode":0},{"__type__":"cc.Node","_name":"imgFrame","_parent":{"__id__":1},"_level":3,"_components":[{"__id__":5},{"__type__":"cc.Widget","node":{"__id__":4},"_alignFlags":45,"_originalWidth":70,"_originalHeight":70}],"_prefab":{"__type__":"cc.PrefabInfo","root":{"__id__":1},"asset":{"__id__":0},"fileId":"d7nUL8TmNGEb94Jt7t5CIW"},"_contentSize":{"__type__":"cc.Size","width":70,"height":70},"_scale":{"__type__":"cc.Vec3","x":1,"y":1,"z":1}},{"__type__":"cc.Sprite","node":{"__id__":4},"_spriteFrame":{"__uuid__":"a0A3B5aIJIY5cp+yCg5ZzE"}}]]