[{"__type__":"cc.SpriteFrame","content":{"name":"MyHoldF3","texture":"9dMyQrkMJDz79gSRWDq7Y9","rect":[153,873,51,81],"offset":[0,0],"originalSize":[51,81],"capInsets":[0,0,0,0]}},{"__type__":"cc.SpriteFrame","content":{"name":"MyUpPengJ2","texture":"9dMyQrkMJDz79gSRWDq7Y9","rect":[0,250,31,46],"offset":[0,0],"originalSize":[31,46],"capInsets":[0,0,0,0]}},{"__type__":"cc.SpriteFrame","content":{"name":"MyholdpengH2","texture":"9dMyQrkMJDz79gSRWDq7Y9","rect":[313,480,51,78],"offset":[0,0],"originalSize":[51,78],"capInsets":[0,0,0,0]}},{"__type__":"cc.SpriteFrame","content":{"name":"MyOutH5","texture":"9dMyQrkMJDz79gSRWDq7Y9","rect":[248,296,31,46],"offset":[0,0],"originalSize":[31,46],"capInsets":[0,0,0,0]}},{"__type__":"cc.SpriteFrame","content":{"name":"MyHoldB9","texture":"9dMyQrkMJDz79gSRWDq7Y9","rect":[357,954,51,81],"offset":[0,0],"originalSize":[51,81],"capInsets":[0,0,0,0]}},{"__type__":"cc.SpriteFrame","content":{"name":"MyUpPengB1","texture":"9dMyQrkMJDz79gSRWDq7Y9","rect":[62,296,31,46],"offset":[0,0],"originalSize":[31,46],"capInsets":[0,0,0,0]}},{"__type__":"cc.SpriteFrame","content":{"name":"rightPengB4","texture":"9dMyQrkMJDz79gSRWDq7Y9","rect":[342,170,38,34],"offset":[0,0],"originalSize":[38,34],"capInsets":[0,0,0,0]}},{"__type__":"cc.SpriteFrame","content":{"name":"rightPengT1","texture":"9dMyQrkMJDz79gSRWDq7Y9","rect":[380,102,38,34],"offset":[0,0],"originalSize":[38,34],"capInsets":[0,0,0,0]}},{"__type__":"cc.SpriteFrame","content":{"name":"MyholdpengB4","texture":"9dMyQrkMJDz79gSRWDq7Y9","rect":[459,558,51,78],"offset":[0,0],"originalSize":[51,78],"capInsets":[0,0,0,0]}},{"__type__":"cc.SpriteFrame","content":{"name":"MyOutW1","texture":"9dMyQrkMJDz79gSRWDq7Y9","rect":[217,388,31,46],"offset":[0,0],"originalSize":[31,46],"capInsets":[0,0,0,0]}},{"__type__":"cc.SpriteFrame","content":{"name":"MyUpPengB5","texture":"9dMyQrkMJDz79gSRWDq7Y9","rect":[155,434,31,46],"offset":[0,0],"originalSize":[31,46],"capInsets":[0,0,0,0]}},{"__type__":"cc.SpriteFrame","content":{"name":"leftPengF4","texture":"9dMyQrkMJDz79gSRWDq7Y9","rect":[152,102,38,34],"offset":[0,0],"originalSize":[38,34],"capInsets":[0,0,0,0]}},{"__type__":"cc.SpriteFrame","content":{"name":"MyUpPengW5","texture":"9dMyQrkMJDz79gSRWDq7Y9","rect":[434,250,31,46],"offset":[0,0],"originalSize":[31,46],"capInsets":[0,0,0,0]}},{"__type__":"cc.SpriteFrame","content":{"name":"leftPengW7","texture":"9dMyQrkMJDz79gSRWDq7Y9","rect":[0,68,38,34],"offset":[0,0],"originalSize":[38,34],"capInsets":[0,0,0,0]}},{"__type__":"cc.SpriteFrame","content":{"name":"rightPengF1","texture":"9dMyQrkMJDz79gSRWDq7Y9","rect":[190,170,38,34],"offset":[0,0],"originalSize":[38,34],"capInsets":[0,0,0,0]}},{"__type__":"cc.SpriteFrame","content":{"name":"MyOutW6","texture":"9dMyQrkMJDz79gSRWDq7Y9","rect":[217,434,31,46],"offset":[0,0],"originalSize":[31,46],"capInsets":[0,0,0,0]}},{"__type__":"cc.SpriteFrame","content":{"name":"rightPengB2","texture":"9dMyQrkMJDz79gSRWDq7Y9","rect":[152,136,38,34],"offset":[0,0],"originalSize":[38,34],"capInsets":[0,0,0,0]}},{"__type__":"cc.SpriteFrame","content":{"name":"rightPengH8","texture":"9dMyQrkMJDz79gSRWDq7Y9","rect":[114,204,38,34],"offset":[0,0],"originalSize":[38,34],"capInsets":[0,0,0,0]}},{"__type__":"cc.SpriteFrame","content":{"name":"MyUpPengJ1","texture":"9dMyQrkMJDz79gSRWDq7Y9","rect":[0,296,31,46],"offset":[0,0],"originalSize":[31,46],"capInsets":[0,0,0,0]}},{"__type__":"cc.SpriteFrame","content":{"name":"MyholdpengB2","texture":"9dMyQrkMJDz79gSRWDq7Y9","rect":[408,558,51,78],"offset":[0,0],"originalSize":[51,78],"capInsets":[0,0,0,0]}},{"__type__":"cc.SpriteFrame","content":{"name":"MyUpPengT9","texture":"9dMyQrkMJDz79gSRWDq7Y9","rect":[248,250,31,46],"offset":[0,0],"originalSize":[31,46],"capInsets":[0,0,0,0]}},{"__type__":"cc.SpriteFrame","content":{"name":"MyHoldT4","texture":"9dMyQrkMJDz79gSRWDq7Y9","rect":[408,1116,51,81],"offset":[0,0],"originalSize":[51,81],"capInsets":[0,0,0,0]}},{"__type__":"cc.SpriteFrame","content":{"name":"MyHoldT7","texture":"9dMyQrkMJDz79gSRWDq7Y9","rect":[153,1197,51,81],"offset":[0,0],"originalSize":[51,81],"capInsets":[0,0,0,0]}},{"__type__":"cc.SpriteFrame","content":{"name":"leftPengF1","texture":"9dMyQrkMJDz79gSRWDq7Y9","rect":[190,34,38,34],"offset":[0,0],"originalSize":[38,34],"capInsets":[0,0,0,0]}},{"__type__":"cc.SpriteFrame","content":{"name":"leftPengW4","texture":"9dMyQrkMJDz79gSRWDq7Y9","rect":[418,34,38,34],"offset":[0,0],"originalSize":[38,34],"capInsets":[0,0,0,0]}},{"__type__":"cc.SpriteFrame","content":{"name":"MyOutF1","texture":"9dMyQrkMJDz79gSRWDq7Y9","rect":[93,388,31,46],"offset":[0,0],"originalSize":[31,46],"capInsets":[0,0,0,0]}},{"__type__":"cc.SpriteFrame","content":{"name":"Myholdpeng_kong","texture":"9dMyQrkMJDz79gSRWDq7Y9","rect":[204,714,51,78],"offset":[0,0],"originalSize":[51,78],"capInsets":[0,0,0,0]}},{"__type__":"cc.SpriteFrame","content":{"name":"leftPengW5","texture":"9dMyQrkMJDz79gSRWDq7Y9","rect":[456,34,38,34],"offset":[0,0],"originalSize":[38,34],"capInsets":[0,0,0,0]}},{"__type__":"cc.SpriteFrame","content":{"name":"leftPengW9","texture":"9dMyQrkMJDz79gSRWDq7Y9","rect":[152,68,38,34],"offset":[0,0],"originalSize":[38,34],"capInsets":[0,0,0,0]}},{"__type__":"cc.SpriteFrame","content":{"name":"MyHoldF2","texture":"9dMyQrkMJDz79gSRWDq7Y9","rect":[0,954,51,81],"offset":[0,0],"originalSize":[51,81],"capInsets":[0,0,0,0]}},{"__type__":"cc.SpriteFrame","content":{"name":"MyholdpengB5","texture":"9dMyQrkMJDz79gSRWDq7Y9","rect":[357,558,51,78],"offset":[0,0],"originalSize":[51,78],"capInsets":[0,0,0,0]}},{"__type__":"cc.SpriteFrame","content":{"name":"rightPengW4","texture":"9dMyQrkMJDz79gSRWDq7Y9","rect":[418,136,38,34],"offset":[0,0],"originalSize":[38,34],"capInsets":[0,0,0,0]}},{"__type__":"cc.SpriteFrame","content":{"name":"MyUpPengT8","texture":"9dMyQrkMJDz79gSRWDq7Y9","rect":[31,250,31,46],"offset":[0,0],"originalSize":[31,46],"capInsets":[0,0,0,0]}},{"__type__":"cc.SpriteFrame","content":{"name":"MyholdpengW3","texture":"9dMyQrkMJDz79gSRWDq7Y9","rect":[357,636,51,78],"offset":[0,0],"originalSize":[51,78],"capInsets":[0,0,0,0]}},{"__type__":"cc.SpriteFrame","content":{"name":"MyUpPengJ3","texture":"9dMyQrkMJDz79gSRWDq7Y9","rect":[93,250,31,46],"offset":[0,0],"originalSize":[31,46],"capInsets":[0,0,0,0]}},{"__type__":"cc.SpriteFrame","content":{"name":"leftPengW2","texture":"9dMyQrkMJDz79gSRWDq7Y9","rect":[266,68,38,34],"offset":[0,0],"originalSize":[38,34],"capInsets":[0,0,0,0]}},{"__type__":"cc.SpriteFrame","content":{"name":"leftPengT1","texture":"9dMyQrkMJDz79gSRWDq7Y9","rect":[342,34,38,34],"offset":[0,0],"originalSize":[38,34],"capInsets":[0,0,0,0]}},{"__type__":"cc.SpriteFrame","content":{"name":"MyHoldB2","texture":"9dMyQrkMJDz79gSRWDq7Y9","rect":[153,954,51,81],"offset":[0,0],"originalSize":[51,81],"capInsets":[0,0,0,0]}},{"__type__":"cc.SpriteFrame","content":{"name":"MyOutT8","texture":"9dMyQrkMJDz79gSRWDq7Y9","rect":[341,296,31,46],"offset":[0,0],"originalSize":[31,46],"capInsets":[0,0,0,0]}},{"__type__":"cc.SpriteFrame","content":{"name":"leftPengB5","texture":"9dMyQrkMJDz79gSRWDq7Y9","rect":[456,0,38,34],"offset":[0,0],"originalSize":[38,34],"capInsets":[0,0,0,0]}},{"__type__":"cc.SpriteFrame","content":{"name":"rightPengW5","texture":"9dMyQrkMJDz79gSRWDq7Y9","rect":[0,170,38,34],"offset":[0,0],"originalSize":[38,34],"capInsets":[0,0,0,0]}},{"__type__":"cc.SpriteFrame","content":{"name":"MyholdpengT1","texture":"9dMyQrkMJDz79gSRWDq7Y9","rect":[102,714,51,78],"offset":[0,0],"originalSize":[51,78],"capInsets":[0,0,0,0]}},{"__type__":"cc.SpriteFrame","content":{"name":"MyholdpengW2","texture":"9dMyQrkMJDz79gSRWDq7Y9","rect":[153,792,51,78],"offset":[0,0],"originalSize":[51,78],"capInsets":[0,0,0,0]}},{"__type__":"cc.SpriteFrame","content":{"name":"MyUpPengW8","texture":"9dMyQrkMJDz79gSRWDq7Y9","rect":[279,250,31,46],"offset":[0,0],"originalSize":[31,46],"capInsets":[0,0,0,0]}},{"__type__":"cc.SpriteFrame","content":{"name":"rightPengT2","texture":"9dMyQrkMJDz79gSRWDq7Y9","rect":[456,102,38,34],"offset":[0,0],"originalSize":[38,34],"capInsets":[0,0,0,0]}},{"__type__":"cc.SpriteFrame","content":{"name":"MyOutT5","texture":"9dMyQrkMJDz79gSRWDq7Y9","rect":[465,296,31,46],"offset":[0,0],"originalSize":[31,46],"capInsets":[0,0,0,0]}},{"__type__":"cc.SpriteFrame","content":{"name":"rightPengT7","texture":"9dMyQrkMJDz79gSRWDq7Y9","rect":[228,102,38,34],"offset":[0,0],"originalSize":[38,34],"capInsets":[0,0,0,0]}},{"__type__":"cc.SpriteFrame","content":{"name":"leftPeng_kong","texture":"9dMyQrkMJDz79gSRWDq7Y9","rect":[114,68,38,34],"offset":[0,0],"originalSize":[38,34],"capInsets":[0,0,0,0]}},{"__type__":"cc.SpriteFrame","content":{"name":"MyOutB1","texture":"9dMyQrkMJDz79gSRWDq7Y9","rect":[279,342,31,46],"offset":[0,0],"originalSize":[31,46],"capInsets":[0,0,0,0]}},{"__type__":"cc.SpriteFrame","content":{"name":"rightPengW9","texture":"9dMyQrkMJDz79gSRWDq7Y9","rect":[114,136,38,34],"offset":[0,0],"originalSize":[38,34],"capInsets":[0,0,0,0]}},{"__type__":"cc.SpriteFrame","content":{"name":"MyUpPengT1","texture":"9dMyQrkMJDz79gSRWDq7Y9","rect":[155,250,31,46],"offset":[0,0],"originalSize":[31,46],"capInsets":[0,0,0,0]}},{"__type__":"cc.SpriteFrame","content":{"name":"leftPengT9","texture":"9dMyQrkMJDz79gSRWDq7Y9","rect":[38,102,38,34],"offset":[0,0],"originalSize":[38,34],"capInsets":[0,0,0,0]}},{"__type__":"cc.SpriteFrame","content":{"name":"MyOutJ2","texture":"9dMyQrkMJDz79gSRWDq7Y9","rect":[93,296,31,46],"offset":[0,0],"originalSize":[31,46],"capInsets":[0,0,0,0]}},{"__type__":"cc.SpriteFrame","content":{"name":"leftPengF2","texture":"9dMyQrkMJDz79gSRWDq7Y9","rect":[114,34,38,34],"offset":[0,0],"originalSize":[38,34],"capInsets":[0,0,0,0]}},{"__type__":"cc.SpriteFrame","content":{"name":"MyOutF2","texture":"9dMyQrkMJDz79gSRWDq7Y9","rect":[62,388,31,46],"offset":[0,0],"originalSize":[31,46],"capInsets":[0,0,0,0]}},{"__type__":"cc.SpriteFrame","content":{"name":"leftPengH7","texture":"9dMyQrkMJDz79gSRWDq7Y9","rect":[304,0,38,34],"offset":[0,0],"originalSize":[38,34],"capInsets":[0,0,0,0]}},{"__type__":"cc.SpriteFrame","content":{"name":"rightPengF4","texture":"9dMyQrkMJDz79gSRWDq7Y9","rect":[266,204,38,34],"offset":[0,0],"originalSize":[38,34],"capInsets":[0,0,0,0]}},{"__type__":"cc.SpriteFrame","content":{"name":"MyOutT3","texture":"9dMyQrkMJDz79gSRWDq7Y9","rect":[62,342,31,46],"offset":[0,0],"originalSize":[31,46],"capInsets":[0,0,0,0]}},{"__type__":"cc.SpriteFrame","content":{"name":"MyholdpengB8","texture":"9dMyQrkMJDz79gSRWDq7Y9","rect":[204,636,51,78],"offset":[0,0],"originalSize":[51,78],"capInsets":[0,0,0,0]}},{"__type__":"cc.SpriteFrame","content":{"name":"MyOutH6","texture":"9dMyQrkMJDz79gSRWDq7Y9","rect":[217,296,31,46],"offset":[0,0],"originalSize":[31,46],"capInsets":[0,0,0,0]}},{"__type__":"cc.SpriteFrame","content":{"name":"MyholdpengB1","texture":"9dMyQrkMJDz79gSRWDq7Y9","rect":[357,714,51,78],"offset":[0,0],"originalSize":[51,78],"capInsets":[0,0,0,0]}},{"__type__":"cc.SpriteFrame","content":{"name":"rightPengB3","texture":"9dMyQrkMJDz79gSRWDq7Y9","rect":[266,170,38,34],"offset":[0,0],"originalSize":[38,34],"capInsets":[0,0,0,0]}},{"__type__":"cc.SpriteFrame","content":{"name":"rightPengJ3","texture":"9dMyQrkMJDz79gSRWDq7Y9","rect":[190,102,38,34],"offset":[0,0],"originalSize":[38,34],"capInsets":[0,0,0,0]}},{"__type__":"cc.SpriteFrame","content":{"name":"MyholdpengT9","texture":"9dMyQrkMJDz79gSRWDq7Y9","rect":[306,792,51,78],"offset":[0,0],"originalSize":[51,78],"capInsets":[0,0,0,0]}},{"__type__":"cc.SpriteFrame","content":{"name":"MyOutT2","texture":"9dMyQrkMJDz79gSRWDq7Y9","rect":[0,342,31,46],"offset":[0,0],"originalSize":[31,46],"capInsets":[0,0,0,0]}},{"__type__":"cc.SpriteFrame","content":{"name":"MyHoldT2","texture":"9dMyQrkMJDz79gSRWDq7Y9","rect":[255,1116,51,81],"offset":[0,0],"originalSize":[51,81],"capInsets":[0,0,0,0]}},{"__type__":"cc.SpriteFrame","content":{"name":"rightPengH4","texture":"9dMyQrkMJDz79gSRWDq7Y9","rect":[190,204,38,34],"offset":[0,0],"originalSize":[38,34],"capInsets":[0,0,0,0]}},{"__type__":"cc.SpriteFrame","content":{"name":"MyHoldJ1","texture":"9dMyQrkMJDz79gSRWDq7Y9","rect":[408,954,51,81],"offset":[0,0],"originalSize":[51,81],"capInsets":[0,0,0,0]}},{"__type__":"cc.SpriteFrame","content":{"name":"rightPengT3","texture":"9dMyQrkMJDz79gSRWDq7Y9","rect":[38,136,38,34],"offset":[0,0],"originalSize":[38,34],"capInsets":[0,0,0,0]}},{"__type__":"cc.SpriteFrame","content":{"name":"MyUpPengF4","texture":"9dMyQrkMJDz79gSRWDq7Y9","rect":[465,388,31,46],"offset":[0,0],"originalSize":[31,46],"capInsets":[0,0,0,0]}},{"__type__":"cc.SpriteFrame","content":{"name":"MyholdpengB3","texture":"9dMyQrkMJDz79gSRWDq7Y9","rect":[160,480,51,78],"offset":[0,0],"originalSize":[51,78],"capInsets":[0,0,0,0]}},{"__type__":"cc.SpriteFrame","content":{"name":"MyUpPengT7","texture":"9dMyQrkMJDz79gSRWDq7Y9","rect":[442,204,31,46],"offset":[0,0],"originalSize":[31,46],"capInsets":[0,0,0,0]}},{"__type__":"cc.SpriteFrame","content":{"name":"leftPeng_bei","texture":"9dMyQrkMJDz79gSRWDq7Y9","rect":[190,68,38,34],"offset":[0,0],"originalSize":[38,34],"capInsets":[0,0,0,0]}},{"__type__":"cc.SpriteFrame","content":{"name":"rightPengT4","texture":"9dMyQrkMJDz79gSRWDq7Y9","rect":[0,136,38,34],"offset":[0,0],"originalSize":[38,34],"capInsets":[0,0,0,0]}},{"__type__":"cc.SpriteFrame","content":{"name":"rightPengB7","texture":"9dMyQrkMJDz79gSRWDq7Y9","rect":[304,170,38,34],"offset":[0,0],"originalSize":[38,34],"capInsets":[0,0,0,0]}},{"__type__":"cc.SpriteFrame","content":{"name":"MyHoldW4","texture":"9dMyQrkMJDz79gSRWDq7Y9","rect":[255,1035,51,81],"offset":[0,0],"originalSize":[51,81],"capInsets":[0,0,0,0]}},{"__type__":"cc.SpriteFrame","content":{"name":"MyOutB2","texture":"9dMyQrkMJDz79gSRWDq7Y9","rect":[248,342,31,46],"offset":[0,0],"originalSize":[31,46],"capInsets":[0,0,0,0]}},{"__type__":"cc.SpriteFrame","content":{"name":"righthold","texture":"9dMyQrkMJDz79gSRWDq7Y9","rect":[124,480,18,61],"offset":[0,0],"originalSize":[18,61],"capInsets":[0,0,0,0]}},{"__type__":"cc.SpriteFrame","content":{"name":"MyholdpengW6","texture":"9dMyQrkMJDz79gSRWDq7Y9","rect":[408,636,51,78],"offset":[0,0],"originalSize":[51,78],"capInsets":[0,0,0,0]}},{"__type__":"cc.SpriteFrame","content":{"name":"leftPengW1","texture":"9dMyQrkMJDz79gSRWDq7Y9","rect":[456,68,38,34],"offset":[0,0],"originalSize":[38,34],"capInsets":[0,0,0,0]}},{"__type__":"cc.SpriteFrame","content":{"name":"leftPengW8","texture":"9dMyQrkMJDz79gSRWDq7Y9","rect":[76,68,38,34],"offset":[0,0],"originalSize":[38,34],"capInsets":[0,0,0,0]}},{"__type__":"cc.SpriteFrame","content":{"name":"leftPengH6","texture":"9dMyQrkMJDz79gSRWDq7Y9","rect":[228,0,38,34],"offset":[0,0],"originalSize":[38,34],"capInsets":[0,0,0,0]}},{"__type__":"cc.SpriteFrame","content":{"name":"leftPengW3","texture":"9dMyQrkMJDz79gSRWDq7Y9","rect":[228,68,38,34],"offset":[0,0],"originalSize":[38,34],"capInsets":[0,0,0,0]}},{"__type__":"cc.SpriteFrame","content":{"name":"MyHoldT9","texture":"9dMyQrkMJDz79gSRWDq7Y9","rect":[459,1116,51,81],"offset":[0,0],"originalSize":[51,81],"capInsets":[0,0,0,0]}},{"__type__":"cc.SpriteFrame","content":{"name":"rightPengB1","texture":"9dMyQrkMJDz79gSRWDq7Y9","rect":[38,68,38,34],"offset":[0,0],"originalSize":[38,34],"capInsets":[0,0,0,0]}},{"__type__":"cc.SpriteFrame","content":{"name":"leftPengB1","texture":"9dMyQrkMJDz79gSRWDq7Y9","rect":[228,136,38,34],"offset":[0,0],"originalSize":[38,34],"capInsets":[0,0,0,0]}},{"__type__":"cc.SpriteFrame","content":{"name":"MyholdpengH5","texture":"9dMyQrkMJDz79gSRWDq7Y9","rect":[415,480,51,78],"offset":[0,0],"originalSize":[51,78],"capInsets":[0,0,0,0]}},{"__type__":"cc.SpriteFrame","content":{"name":"rightPengT9","texture":"9dMyQrkMJDz79gSRWDq7Y9","rect":[266,102,38,34],"offset":[0,0],"originalSize":[38,34],"capInsets":[0,0,0,0]}},{"__type__":"cc.SpriteFrame","content":{"name":"MyholdpengW5","texture":"9dMyQrkMJDz79gSRWDq7Y9","rect":[0,714,51,78],"offset":[0,0],"originalSize":[51,78],"capInsets":[0,0,0,0]}},{"__type__":"cc.SpriteFrame","content":{"name":"MyholdpengH8","texture":"9dMyQrkMJDz79gSRWDq7Y9","rect":[204,558,51,78],"offset":[0,0],"originalSize":[51,78],"capInsets":[0,0,0,0]}},{"__type__":"cc.SpriteFrame","content":{"name":"MyUpPengH2","texture":"9dMyQrkMJDz79gSRWDq7Y9","rect":[124,434,31,46],"offset":[0,0],"originalSize":[31,46],"capInsets":[0,0,0,0]}},{"__type__":"cc.SpriteFrame","content":{"name":"MyholdpengT6","texture":"9dMyQrkMJDz79gSRWDq7Y9","rect":[408,714,51,78],"offset":[0,0],"originalSize":[51,78],"capInsets":[0,0,0,0]}},{"__type__":"cc.SpriteFrame","content":{"name":"MyHoldT3","texture":"9dMyQrkMJDz79gSRWDq7Y9","rect":[153,1116,51,81],"offset":[0,0],"originalSize":[51,81],"capInsets":[0,0,0,0]}},{"__type__":"cc.SpriteFrame","content":{"name":"MyHoldB3","texture":"9dMyQrkMJDz79gSRWDq7Y9","rect":[51,954,51,81],"offset":[0,0],"originalSize":[51,81],"capInsets":[0,0,0,0]}},{"__type__":"cc.SpriteFrame","content":{"name":"rightPengW1","texture":"9dMyQrkMJDz79gSRWDq7Y9","rect":[76,136,38,34],"offset":[0,0],"originalSize":[38,34],"capInsets":[0,0,0,0]}},{"__type__":"cc.SpriteFrame","content":{"name":"leftPengT3","texture":"9dMyQrkMJDz79gSRWDq7Y9","rect":[380,68,38,34],"offset":[0,0],"originalSize":[38,34],"capInsets":[0,0,0,0]}},{"__type__":"cc.SpriteFrame","content":{"name":"MyOutW5","texture":"9dMyQrkMJDz79gSRWDq7Y9","rect":[279,434,31,46],"offset":[0,0],"originalSize":[31,46],"capInsets":[0,0,0,0]}},{"__type__":"cc.SpriteFrame","content":{"name":"MyholdpengT8","texture":"9dMyQrkMJDz79gSRWDq7Y9","rect":[357,792,51,78],"offset":[0,0],"originalSize":[51,78],"capInsets":[0,0,0,0]}},{"__type__":"cc.SpriteFrame","content":{"name":"MyHoldH2","texture":"9dMyQrkMJDz79gSRWDq7Y9","rect":[408,792,51,81],"offset":[0,0],"originalSize":[51,81],"capInsets":[0,0,0,0]}},{"__type__":"cc.SpriteFrame","content":{"name":"MyHoldH8","texture":"9dMyQrkMJDz79gSRWDq7Y9","rect":[204,873,51,81],"offset":[0,0],"originalSize":[51,81],"capInsets":[0,0,0,0]}},{"__type__":"cc.SpriteFrame","content":{"name":"MyholdpengH4","texture":"9dMyQrkMJDz79gSRWDq7Y9","rect":[262,480,51,78],"offset":[0,0],"originalSize":[51,78],"capInsets":[0,0,0,0]}},{"__type__":"cc.SpriteFrame","content":{"name":"MyUpPengH3","texture":"9dMyQrkMJDz79gSRWDq7Y9","rect":[93,434,31,46],"offset":[0,0],"originalSize":[31,46],"capInsets":[0,0,0,0]}},{"__type__":"cc.SpriteFrame","content":{"name":"MyUpPengB2","texture":"9dMyQrkMJDz79gSRWDq7Y9","rect":[465,434,31,46],"offset":[0,0],"originalSize":[31,46],"capInsets":[0,0,0,0]}},{"__type__":"cc.SpriteFrame","content":{"name":"MyUpPengB7","texture":"9dMyQrkMJDz79gSRWDq7Y9","rect":[279,388,31,46],"offset":[0,0],"originalSize":[31,46],"capInsets":[0,0,0,0]}},{"__type__":"cc.SpriteFrame","content":{"name":"rightPengH2","texture":"9dMyQrkMJDz79gSRWDq7Y9","rect":[304,204,38,34],"offset":[0,0],"originalSize":[38,34],"capInsets":[0,0,0,0]}},{"__type__":"cc.SpriteFrame","content":{"name":"leftPengB7","texture":"9dMyQrkMJDz79gSRWDq7Y9","rect":[152,34,38,34],"offset":[0,0],"originalSize":[38,34],"capInsets":[0,0,0,0]}},{"__type__":"cc.SpriteFrame","content":{"name":"MyOut_bei","texture":"9dMyQrkMJDz79gSRWDq7Y9","rect":[62,480,31,46],"offset":[0,0],"originalSize":[31,46],"capInsets":[0,0,0,0]}},{"__type__":"cc.SpriteFrame","content":{"name":"MyHoldB6","texture":"9dMyQrkMJDz79gSRWDq7Y9","rect":[306,954,51,81],"offset":[0,0],"originalSize":[51,81],"capInsets":[0,0,0,0]}},{"__type__":"cc.SpriteFrame","content":{"name":"MyUpPengW7","texture":"9dMyQrkMJDz79gSRWDq7Y9","rect":[217,250,31,46],"offset":[0,0],"originalSize":[31,46],"capInsets":[0,0,0,0]}},{"__type__":"cc.SpriteFrame","content":{"name":"leftPengH4","texture":"9dMyQrkMJDz79gSRWDq7Y9","rect":[38,0,38,34],"offset":[0,0],"originalSize":[38,34],"capInsets":[0,0,0,0]}},{"__type__":"cc.SpriteFrame","content":{"name":"MyUpPengW3","texture":"9dMyQrkMJDz79gSRWDq7Y9","rect":[31,296,31,46],"offset":[0,0],"originalSize":[31,46],"capInsets":[0,0,0,0]}},{"__type__":"cc.SpriteFrame","content":{"name":"MyOutB6","texture":"9dMyQrkMJDz79gSRWDq7Y9","rect":[124,342,31,46],"offset":[0,0],"originalSize":[31,46],"capInsets":[0,0,0,0]}},{"__type__":"cc.SpriteFrame","content":{"name":"MyOutF3","texture":"9dMyQrkMJDz79gSRWDq7Y9","rect":[0,388,31,46],"offset":[0,0],"originalSize":[31,46],"capInsets":[0,0,0,0]}},{"__type__":"cc.SpriteFrame","content":{"name":"MyOutW8","texture":"9dMyQrkMJDz79gSRWDq7Y9","rect":[403,434,31,46],"offset":[0,0],"originalSize":[31,46],"capInsets":[0,0,0,0]}},{"__type__":"cc.SpriteFrame","content":{"name":"MyHoldW5","texture":"9dMyQrkMJDz79gSRWDq7Y9","rect":[153,1035,51,81],"offset":[0,0],"originalSize":[51,81],"capInsets":[0,0,0,0]}},{"__type__":"cc.SpriteFrame","content":{"name":"MyholdpengJ1","texture":"9dMyQrkMJDz79gSRWDq7Y9","rect":[102,558,51,78],"offset":[0,0],"originalSize":[51,78],"capInsets":[0,0,0,0]}},{"__type__":"cc.SpriteFrame","content":{"name":"MyholdpengB6","texture":"9dMyQrkMJDz79gSRWDq7Y9","rect":[0,636,51,78],"offset":[0,0],"originalSize":[51,78],"capInsets":[0,0,0,0]}},{"__type__":"cc.SpriteFrame","content":{"name":"leftPengT5","texture":"9dMyQrkMJDz79gSRWDq7Y9","rect":[418,68,38,34],"offset":[0,0],"originalSize":[38,34],"capInsets":[0,0,0,0]}},{"__type__":"cc.SpriteFrame","content":{"name":"rightPengW8","texture":"9dMyQrkMJDz79gSRWDq7Y9","rect":[304,136,38,34],"offset":[0,0],"originalSize":[38,34],"capInsets":[0,0,0,0]}},{"__type__":"cc.SpriteFrame","content":{"name":"Myholdpeng_bei","texture":"9dMyQrkMJDz79gSRWDq7Y9","rect":[306,714,51,78],"offset":[0,0],"originalSize":[51,78],"capInsets":[0,0,0,0]}},{"__type__":"cc.SpriteFrame","content":{"name":"MyUpPengW6","texture":"9dMyQrkMJDz79gSRWDq7Y9","rect":[372,250,31,46],"offset":[0,0],"originalSize":[31,46],"capInsets":[0,0,0,0]}},{"__type__":"cc.SpriteFrame","content":{"name":"MyUpPeng_kong","texture":"9dMyQrkMJDz79gSRWDq7Y9","rect":[310,250,31,46],"offset":[0,0],"originalSize":[31,46],"capInsets":[0,0,0,0]}},{"__type__":"cc.SpriteFrame","content":{"name":"rightPeng_bei","texture":"9dMyQrkMJDz79gSRWDq7Y9","rect":[190,136,38,34],"offset":[0,0],"originalSize":[38,34],"capInsets":[0,0,0,0]}},{"__type__":"cc.SpriteFrame","content":{"name":"rightPengW6","texture":"9dMyQrkMJDz79gSRWDq7Y9","rect":[456,136,38,34],"offset":[0,0],"originalSize":[38,34],"capInsets":[0,0,0,0]}},{"__type__":"cc.SpriteFrame","content":{"name":"MyHoldF1","texture":"9dMyQrkMJDz79gSRWDq7Y9","rect":[255,954,51,81],"offset":[0,0],"originalSize":[51,81],"capInsets":[0,0,0,0]}},{"__type__":"cc.SpriteFrame","content":{"name":"MyHoldH5","texture":"9dMyQrkMJDz79gSRWDq7Y9","rect":[306,873,51,81],"offset":[0,0],"originalSize":[51,81],"capInsets":[0,0,0,0]}},{"__type__":"cc.SpriteFrame","content":{"name":"MyholdpengH1","texture":"9dMyQrkMJDz79gSRWDq7Y9","rect":[255,558,51,78],"offset":[0,0],"originalSize":[51,78],"capInsets":[0,0,0,0]}},{"__type__":"cc.SpriteFrame","content":{"name":"MyHoldH4","texture":"9dMyQrkMJDz79gSRWDq7Y9","rect":[102,873,51,81],"offset":[0,0],"originalSize":[51,81],"capInsets":[0,0,0,0]}},{"__type__":"cc.SpriteFrame","content":{"name":"MyHoldT1","texture":"9dMyQrkMJDz79gSRWDq7Y9","rect":[357,1116,51,81],"offset":[0,0],"originalSize":[51,81],"capInsets":[0,0,0,0]}},{"__type__":"cc.SpriteFrame","content":{"name":"MyholdpengH7","texture":"9dMyQrkMJDz79gSRWDq7Y9","rect":[153,558,51,78],"offset":[0,0],"originalSize":[51,78],"capInsets":[0,0,0,0]}},{"__type__":"cc.SpriteFrame","content":{"name":"MyHoldJ3","texture":"9dMyQrkMJDz79gSRWDq7Y9","rect":[306,1116,51,81],"offset":[0,0],"originalSize":[51,81],"capInsets":[0,0,0,0]}},{"__type__":"cc.SpriteFrame","content":{"name":"MyUpHold","texture":"9dMyQrkMJDz79gSRWDq7Y9","rect":[0,480,31,46],"offset":[0,0],"originalSize":[31,46],"capInsets":[0,0,0,0]}},{"__type__":"cc.SpriteFrame","content":{"name":"MyUpPengH1","texture":"9dMyQrkMJDz79gSRWDq7Y9","rect":[62,434,31,46],"offset":[0,0],"originalSize":[31,46],"capInsets":[0,0,0,0]}},{"__type__":"cc.SpriteFrame","content":{"name":"MyHoldB8","texture":"9dMyQrkMJDz79gSRWDq7Y9","rect":[459,954,51,81],"offset":[0,0],"originalSize":[51,81],"capInsets":[0,0,0,0]}},{"__type__":"cc.SpriteFrame","content":{"name":"MyUpPengH6","texture":"9dMyQrkMJDz79gSRWDq7Y9","rect":[434,388,31,46],"offset":[0,0],"originalSize":[31,46],"capInsets":[0,0,0,0]}},{"__type__":"cc.SpriteFrame","content":{"name":"leftPengJ1","texture":"9dMyQrkMJDz79gSRWDq7Y9","rect":[266,0,38,34],"offset":[0,0],"originalSize":[38,34],"capInsets":[0,0,0,0]}},{"__type__":"cc.SpriteFrame","content":{"name":"MyHoldW8","texture":"9dMyQrkMJDz79gSRWDq7Y9","rect":[408,1035,51,81],"offset":[0,0],"originalSize":[51,81],"capInsets":[0,0,0,0]}},{"__type__":"cc.SpriteFrame","content":{"name":"MyholdpengW9","texture":"9dMyQrkMJDz79gSRWDq7Y9","rect":[255,714,51,78],"offset":[0,0],"originalSize":[51,78],"capInsets":[0,0,0,0]}},{"__type__":"cc.SpriteFrame","content":{"name":"MyHoldF4","texture":"9dMyQrkMJDz79gSRWDq7Y9","rect":[0,873,51,81],"offset":[0,0],"originalSize":[51,81],"capInsets":[0,0,0,0]}},{"__type__":"cc.SpriteFrame","content":{"name":"MyholdpengT4","texture":"9dMyQrkMJDz79gSRWDq7Y9","rect":[51,792,51,78],"offset":[0,0],"originalSize":[51,78],"capInsets":[0,0,0,0]}},{"__type__":"cc.SpriteFrame","content":{"name":"bao","texture":"9dMyQrkMJDz79gSRWDq7Y9","rect":[0,1035,51,81],"offset":[0,0],"originalSize":[51,81],"capInsets":[0,0,0,0]}},{"__type__":"cc.SpriteFrame","content":{"name":"MyUpPengB4","texture":"9dMyQrkMJDz79gSRWDq7Y9","rect":[248,434,31,46],"offset":[0,0],"originalSize":[31,46],"capInsets":[0,0,0,0]}},{"__type__":"cc.SpriteFrame","content":{"name":"rightPengW3","texture":"9dMyQrkMJDz79gSRWDq7Y9","rect":[342,136,38,34],"offset":[0,0],"originalSize":[38,34],"capInsets":[0,0,0,0]}},{"__type__":"cc.SpriteFrame","content":{"name":"MyHold","texture":"9dMyQrkMJDz79gSRWDq7Y9","rect":[357,1035,51,81],"offset":[0,0],"originalSize":[51,81],"capInsets":[0,0,0,0]}},{"__type__":"cc.SpriteFrame","content":{"name":"MyHoldW2","texture":"9dMyQrkMJDz79gSRWDq7Y9","rect":[102,1116,51,81],"offset":[0,0],"originalSize":[51,81],"capInsets":[0,0,0,0]}},{"__type__":"cc.SpriteFrame","content":{"name":"MyOutB9","texture":"9dMyQrkMJDz79gSRWDq7Y9","rect":[31,388,31,46],"offset":[0,0],"originalSize":[31,46],"capInsets":[0,0,0,0]}},{"__type__":"cc.SpriteFrame","content":{"name":"leftPengJ3","texture":"9dMyQrkMJDz79gSRWDq7Y9","rect":[304,34,38,34],"offset":[0,0],"originalSize":[38,34],"capInsets":[0,0,0,0]}},{"__type__":"cc.SpriteFrame","content":{"name":"leftPengH2","texture":"9dMyQrkMJDz79gSRWDq7Y9","rect":[76,0,38,34],"offset":[0,0],"originalSize":[38,34],"capInsets":[0,0,0,0]}},{"__type__":"cc.SpriteFrame","content":{"name":"MyUpPengH4","texture":"9dMyQrkMJDz79gSRWDq7Y9","rect":[31,434,31,46],"offset":[0,0],"originalSize":[31,46],"capInsets":[0,0,0,0]}},{"__type__":"cc.SpriteFrame","content":{"name":"MyOutJ3","texture":"9dMyQrkMJDz79gSRWDq7Y9","rect":[310,296,31,46],"offset":[0,0],"originalSize":[31,46],"capInsets":[0,0,0,0]}},{"__type__":"cc.SpriteFrame","content":{"name":"MyHoldW1","texture":"9dMyQrkMJDz79gSRWDq7Y9","rect":[204,1116,51,81],"offset":[0,0],"originalSize":[51,81],"capInsets":[0,0,0,0]}},{"__type__":"cc.SpriteFrame","content":{"name":"rightPengJ1","texture":"9dMyQrkMJDz79gSRWDq7Y9","rect":[76,204,38,34],"offset":[0,0],"originalSize":[38,34],"capInsets":[0,0,0,0]}},{"__type__":"cc.SpriteFrame","content":{"name":"MyHoldB4","texture":"9dMyQrkMJDz79gSRWDq7Y9","rect":[459,873,51,81],"offset":[0,0],"originalSize":[51,81],"capInsets":[0,0,0,0]}},{"__type__":"cc.SpriteFrame","content":{"name":"MyHoldW7","texture":"9dMyQrkMJDz79gSRWDq7Y9","rect":[306,1035,51,81],"offset":[0,0],"originalSize":[51,81],"capInsets":[0,0,0,0]}},{"__type__":"cc.SpriteFrame","content":{"name":"MyUpPengT4","texture":"9dMyQrkMJDz79gSRWDq7Y9","rect":[473,204,31,46],"offset":[0,0],"originalSize":[31,46],"capInsets":[0,0,0,0]}},{"__type__":"cc.SpriteFrame","content":{"name":"MyOutB7","texture":"9dMyQrkMJDz79gSRWDq7Y9","rect":[341,342,31,46],"offset":[0,0],"originalSize":[31,46],"capInsets":[0,0,0,0]}},{"__type__":"cc.SpriteFrame","content":{"name":"MyUpPengB6","texture":"9dMyQrkMJDz79gSRWDq7Y9","rect":[310,388,31,46],"offset":[0,0],"originalSize":[31,46],"capInsets":[0,0,0,0]}},{"__type__":"cc.SpriteFrame","content":{"name":"rightPengB9","texture":"9dMyQrkMJDz79gSRWDq7Y9","rect":[114,170,38,34],"offset":[0,0],"originalSize":[38,34],"capInsets":[0,0,0,0]}},{"__type__":"cc.SpriteFrame","content":{"name":"rightPengT8","texture":"9dMyQrkMJDz79gSRWDq7Y9","rect":[304,102,38,34],"offset":[0,0],"originalSize":[38,34],"capInsets":[0,0,0,0]}},{"__type__":"cc.SpriteFrame","content":{"name":"MyHoldJ2","texture":"9dMyQrkMJDz79gSRWDq7Y9","rect":[102,1035,51,81],"offset":[0,0],"originalSize":[51,81],"capInsets":[0,0,0,0]}},{"__type__":"cc.SpriteFrame","content":{"name":"MyHoldT6","texture":"9dMyQrkMJDz79gSRWDq7Y9","rect":[102,1197,51,81],"offset":[0,0],"originalSize":[51,81],"capInsets":[0,0,0,0]}},{"__type__":"cc.SpriteFrame","content":{"name":"leftPengF3","texture":"9dMyQrkMJDz79gSRWDq7Y9","rect":[418,0,38,34],"offset":[0,0],"originalSize":[38,34],"capInsets":[0,0,0,0]}},{"__type__":"cc.SpriteFrame","content":{"name":"MyHold_kong","texture":"9dMyQrkMJDz79gSRWDq7Y9","rect":[51,1116,51,81],"offset":[0,0],"originalSize":[51,81],"capInsets":[0,0,0,0]}},{"__type__":"cc.SpriteFrame","content":{"name":"rightPengH6","texture":"9dMyQrkMJDz79gSRWDq7Y9","rect":[38,204,38,34],"offset":[0,0],"originalSize":[38,34],"capInsets":[0,0,0,0]}},{"__type__":"cc.SpriteAtlas","_name":"CFGoldMJ.plist","_spriteFrames":{"MyHold":{"__uuid__":"92UfgAPElM2rNSDO7I0sHK"},"MyHoldB1":{"__uuid__":"fc7XVZ8h1BX6z/m2dhQQRy"},"MyHoldB2":{"__uuid__":"1evEwt+0RBNbcq6HrnBcFh"},"MyHoldB3":{"__uuid__":"5cZxbQ0H9JFKyRWj8yQ7Ed"},"MyHoldB4":{"__uuid__":"9abJ8ewjZMMp5ct2M/oVmX"},"MyHoldB5":{"__uuid__":"bfb1/OPhBIHJNQAYpLnwq/"},"MyHoldB6":{"__uuid__":"6fdIkG84NP2qLc32d5TckD"},"MyHoldB7":{"__uuid__":"c3AmeEdAVP8axhJAJD1SKZ"},"MyHoldB8":{"__uuid__":"894jYx8VRAdKaw/ESnRDWG"},"MyHoldB9":{"__uuid__":"04KowiJCVL+bk4R6M//V/L"},"MyHoldF1":{"__uuid__":"81ZgfEh+pEi6yfOSQH61hy"},"MyHoldF2":{"__uuid__":"18HFU18cpLXLN1M317mThR"},"MyHoldF3":{"__uuid__":"00v7wX7LREGI0iajApXp+H"},"MyHoldF4":{"__uuid__":"8eumlvAL9GHY5b3qwEe7fp"},"MyHoldH1":{"__uuid__":"ac+FU/5N1MeoBONPQdyrtp"},"MyHoldH2":{"__uuid__":"63sv0SLkJCe6S7CwrA9hsX"},"MyHoldH3":{"__uuid__":"b27Zb2ZI5Fr7hfz9ys5Tqo"},"MyHoldH4":{"__uuid__":"814teleVJEXI+hMQvrUANB"},"MyHoldH5":{"__uuid__":"81aLR35RBFFLGr2EGVrgJB"},"MyHoldH6":{"__uuid__":"cc4bLrsTJC8b63mZqhazC9"},"MyHoldH7":{"__uuid__":"adiagRpYdBXrWj+WFhhzJt"},"MyHoldH8":{"__uuid__":"64KQYN+oNI34JBhl1eoXx1"},"MyHoldJ1":{"__uuid__":"3ajYuSdIhCbaDqFJZAlMJ+"},"MyHoldJ2":{"__uuid__":"a1klwMFoFDRbcpBSFMf4Z5"},"MyHoldJ3":{"__uuid__":"854Z268khIbYfxi9Th2l7L"},"MyHoldT1":{"__uuid__":"82SmSsUplN3K1jNj5Jbnz/"},"MyHoldT2":{"__uuid__":"3acJqesW5O66M7xrQBddOU"},"MyHoldT3":{"__uuid__":"5cMMIkVnVARp/P/KTk/Yvr"},"MyHoldT4":{"__uuid__":"13EVBVK1pHAb7t8cCxNd0d"},"MyHoldT5":{"__uuid__":"c8+Uq7WgdPbawKqbuWZEZA"},"MyHoldT6":{"__uuid__":"a21Gt4Ya9DxZuWe5yYqHDG"},"MyHoldT7":{"__uuid__":"13z0K0tk9KrpGNXoGnCLF+"},"MyHoldT8":{"__uuid__":"c5pKKakZ1LAbELlQRydrl5"},"MyHoldT9":{"__uuid__":"4eSHe0bpBEArKPkDN/lGAe"},"MyHoldW1":{"__uuid__":"99y4X4fGlFObaSb2b02pIW"},"MyHoldW2":{"__uuid__":"92mspf0KhE9781JbdQ8Nme"},"MyHoldW3":{"__uuid__":"f32XtWQGlIQ65MakNtWslc"},"MyHoldW4":{"__uuid__":"4330j0enxD6bmE9O0Idqjc"},"MyHoldW5":{"__uuid__":"74P7DBnuRP6qALRv7VRwG8"},"MyHoldW6":{"__uuid__":"d6cIumWYBIWo2mXr1GK70+"},"MyHoldW7":{"__uuid__":"9bQmO11hFMeaLMXQtxUbgo"},"MyHoldW8":{"__uuid__":"8bTxl9WcJMdp3itPcP8+xu"},"MyHoldW9":{"__uuid__":"fdc5Zkj39GiYRyJCS8stu7"},"MyHold_kong":{"__uuid__":"a4Vxl2A+1DHKa1NrY4IbGI"},"MyOutB1":{"__uuid__":"28RRpS049B75Q3GQEvSk2b"},"MyOutB2":{"__uuid__":"44JUF2Ag5JDodif9/J7iwM"},"MyOutB3":{"__uuid__":"b0g7131epDEJ3jIrdHcmy5"},"MyOutB4":{"__uuid__":"d2YDaa7BJJZZhCwA0HDH3b"},"MyOutB5":{"__uuid__":"d5TG33rEBOXL5nBmS2mjFr"},"MyOutB6":{"__uuid__":"72w7yuFj9KD7bfp6/68/Rl"},"MyOutB7":{"__uuid__":"9c57k3nm1K17Gkcu96Nczz"},"MyOutB8":{"__uuid__":"ef8ngc7BpMR62XKlNLWUrD"},"MyOutB9":{"__uuid__":"936FrZ3aJLxKpo7VQsPCv9"},"MyOutF1":{"__uuid__":"15wOc31+ZKyoWXWSSK+NLq"},"MyOutF2":{"__uuid__":"30DswZe0ZC87BY1N9Oun+F"},"MyOutF3":{"__uuid__":"726/kq3LxIJoE+Vs6+xSTL"},"MyOutF4":{"__uuid__":"dbJFglWMNPeZs5SC04JNxg"},"MyOutH1":{"__uuid__":"d3fooH8QxP26QGdqFsiK3N"},"MyOutH2":{"__uuid__":"d5TM6/6htDHKLlNnJVT0Vw"},"MyOutH3":{"__uuid__":"abbg8/RqJJ84VBYpxZyA3X"},"MyOutH4":{"__uuid__":"f3l345Ih1CuLDX5Q40UCwn"},"MyOutH5":{"__uuid__":"03FYjWlDdOK56W4mlfwXeM"},"MyOutH6":{"__uuid__":"35XPxhUDNHjYGTjLnwBSrZ"},"MyOutH7":{"__uuid__":"cdVmT3Fd9Kj6J0mMHoDDov"},"MyOutH8":{"__uuid__":"cdGfQ5LX5C+L2bcotNfsk7"},"MyOutJ1":{"__uuid__":"b6iosQCqRItIlV3SAxvFq7"},"MyOutJ2":{"__uuid__":"2elHZPwFpKxriupSCQf9NC"},"MyOutJ3":{"__uuid__":"98LW6AtrlAmbpdb1pawcBc"},"MyOutT1":{"__uuid__":"d3hPBq7SJA+JzKi5emrFZf"},"MyOutT2":{"__uuid__":"3aDx1BBThBW4y4RHDfiVHd"},"MyOutT3":{"__uuid__":"34FgDvSVpJerw3af5l6IMt"},"MyOutT4":{"__uuid__":"ddvrn0jONIOIaQVwbyayl+"},"MyOutT5":{"__uuid__":"258MuyDUtC6JU/9tO4qvQP"},"MyOutT6":{"__uuid__":"d5AAieYixC3bE6lwztRf80"},"MyOutT7":{"__uuid__":"aeg9Dvyv5Nv4hVfA2siU4X"},"MyOutT8":{"__uuid__":"1fgR8yuIRBtKmLPEtDVwW+"},"MyOutT9":{"__uuid__":"aeY4xtPbNMdZufzFWt5kP1"},"MyOutW1":{"__uuid__":"0a1qj1/BVCBZ6Sk4fx9XXQ"},"MyOutW2":{"__uuid__":"c9vwnKn4tGVKlZVVRcnnkL"},"MyOutW3":{"__uuid__":"edaZXUZtNC3Z4BPM9Ohhv2"},"MyOutW4":{"__uuid__":"fdC6Fh5ExEbqPR4lOktihj"},"MyOutW5":{"__uuid__":"629+BZ6ERHPbuKzMdeBeVb"},"MyOutW6":{"__uuid__":"0fAVH+U9NEuZFsi0K8IaHQ"},"MyOutW7":{"__uuid__":"f91mqqcyNKD4QVsekQ4k1R"},"MyOutW8":{"__uuid__":"73g4yFDnlLD4z82KJN3oWd"},"MyOutW9":{"__uuid__":"f418B74kNFcJzR1+gwFzWO"},"MyOut_bei":{"__uuid__":"6d5pZfWStLv6BfGXT8U7PL"},"MyOut_kong":{"__uuid__":"e3n2yT5PhFwY5kEvEH7RcP"},"MyUpHold":{"__uuid__":"86upG0capDTr0+hqvnE5gN"},"MyUpPengB1":{"__uuid__":"054kmCZtVH1K/yapKvKuFD"},"MyUpPengB2":{"__uuid__":"65oIJXkp5I6ZL2GEFdvvT5"},"MyUpPengB3":{"__uuid__":"a8hF8+qQFHno2xW5uMT3OF"},"MyUpPengB4":{"__uuid__":"91O0RWlTtItbPm0YTP91dI"},"MyUpPengB5":{"__uuid__":"0bddXwmd1I8YQqJDuiA5x+"},"MyUpPengB6":{"__uuid__":"9fMhWRcopO96PCFceU1NAT"},"MyUpPengB7":{"__uuid__":"69TTXGZGdPM67YbHaBxoh5"},"MyUpPengB8":{"__uuid__":"cfiKfO43FJK7Hrk78NLXOd"},"MyUpPengB9":{"__uuid__":"efQlwmgG1LAo+Zbr8xrIh2"},"MyUpPengF1":{"__uuid__":"e7u0MTCFlIEpMVGua1+bAR"},"MyUpPengF2":{"__uuid__":"b6nLa6j+BEUrIJJuMPJKq0"},"MyUpPengF3":{"__uuid__":"c59PzJrHJKOJETKp61sXIm"},"MyUpPengF4":{"__uuid__":"3csoJSYL5O8p49fbGPRyCp"},"MyUpPengH1":{"__uuid__":"878aFY/8JIAJzCtg/9zOR5"},"MyUpPengH2":{"__uuid__":"5aX/fp9U1Cq4d/Ja5w8X9U"},"MyUpPengH3":{"__uuid__":"65LZLk9wdMabP40w+q9bIn"},"MyUpPengH4":{"__uuid__":"95iTxW0BhCZ4jEEXieNihF"},"MyUpPengH5":{"__uuid__":"b7ineLDsdDR44JysuXWDHr"},"MyUpPengH6":{"__uuid__":"8alR9dSCBNhK1PV3oWC6uS"},"MyUpPengH7":{"__uuid__":"a9qqP4ms1M8IzYyOexqhGm"},"MyUpPengH8":{"__uuid__":"c2BqrAFCZFIoTsOt6NdEwm"},"MyUpPengJ1":{"__uuid__":"11b3y+zj9LwISKxhRmsTHB"},"MyUpPengJ2":{"__uuid__":"01UPug2YtOLL3Os5VaSATX"},"MyUpPengJ3":{"__uuid__":"1b7Jb4QFxHH5VHOleYOYtU"},"MyUpPengT1":{"__uuid__":"2bz8NUi1hAyYAAUn9EZ0xW"},"MyUpPengT2":{"__uuid__":"b7bUNIjTNA4Jdh2ajTnRpw"},"MyUpPengT3":{"__uuid__":"calhoL2RRCtq919A2IXBcQ"},"MyUpPengT4":{"__uuid__":"9b1REHzGdOAoMJhTNA8i5T"},"MyUpPengT5":{"__uuid__":"cew35e5xxEbY+EwP8rn0Co"},"MyUpPengT6":{"__uuid__":"c2DDKsgWBCBZmwEgqeu3JN"},"MyUpPengT7":{"__uuid__":"3fEZ5x1+lM8J0N9OkQ4sqB"},"MyUpPengT8":{"__uuid__":"1aEQ4LmJBCx7RW2oKhbEqZ"},"MyUpPengT9":{"__uuid__":"12/UZqf45GFqXO1vvwKtjD"},"MyUpPengW1":{"__uuid__":"f63nsfzPVAAKv/EFSVqQd0"},"MyUpPengW2":{"__uuid__":"f6nygNd/9K6rVHy6fUcFFa"},"MyUpPengW3":{"__uuid__":"72MmiElZlPxJsSlHVGGRof"},"MyUpPengW4":{"__uuid__":"f2fDyco/pE8Jb3KLJNrRp7"},"MyUpPengW5":{"__uuid__":"0dipMWGmxIw7iImIuCVumF"},"MyUpPengW6":{"__uuid__":"7ayGRortVPvr5tHbajDoFr"},"MyUpPengW7":{"__uuid__":"6fyHIsm3hKCZLpxLfLx7PI"},"MyUpPengW8":{"__uuid__":"23rMvKabxIZaS24bf/PNoW"},"MyUpPengW9":{"__uuid__":"c3wEj0K9pIcISCpYCfkASf"},"MyUpPeng_kong":{"__uuid__":"7doQeXOHFOJbnFomA8ctLu"},"MyholdpengB1":{"__uuid__":"36qwQjJeVExonxR/7BazQz"},"MyholdpengB2":{"__uuid__":"12tHn2NrVFEJUN4AgyZqYv"},"MyholdpengB3":{"__uuid__":"3dHNzEDlJEkIZFrtrWdN6X"},"MyholdpengB4":{"__uuid__":"08TfUG7YVBHK+8leBC6jth"},"MyholdpengB5":{"__uuid__":"181XmUrMBIVI7w7pVl96zC"},"MyholdpengB6":{"__uuid__":"75kHDnszBDVqSuwVOURr6w"},"MyholdpengB7":{"__uuid__":"f0QgdJ8pVFKqqzWJ+Hc/q3"},"MyholdpengB8":{"__uuid__":"35NkePeSpE0bTTXsJJJD1d"},"MyholdpengB9":{"__uuid__":"b3XW1QQoRIvZn3UQXziFgK"},"MyholdpengF1":{"__uuid__":"d1OkT2ukdMzpE4n8xG3nej"},"MyholdpengF2":{"__uuid__":"b2llvsQ/RFMoPQy0y2V5XT"},"MyholdpengF3":{"__uuid__":"abocvpyNBI9ahAQgYzXyVb"},"MyholdpengF4":{"__uuid__":"eb/8Az/RZK2oM5ahjDDH47"},"MyholdpengH1":{"__uuid__":"81mIy4KDpPGpcNO3fv0p+R"},"MyholdpengH2":{"__uuid__":"01rkETcfJCU4E6gRJTeBAl"},"MyholdpengH3":{"__uuid__":"cbl5H/ZjtAr42lR/w6US8a"},"MyholdpengH4":{"__uuid__":"64q2M6eUdKpbdmwKfBbnXU"},"MyholdpengH5":{"__uuid__":"55gUcitudD35EfO4Phsqa+"},"MyholdpengH6":{"__uuid__":"e0zRiWmsBAjpQS7hiqIpeR"},"MyholdpengH7":{"__uuid__":"82viegBLBJIJthmyylzydC"},"MyholdpengH8":{"__uuid__":"58y+eOFKxFV7QN7krKh0PL"},"MyholdpengJ1":{"__uuid__":"74y9nFju1KTo1a+Jv7nP4K"},"MyholdpengJ2":{"__uuid__":"d110zHc45DBZ9iz88qHclP"},"MyholdpengJ3":{"__uuid__":"d97jIak4VOX5WfjYWKzNeR"},"MyholdpengT1":{"__uuid__":"22tQIB+DlBdYACRix+jUU/"},"MyholdpengT2":{"__uuid__":"e9NBT7LwpFr5YxjKJ/0Yfa"},"MyholdpengT3":{"__uuid__":"b0LH2XzqFDMaJoq4/4PNpG"},"MyholdpengT4":{"__uuid__":"90+2sv9WdIJbVhfSj7MLez"},"MyholdpengT5":{"__uuid__":"affLxk3DZP2ZiXJaHQlMA9"},"MyholdpengT6":{"__uuid__":"5cIk1CgzRGLZgaorNSQe8u"},"MyholdpengT7":{"__uuid__":"e9cJaAynBNNIDSIHyJ0tFU"},"MyholdpengT8":{"__uuid__":"63AOw7DwZFB7Igf3uECERg"},"MyholdpengT9":{"__uuid__":"38QW4FZ6hKf627/v1vTMtQ"},"MyholdpengW1":{"__uuid__":"fddVI/iZ9NZ6QGFKsnX4SK"},"MyholdpengW2":{"__uuid__":"22/3BQ/MRBybLGt6ir13Su"},"MyholdpengW3":{"__uuid__":"1avaH+47JLIZT51jcMM2lR"},"MyholdpengW4":{"__uuid__":"desjj5Kc1C4od7oRLjy0RC"},"MyholdpengW5":{"__uuid__":"57fuZu3fRKtrg2E+IrdD5o"},"MyholdpengW6":{"__uuid__":"46xrxJiw1Ga7A31b0V4GAV"},"MyholdpengW7":{"__uuid__":"e2QXeSeKZGqLAf4EfMOJYi"},"MyholdpengW8":{"__uuid__":"baSEVLPQ1Clra/pAqBl1+y"},"MyholdpengW9":{"__uuid__":"8dFF7MOiVO/rN2DnJ4DUqr"},"Myholdpeng_bei":{"__uuid__":"7aKNKvnKxJXq3wCfVYkcII"},"Myholdpeng_kong":{"__uuid__":"16iyZxxTFNCLxcJQHpkcEn"},"bao":{"__uuid__":"91NqGH7t9KAoi+KgJTsFiB"},"bao2":{"__uuid__":"e54B5zQ+JGQpCvshCCh9/J"},"leftPengB1":{"__uuid__":"52tyPPCF1D8oMQOZNqCORU"},"leftPengB2":{"__uuid__":"e4m12XsFtE46eXNCZ8AAq6"},"leftPengB3":{"__uuid__":"afgTo9WpVIj4Q/XN19KPgK"},"leftPengB4":{"__uuid__":"c8yyDK8HpA5rgvhYltJlVi"},"leftPengB5":{"__uuid__":"21V1CPO4ZJJam+ubUOgSeo"},"leftPengB6":{"__uuid__":"abNzG7tG5LYJr89bDLD6Ij"},"leftPengB7":{"__uuid__":"6cyDXw+NFN1ryjYsHSHLJW"},"leftPengB8":{"__uuid__":"dbLkvKwIFEGJzv3pmKog5l"},"leftPengB9":{"__uuid__":"e6pEkg7OdKD4RU0F2bhbVN"},"leftPengF1":{"__uuid__":"14EwDRyh5GUZujSbii7Ya5"},"leftPengF2":{"__uuid__":"2fC0ow3JBJTqQnQYj4fOLW"},"leftPengF3":{"__uuid__":"a4MbGheJhCO6ttbnfABe9n"},"leftPengF4":{"__uuid__":"0cFKgLTl5O3p3GWEzbwNy1"},"leftPengH1":{"__uuid__":"c2tmpOPWpK/LT2A7xFuPNV"},"leftPengH2":{"__uuid__":"95QzW+QDVOW5QOFU2VDNrE"},"leftPengH3":{"__uuid__":"d8PSSBMU9CYog4dyT04vWd"},"leftPengH4":{"__uuid__":"6f8DZW/45Cx5P2zCOTYeoe"},"leftPengH5":{"__uuid__":"d7L0cLaeRGLbzBK6Oh9yyA"},"leftPengH6":{"__uuid__":"4anI14lqdMUKvaCwaN9FsU"},"leftPengH7":{"__uuid__":"33Us6y0mZEs6ifIDU0l8vE"},"leftPengH8":{"__uuid__":"e78/9RfptKv4fjPHcfFSFL"},"leftPengJ1":{"__uuid__":"8bEXtyEWtOmpYwlk0pq9CJ"},"leftPengJ2":{"__uuid__":"b4/ru+75FMMbXZYI/fp22T"},"leftPengJ3":{"__uuid__":"94ACw3IXxOobLv5rUDhRaC"},"leftPengT1":{"__uuid__":"1eUjJfLQJCEbxl6Nx7kBt5"},"leftPengT2":{"__uuid__":"e9JTellb9Av5nynaxQHvPB"},"leftPengT3":{"__uuid__":"5f/FKv7y1GoIj5mFcKeamD"},"leftPengT4":{"__uuid__":"ecUhm2SAxDrIlSjRiOCzs5"},"leftPengT5":{"__uuid__":"77ptr5iUFOdIIacTG7niRI"},"leftPengT6":{"__uuid__":"b48dUnrDhIe7scUEZdMQpc"},"leftPengT7":{"__uuid__":"e4pm1ll0lD9IVEYw926ia2"},"leftPengT8":{"__uuid__":"b1Obmay0RHcaAwshn/6UnZ"},"leftPengT9":{"__uuid__":"2eJ+G1XRdC57Y6jwPaSn+H"},"leftPengW1":{"__uuid__":"47JO35/xxM47TMFLMRp1fs"},"leftPengW2":{"__uuid__":"1d3U7V8YpF77u2lklB64V7"},"leftPengW3":{"__uuid__":"4cvS5T1hBPM4yYf0eD5Au0"},"leftPengW4":{"__uuid__":"14IK4VmoZBKqeg0icU7zQ8"},"leftPengW5":{"__uuid__":"16sDkCjapLQrsnCI4uOC4i"},"leftPengW6":{"__uuid__":"a8n/1BSKRI5q5Y1ri+SvQ1"},"leftPengW7":{"__uuid__":"0d+VdIFqBN6ZyiYfspyk1P"},"leftPengW8":{"__uuid__":"48t+IRZMtDx6epQcgMJ3/z"},"leftPengW9":{"__uuid__":"17EegFqTlP6aVKY8TFbt2g"},"leftPeng_bei":{"__uuid__":"40z5qzkClODYTh3hSPU8yv"},"leftPeng_kong":{"__uuid__":"263U9OBGpF0bASJfR+2UXs"},"lefthold":{"__uuid__":"b3Ojz3nZ9IEIdmlcsiaZsD"},"rightPengB1":{"__uuid__":"4f1tOu7iVNRrOSctG7/Ffn"},"rightPengB2":{"__uuid__":"0fCHJSYdBBoJQyJ9beQg4U"},"rightPengB3":{"__uuid__":"37YBQPJVdGyrG+D25Zb9/n"},"rightPengB4":{"__uuid__":"06bLjYlWdI26Bu5lpxs/iq"},"rightPengB5":{"__uuid__":"c2R58EvjhAtqXGFs3VQeVh"},"rightPengB6":{"__uuid__":"e83TN18AlOiI9kgwElMtQR"},"rightPengB7":{"__uuid__":"427qhI+3dHKa59VGBPRvyN"},"rightPengB8":{"__uuid__":"e7ERCcb2VHJbqj9FUlYcpJ"},"rightPengB9":{"__uuid__":"a0/RSD0hxEr5aT+vHZUlTd"},"rightPengF1":{"__uuid__":"0e920w5zdDI6rk5dfTOswg"},"rightPengF2":{"__uuid__":"b7BBqXiuFGg6izJbgwTDio"},"rightPengF3":{"__uuid__":"c9LGRj38JL9bX78cBYV8qG"},"rightPengF4":{"__uuid__":"33sV8S65pJn6Sf5SokDZn4"},"rightPengH1":{"__uuid__":"fdek+4RNtKx6xF4kgqbrCs"},"rightPengH2":{"__uuid__":"6bnn+rD5FEq4npS6qb5a8q"},"rightPengH3":{"__uuid__":"fejF/hWt9GkJYxUk5g5LyV"},"rightPengH4":{"__uuid__":"3aeYln9IdP8rGgrWb9SFIl"},"rightPengH5":{"__uuid__":"a8LIZ1s5pEZbaJQX6OcklE"},"rightPengH6":{"__uuid__":"a4rXJA3xNANaFMiKxRLyd6"},"rightPengH7":{"__uuid__":"acJrLZGedE86IcyVlRwNgK"},"rightPengH8":{"__uuid__":"10zl1E5aRKDJrwmoe8wzaS"},"rightPengJ1":{"__uuid__":"9aZfs13aZLaa3Ji1zCDAvL"},"rightPengJ2":{"__uuid__":"f5XyMdgU5HzYsyrhAfKuaI"},"rightPengJ3":{"__uuid__":"38B2C99CBPg4gfhZ4qZ/D/"},"rightPengT1":{"__uuid__":"08GOzYBGRGWbv2DKhWobQm"},"rightPengT2":{"__uuid__":"24ym90O3xGFab4AjYs5VQG"},"rightPengT3":{"__uuid__":"3argvrpfdMTqXzMFtziGd7"},"rightPengT4":{"__uuid__":"42DidHljtDgIfgtodru2Sq"},"rightPengT5":{"__uuid__":"be8NM5mD9EaZB4nx1EC6lv"},"rightPengT6":{"__uuid__":"aeyIzMjIFN2509uHLCJw84"},"rightPengT7":{"__uuid__":"26NqoCiqVKzLNSJWRt7fHG"},"rightPengT8":{"__uuid__":"a1G0fPGD5FS4u4OOjtJNk4"},"rightPengT9":{"__uuid__":"561CBo8N5Bya2WoTfk6hsK"},"rightPengW1":{"__uuid__":"5fpJn55NZDwLOP31OthQE7"},"rightPengW2":{"__uuid__":"df/zJIhgdEXp1Ou5Uv3OOX"},"rightPengW3":{"__uuid__":"92E+Vuk3xH0b0Nnn19GS7c"},"rightPengW4":{"__uuid__":"19/FrrOzxKHKtjPTW2+glG"},"rightPengW5":{"__uuid__":"22jokBhrlDeaslhuP0/3Bs"},"rightPengW6":{"__uuid__":"81RN1Fiu9D9Jhv2qxnDADu"},"rightPengW7":{"__uuid__":"b7HtUX+OhHNal5MEQxp8gE"},"rightPengW8":{"__uuid__":"784d8fCP9MLYGvxyPSkrp+"},"rightPengW9":{"__uuid__":"288qX2umBJMY3Mc1eGrfTR"},"rightPeng_bei":{"__uuid__":"7fX5XL/FVHRb2yYMPmtOef"},"rightPeng_kong":{"__uuid__":"cc5QIFBTRM04IKPMh1Lc1B"},"righthold":{"__uuid__":"45/PVaBghBR6g+EmboXfbd"}}},{"__type__":"cc.SpriteFrame","content":{"name":"rightPengH5","texture":"9dMyQrkMJDz79gSRWDq7Y9","rect":[0,204,38,34],"offset":[0,0],"originalSize":[38,34],"capInsets":[0,0,0,0]}},{"__type__":"cc.SpriteFrame","content":{"name":"MyUpPengB3","texture":"9dMyQrkMJDz79gSRWDq7Y9","rect":[434,434,31,46],"offset":[0,0],"originalSize":[31,46],"capInsets":[0,0,0,0]}},{"__type__":"cc.SpriteFrame","content":{"name":"leftPengW6","texture":"9dMyQrkMJDz79gSRWDq7Y9","rect":[380,34,38,34],"offset":[0,0],"originalSize":[38,34],"capInsets":[0,0,0,0]}},{"__type__":"cc.SpriteFrame","content":{"name":"MyUpPengH7","texture":"9dMyQrkMJDz79gSRWDq7Y9","rect":[403,388,31,46],"offset":[0,0],"originalSize":[31,46],"capInsets":[0,0,0,0]}},{"__type__":"cc.SpriteFrame","content":{"name":"leftPengB6","texture":"9dMyQrkMJDz79gSRWDq7Y9","rect":[76,34,38,34],"offset":[0,0],"originalSize":[38,34],"capInsets":[0,0,0,0]}},{"__type__":"cc.SpriteFrame","content":{"name":"MyOutH3","texture":"9dMyQrkMJDz79gSRWDq7Y9","rect":[186,342,31,46],"offset":[0,0],"originalSize":[31,46],"capInsets":[0,0,0,0]}},{"__type__":"cc.SpriteFrame","content":{"name":"MyholdpengF3","texture":"9dMyQrkMJDz79gSRWDq7Y9","rect":[306,558,51,78],"offset":[0,0],"originalSize":[51,78],"capInsets":[0,0,0,0]}},{"__type__":"cc.SpriteFrame","content":{"name":"rightPengH7","texture":"9dMyQrkMJDz79gSRWDq7Y9","rect":[152,204,38,34],"offset":[0,0],"originalSize":[38,34],"capInsets":[0,0,0,0]}},{"__type__":"cc.SpriteFrame","content":{"name":"MyHoldH1","texture":"9dMyQrkMJDz79gSRWDq7Y9","rect":[459,792,51,81],"offset":[0,0],"originalSize":[51,81],"capInsets":[0,0,0,0]}},{"__type__":"cc.SpriteFrame","content":{"name":"MyHoldH7","texture":"9dMyQrkMJDz79gSRWDq7Y9","rect":[255,873,51,81],"offset":[0,0],"originalSize":[51,81],"capInsets":[0,0,0,0]}},{"__type__":"cc.SpriteFrame","content":{"name":"MyOutT9","texture":"9dMyQrkMJDz79gSRWDq7Y9","rect":[124,388,31,46],"offset":[0,0],"originalSize":[31,46],"capInsets":[0,0,0,0]}},{"__type__":"cc.SpriteFrame","content":{"name":"MyOutT7","texture":"9dMyQrkMJDz79gSRWDq7Y9","rect":[372,296,31,46],"offset":[0,0],"originalSize":[31,46],"capInsets":[0,0,0,0]}},{"__type__":"cc.SpriteFrame","content":{"name":"rightPengT6","texture":"9dMyQrkMJDz79gSRWDq7Y9","rect":[342,102,38,34],"offset":[0,0],"originalSize":[38,34],"capInsets":[0,0,0,0]}},{"__type__":"cc.SpriteFrame","content":{"name":"MyholdpengT5","texture":"9dMyQrkMJDz79gSRWDq7Y9","rect":[459,714,51,78],"offset":[0,0],"originalSize":[51,78],"capInsets":[0,0,0,0]}},{"__type__":"cc.SpriteFrame","content":{"name":"leftPengB3","texture":"9dMyQrkMJDz79gSRWDq7Y9","rect":[0,34,38,34],"offset":[0,0],"originalSize":[38,34],"capInsets":[0,0,0,0]}},{"__type__":"cc.SpriteFrame","content":{"name":"MyholdpengT3","texture":"9dMyQrkMJDz79gSRWDq7Y9","rect":[0,792,51,78],"offset":[0,0],"originalSize":[51,78],"capInsets":[0,0,0,0]}},{"__type__":"cc.SpriteFrame","content":{"name":"MyOutB3","texture":"9dMyQrkMJDz79gSRWDq7Y9","rect":[310,342,31,46],"offset":[0,0],"originalSize":[31,46],"capInsets":[0,0,0,0]}},{"__type__":"cc.SpriteFrame","content":{"name":"leftPengT8","texture":"9dMyQrkMJDz79gSRWDq7Y9","rect":[114,102,38,34],"offset":[0,0],"originalSize":[38,34],"capInsets":[0,0,0,0]}},{"__type__":"cc.SpriteFrame","content":{"name":"MyholdpengF2","texture":"9dMyQrkMJDz79gSRWDq7Y9","rect":[51,636,51,78],"offset":[0,0],"originalSize":[51,78],"capInsets":[0,0,0,0]}},{"__type__":"cc.SpriteFrame","content":{"name":"MyHoldH3","texture":"9dMyQrkMJDz79gSRWDq7Y9","rect":[51,873,51,81],"offset":[0,0],"originalSize":[51,81],"capInsets":[0,0,0,0]}},{"__type__":"cc.SpriteFrame","content":{"name":"lefthold","texture":"9dMyQrkMJDz79gSRWDq7Y9","rect":[142,480,18,61],"offset":[0,0],"originalSize":[18,61],"capInsets":[0,0,0,0]}},{"__type__":"cc.SpriteFrame","content":{"name":"MyholdpengB9","texture":"9dMyQrkMJDz79gSRWDq7Y9","rect":[255,636,51,78],"offset":[0,0],"originalSize":[51,78],"capInsets":[0,0,0,0]}},{"__type__":"cc.SpriteFrame","content":{"name":"leftPengT6","texture":"9dMyQrkMJDz79gSRWDq7Y9","rect":[0,102,38,34],"offset":[0,0],"originalSize":[38,34],"capInsets":[0,0,0,0]}},{"__type__":"cc.SpriteFrame","content":{"name":"leftPengJ2","texture":"9dMyQrkMJDz79gSRWDq7Y9","rect":[190,0,38,34],"offset":[0,0],"originalSize":[38,34],"capInsets":[0,0,0,0]}},{"__type__":"cc.SpriteFrame","content":{"name":"MyOutJ1","texture":"9dMyQrkMJDz79gSRWDq7Y9","rect":[124,296,31,46],"offset":[0,0],"originalSize":[31,46],"capInsets":[0,0,0,0]}},{"__type__":"cc.SpriteFrame","content":{"name":"MyUpPengF2","texture":"9dMyQrkMJDz79gSRWDq7Y9","rect":[155,388,31,46],"offset":[0,0],"originalSize":[31,46],"capInsets":[0,0,0,0]}},{"__type__":"cc.SpriteFrame","content":{"name":"rightPengF2","texture":"9dMyQrkMJDz79gSRWDq7Y9","rect":[152,170,38,34],"offset":[0,0],"originalSize":[38,34],"capInsets":[0,0,0,0]}},{"__type__":"cc.SpriteFrame","content":{"name":"rightPengW7","texture":"9dMyQrkMJDz79gSRWDq7Y9","rect":[380,136,38,34],"offset":[0,0],"originalSize":[38,34],"capInsets":[0,0,0,0]}},{"__type__":"cc.SpriteFrame","content":{"name":"MyUpPengT2","texture":"9dMyQrkMJDz79gSRWDq7Y9","rect":[124,250,31,46],"offset":[0,0],"originalSize":[31,46],"capInsets":[0,0,0,0]}},{"__type__":"cc.SpriteFrame","content":{"name":"MyUpPengH5","texture":"9dMyQrkMJDz79gSRWDq7Y9","rect":[0,434,31,46],"offset":[0,0],"originalSize":[31,46],"capInsets":[0,0,0,0]}},{"__type__":"cc.SpriteFrame","content":{"name":"MyholdpengW8","texture":"9dMyQrkMJDz79gSRWDq7Y9","rect":[153,714,51,78],"offset":[0,0],"originalSize":[51,78],"capInsets":[0,0,0,0]}},{"__type__":"cc.SpriteFrame","content":{"name":"rightPengT5","texture":"9dMyQrkMJDz79gSRWDq7Y9","rect":[418,102,38,34],"offset":[0,0],"originalSize":[38,34],"capInsets":[0,0,0,0]}},{"__type__":"cc.SpriteFrame","content":{"name":"MyHoldB5","texture":"9dMyQrkMJDz79gSRWDq7Y9","rect":[204,954,51,81],"offset":[0,0],"originalSize":[51,81],"capInsets":[0,0,0,0]}},{"__type__":"cc.SpriteFrame","content":{"name":"MyUpPengH8","texture":"9dMyQrkMJDz79gSRWDq7Y9","rect":[155,296,31,46],"offset":[0,0],"originalSize":[31,46],"capInsets":[0,0,0,0]}},{"__type__":"cc.SpriteFrame","content":{"name":"MyUpPengT6","texture":"9dMyQrkMJDz79gSRWDq7Y9","rect":[411,204,31,46],"offset":[0,0],"originalSize":[31,46],"capInsets":[0,0,0,0]}},{"__type__":"cc.SpriteFrame","content":{"name":"rightPengB5","texture":"9dMyQrkMJDz79gSRWDq7Y9","rect":[418,170,38,34],"offset":[0,0],"originalSize":[38,34],"capInsets":[0,0,0,0]}},{"__type__":"cc.SpriteFrame","content":{"name":"leftPengH1","texture":"9dMyQrkMJDz79gSRWDq7Y9","rect":[380,0,38,34],"offset":[0,0],"originalSize":[38,34],"capInsets":[0,0,0,0]}},{"__type__":"cc.SpriteFrame","content":{"name":"MyHoldB7","texture":"9dMyQrkMJDz79gSRWDq7Y9","rect":[408,873,51,81],"offset":[0,0],"originalSize":[51,81],"capInsets":[0,0,0,0]}},{"__type__":"cc.SpriteFrame","content":{"name":"MyUpPengW9","texture":"9dMyQrkMJDz79gSRWDq7Y9","rect":[341,250,31,46],"offset":[0,0],"originalSize":[31,46],"capInsets":[0,0,0,0]}},{"__type__":"cc.SpriteFrame","content":{"name":"MyHoldT8","texture":"9dMyQrkMJDz79gSRWDq7Y9","rect":[51,1197,51,81],"offset":[0,0],"originalSize":[51,81],"capInsets":[0,0,0,0]}},{"__type__":"cc.SpriteFrame","content":{"name":"MyUpPengF3","texture":"9dMyQrkMJDz79gSRWDq7Y9","rect":[372,388,31,46],"offset":[0,0],"originalSize":[31,46],"capInsets":[0,0,0,0]}},{"__type__":"cc.SpriteFrame","content":{"name":"leftPengB4","texture":"9dMyQrkMJDz79gSRWDq7Y9","rect":[38,34,38,34],"offset":[0,0],"originalSize":[38,34],"capInsets":[0,0,0,0]}},{"__type__":"cc.SpriteFrame","content":{"name":"MyHoldT5","texture":"9dMyQrkMJDz79gSRWDq7Y9","rect":[0,1197,51,81],"offset":[0,0],"originalSize":[51,81],"capInsets":[0,0,0,0]}},{"__type__":"cc.SpriteFrame","content":{"name":"rightPengF3","texture":"9dMyQrkMJDz79gSRWDq7Y9","rect":[76,170,38,34],"offset":[0,0],"originalSize":[38,34],"capInsets":[0,0,0,0]}},{"__type__":"cc.SpriteFrame","content":{"name":"MyOutW2","texture":"9dMyQrkMJDz79gSRWDq7Y9","rect":[341,434,31,46],"offset":[0,0],"originalSize":[31,46],"capInsets":[0,0,0,0]}},{"__type__":"cc.SpriteFrame","content":{"name":"MyUpPengT3","texture":"9dMyQrkMJDz79gSRWDq7Y9","rect":[62,250,31,46],"offset":[0,0],"originalSize":[31,46],"capInsets":[0,0,0,0]}},{"__type__":"cc.SpriteFrame","content":{"name":"MyholdpengH3","texture":"9dMyQrkMJDz79gSRWDq7Y9","rect":[364,480,51,78],"offset":[0,0],"originalSize":[51,78],"capInsets":[0,0,0,0]}},{"__type__":"cc.SpriteFrame","content":{"name":"MyHoldH6","texture":"9dMyQrkMJDz79gSRWDq7Y9","rect":[357,873,51,81],"offset":[0,0],"originalSize":[51,81],"capInsets":[0,0,0,0]}},{"__type__":"cc.SpriteFrame","content":{"name":"rightPeng_kong","texture":"9dMyQrkMJDz79gSRWDq7Y9","rect":[266,136,38,34],"offset":[0,0],"originalSize":[38,34],"capInsets":[0,0,0,0]}},{"__type__":"cc.SpriteFrame","content":{"name":"MyOutH8","texture":"9dMyQrkMJDz79gSRWDq7Y9","rect":[186,296,31,46],"offset":[0,0],"originalSize":[31,46],"capInsets":[0,0,0,0]}},{"__type__":"cc.SpriteFrame","content":{"name":"MyOutH7","texture":"9dMyQrkMJDz79gSRWDq7Y9","rect":[279,296,31,46],"offset":[0,0],"originalSize":[31,46],"capInsets":[0,0,0,0]}},{"__type__":"cc.SpriteFrame","content":{"name":"MyUpPengT5","texture":"9dMyQrkMJDz79gSRWDq7Y9","rect":[380,204,31,46],"offset":[0,0],"originalSize":[31,46],"capInsets":[0,0,0,0]}},{"__type__":"cc.SpriteFrame","content":{"name":"MyUpPengB8","texture":"9dMyQrkMJDz79gSRWDq7Y9","rect":[341,388,31,46],"offset":[0,0],"originalSize":[31,46],"capInsets":[0,0,0,0]}},{"__type__":"cc.SpriteFrame","content":{"name":"MyholdpengF1","texture":"9dMyQrkMJDz79gSRWDq7Y9","rect":[153,636,51,78],"offset":[0,0],"originalSize":[51,78],"capInsets":[0,0,0,0]}},{"__type__":"cc.SpriteFrame","content":{"name":"MyholdpengJ2","texture":"9dMyQrkMJDz79gSRWDq7Y9","rect":[0,558,51,78],"offset":[0,0],"originalSize":[51,78],"capInsets":[0,0,0,0]}},{"__type__":"cc.SpriteFrame","content":{"name":"MyOutB4","texture":"9dMyQrkMJDz79gSRWDq7Y9","rect":[217,342,31,46],"offset":[0,0],"originalSize":[31,46],"capInsets":[0,0,0,0]}},{"__type__":"cc.SpriteFrame","content":{"name":"MyOutH1","texture":"9dMyQrkMJDz79gSRWDq7Y9","rect":[403,342,31,46],"offset":[0,0],"originalSize":[31,46],"capInsets":[0,0,0,0]}},{"__type__":"cc.SpriteFrame","content":{"name":"MyOutT1","texture":"9dMyQrkMJDz79gSRWDq7Y9","rect":[403,296,31,46],"offset":[0,0],"originalSize":[31,46],"capInsets":[0,0,0,0]}},{"__type__":"cc.SpriteFrame","content":{"name":"MyOutT6","texture":"9dMyQrkMJDz79gSRWDq7Y9","rect":[434,296,31,46],"offset":[0,0],"originalSize":[31,46],"capInsets":[0,0,0,0]}},{"__type__":"cc.SpriteFrame","content":{"name":"MyOutB5","texture":"9dMyQrkMJDz79gSRWDq7Y9","rect":[155,342,31,46],"offset":[0,0],"originalSize":[31,46],"capInsets":[0,0,0,0]}},{"__type__":"cc.SpriteFrame","content":{"name":"MyOutH2","texture":"9dMyQrkMJDz79gSRWDq7Y9","rect":[372,342,31,46],"offset":[0,0],"originalSize":[31,46],"capInsets":[0,0,0,0]}},{"__type__":"cc.SpriteFrame","content":{"name":"MyHoldW6","texture":"9dMyQrkMJDz79gSRWDq7Y9","rect":[51,1035,51,81],"offset":[0,0],"originalSize":[51,81],"capInsets":[0,0,0,0]}},{"__type__":"cc.SpriteFrame","content":{"name":"leftPengH5","texture":"9dMyQrkMJDz79gSRWDq7Y9","rect":[152,0,38,34],"offset":[0,0],"originalSize":[38,34],"capInsets":[0,0,0,0]}},{"__type__":"cc.SpriteFrame","content":{"name":"leftPengH3","texture":"9dMyQrkMJDz79gSRWDq7Y9","rect":[114,0,38,34],"offset":[0,0],"originalSize":[38,34],"capInsets":[0,0,0,0]}},{"__type__":"cc.SpriteFrame","content":{"name":"MyholdpengJ3","texture":"9dMyQrkMJDz79gSRWDq7Y9","rect":[211,480,51,78],"offset":[0,0],"originalSize":[51,78],"capInsets":[0,0,0,0]}},{"__type__":"cc.SpriteFrame","content":{"name":"MyOutF4","texture":"9dMyQrkMJDz79gSRWDq7Y9","rect":[465,342,31,46],"offset":[0,0],"originalSize":[31,46],"capInsets":[0,0,0,0]}},{"__type__":"cc.SpriteFrame","content":{"name":"leftPengB8","texture":"9dMyQrkMJDz79gSRWDq7Y9","rect":[228,34,38,34],"offset":[0,0],"originalSize":[38,34],"capInsets":[0,0,0,0]}},{"__type__":"cc.SpriteFrame","content":{"name":"MyOutT4","texture":"9dMyQrkMJDz79gSRWDq7Y9","rect":[31,342,31,46],"offset":[0,0],"originalSize":[31,46],"capInsets":[0,0,0,0]}},{"__type__":"cc.SpriteFrame","content":{"name":"MyholdpengW4","texture":"9dMyQrkMJDz79gSRWDq7Y9","rect":[459,636,51,78],"offset":[0,0],"originalSize":[51,78],"capInsets":[0,0,0,0]}},{"__type__":"cc.SpriteFrame","content":{"name":"rightPengW2","texture":"9dMyQrkMJDz79gSRWDq7Y9","rect":[38,170,38,34],"offset":[0,0],"originalSize":[38,34],"capInsets":[0,0,0,0]}},{"__type__":"cc.SpriteFrame","content":{"name":"MyholdpengH6","texture":"9dMyQrkMJDz79gSRWDq7Y9","rect":[51,558,51,78],"offset":[0,0],"originalSize":[51,78],"capInsets":[0,0,0,0]}},{"__type__":"cc.SpriteFrame","content":{"name":"MyholdpengW7","texture":"9dMyQrkMJDz79gSRWDq7Y9","rect":[51,714,51,78],"offset":[0,0],"originalSize":[51,78],"capInsets":[0,0,0,0]}},{"__type__":"cc.SpriteFrame","content":{"name":"MyOut_kong","texture":"9dMyQrkMJDz79gSRWDq7Y9","rect":[93,480,31,46],"offset":[0,0],"originalSize":[31,46],"capInsets":[0,0,0,0]}},{"__type__":"cc.SpriteFrame","content":{"name":"leftPengB2","texture":"9dMyQrkMJDz79gSRWDq7Y9","rect":[0,0,38,34],"offset":[0,0],"originalSize":[38,34],"capInsets":[0,0,0,0]}},{"__type__":"cc.SpriteFrame","content":{"name":"leftPengT7","texture":"9dMyQrkMJDz79gSRWDq7Y9","rect":[76,102,38,34],"offset":[0,0],"originalSize":[38,34],"capInsets":[0,0,0,0]}},{"__type__":"cc.SpriteFrame","content":{"name":"bao2","texture":"9dMyQrkMJDz79gSRWDq7Y9","rect":[459,1035,51,81],"offset":[0,0],"originalSize":[51,81],"capInsets":[0,0,0,0]}},{"__type__":"cc.SpriteFrame","content":{"name":"leftPengB9","texture":"9dMyQrkMJDz79gSRWDq7Y9","rect":[266,34,38,34],"offset":[0,0],"originalSize":[38,34],"capInsets":[0,0,0,0]}},{"__type__":"cc.SpriteFrame","content":{"name":"rightPengB8","texture":"9dMyQrkMJDz79gSRWDq7Y9","rect":[228,170,38,34],"offset":[0,0],"originalSize":[38,34],"capInsets":[0,0,0,0]}},{"__type__":"cc.SpriteFrame","content":{"name":"MyUpPengF1","texture":"9dMyQrkMJDz79gSRWDq7Y9","rect":[186,388,31,46],"offset":[0,0],"originalSize":[31,46],"capInsets":[0,0,0,0]}},{"__type__":"cc.SpriteFrame","content":{"name":"leftPengH8","texture":"9dMyQrkMJDz79gSRWDq7Y9","rect":[342,0,38,34],"offset":[0,0],"originalSize":[38,34],"capInsets":[0,0,0,0]}},{"__type__":"cc.SpriteFrame","content":{"name":"rightPengB6","texture":"9dMyQrkMJDz79gSRWDq7Y9","rect":[380,170,38,34],"offset":[0,0],"originalSize":[38,34],"capInsets":[0,0,0,0]}},{"__type__":"cc.SpriteFrame","content":{"name":"leftPengT2","texture":"9dMyQrkMJDz79gSRWDq7Y9","rect":[342,68,38,34],"offset":[0,0],"originalSize":[38,34],"capInsets":[0,0,0,0]}},{"__type__":"cc.SpriteFrame","content":{"name":"MyholdpengT2","texture":"9dMyQrkMJDz79gSRWDq7Y9","rect":[102,792,51,78],"offset":[0,0],"originalSize":[51,78],"capInsets":[0,0,0,0]}},{"__type__":"cc.SpriteFrame","content":{"name":"MyholdpengT7","texture":"9dMyQrkMJDz79gSRWDq7Y9","rect":[255,792,51,78],"offset":[0,0],"originalSize":[51,78],"capInsets":[0,0,0,0]}},{"__type__":"cc.SpriteFrame","content":{"name":"MyholdpengF4","texture":"9dMyQrkMJDz79gSRWDq7Y9","rect":[306,636,51,78],"offset":[0,0],"originalSize":[51,78],"capInsets":[0,0,0,0]}},{"__type__":"cc.SpriteFrame","content":{"name":"leftPengT4","texture":"9dMyQrkMJDz79gSRWDq7Y9","rect":[304,68,38,34],"offset":[0,0],"originalSize":[38,34],"capInsets":[0,0,0,0]}},{"__type__":"cc.SpriteFrame","content":{"name":"MyOutW3","texture":"9dMyQrkMJDz79gSRWDq7Y9","rect":[310,434,31,46],"offset":[0,0],"originalSize":[31,46],"capInsets":[0,0,0,0]}},{"__type__":"cc.SpriteFrame","content":{"name":"MyUpPengB9","texture":"9dMyQrkMJDz79gSRWDq7Y9","rect":[248,388,31,46],"offset":[0,0],"originalSize":[31,46],"capInsets":[0,0,0,0]}},{"__type__":"cc.SpriteFrame","content":{"name":"MyOutB8","texture":"9dMyQrkMJDz79gSRWDq7Y9","rect":[434,342,31,46],"offset":[0,0],"originalSize":[31,46],"capInsets":[0,0,0,0]}},{"__type__":"cc.SpriteFrame","content":{"name":"MyholdpengB7","texture":"9dMyQrkMJDz79gSRWDq7Y9","rect":[102,636,51,78],"offset":[0,0],"originalSize":[51,78],"capInsets":[0,0,0,0]}},{"__type__":"cc.SpriteFrame","content":{"name":"MyUpPengW4","texture":"9dMyQrkMJDz79gSRWDq7Y9","rect":[186,250,31,46],"offset":[0,0],"originalSize":[31,46],"capInsets":[0,0,0,0]}},{"__type__":"cc.SpriteFrame","content":{"name":"MyOutH4","texture":"9dMyQrkMJDz79gSRWDq7Y9","rect":[93,342,31,46],"offset":[0,0],"originalSize":[31,46],"capInsets":[0,0,0,0]}},{"__type__":"cc.SpriteFrame","content":{"name":"MyHoldW3","texture":"9dMyQrkMJDz79gSRWDq7Y9","rect":[204,1035,51,81],"offset":[0,0],"originalSize":[51,81],"capInsets":[0,0,0,0]}},{"__type__":"cc.SpriteFrame","content":{"name":"MyOutW9","texture":"9dMyQrkMJDz79gSRWDq7Y9","rect":[31,480,31,46],"offset":[0,0],"originalSize":[31,46],"capInsets":[0,0,0,0]}},{"__type__":"cc.SpriteFrame","content":{"name":"rightPengJ2","texture":"9dMyQrkMJDz79gSRWDq7Y9","rect":[456,170,38,34],"offset":[0,0],"originalSize":[38,34],"capInsets":[0,0,0,0]}},{"__type__":"cc.SpriteFrame","content":{"name":"MyUpPengW2","texture":"9dMyQrkMJDz79gSRWDq7Y9","rect":[465,250,31,46],"offset":[0,0],"originalSize":[31,46],"capInsets":[0,0,0,0]}},{"__type__":"cc.SpriteFrame","content":{"name":"MyUpPengW1","texture":"9dMyQrkMJDz79gSRWDq7Y9","rect":[403,250,31,46],"offset":[0,0],"originalSize":[31,46],"capInsets":[0,0,0,0]}},{"__type__":"cc.SpriteFrame","content":{"name":"MyOutW7","texture":"9dMyQrkMJDz79gSRWDq7Y9","rect":[186,434,31,46],"offset":[0,0],"originalSize":[31,46],"capInsets":[0,0,0,0]}},{"__type__":"cc.SpriteFrame","content":{"name":"MyHoldB1","texture":"9dMyQrkMJDz79gSRWDq7Y9","rect":[102,954,51,81],"offset":[0,0],"originalSize":[51,81],"capInsets":[0,0,0,0]}},{"__type__":"cc.SpriteFrame","content":{"name":"MyOutW4","texture":"9dMyQrkMJDz79gSRWDq7Y9","rect":[372,434,31,46],"offset":[0,0],"originalSize":[31,46],"capInsets":[0,0,0,0]}},{"__type__":"cc.SpriteFrame","content":{"name":"MyHoldW9","texture":"9dMyQrkMJDz79gSRWDq7Y9","rect":[0,1116,51,81],"offset":[0,0],"originalSize":[51,81],"capInsets":[0,0,0,0]}},{"__type__":"cc.SpriteFrame","content":{"name":"MyholdpengW1","texture":"9dMyQrkMJDz79gSRWDq7Y9","rect":[204,792,51,78],"offset":[0,0],"originalSize":[51,78],"capInsets":[0,0,0,0]}},{"__type__":"cc.SpriteFrame","content":{"name":"rightPengH1","texture":"9dMyQrkMJDz79gSRWDq7Y9","rect":[228,204,38,34],"offset":[0,0],"originalSize":[38,34],"capInsets":[0,0,0,0]}},{"__type__":"cc.SpriteFrame","content":{"name":"rightPengH3","texture":"9dMyQrkMJDz79gSRWDq7Y9","rect":[342,204,38,34],"offset":[0,0],"originalSize":[38,34],"capInsets":[0,0,0,0]}}]