[{"__type__":"cc.SpriteFrame","content":{"name":"jiage_0","texture":"807FcrN8FNOZubezmnUA0G","rect":[0,0,217,30],"offset":[0,0],"originalSize":[217,30],"capInsets":[0,0,0,0]}},{"__type__":"cc.BitmapFont","_name":"jiage","spriteFrame":{"__uuid__":"92jbHS7QxAT407oxpzHAWX"},"fontSize":32,"_fntConfig":{"commonHeight":32,"fontSize":32,"atlasName":"jiage_0.png","fontDefDictionary":{"48":{"rect":{"x":52,"y":0,"width":20,"height":30},"xOffset":0,"yOffset":0,"xAdvance":20},"49":{"rect":{"x":204,"y":0,"width":13,"height":30},"xOffset":0,"yOffset":0,"xAdvance":13},"50":{"rect":{"x":72,"y":0,"width":19,"height":30},"xOffset":0,"yOffset":0,"xAdvance":19},"51":{"rect":{"x":91,"y":0,"width":19,"height":30},"xOffset":0,"yOffset":0,"xAdvance":19},"52":{"rect":{"x":31,"y":0,"width":21,"height":30},"xOffset":0,"yOffset":0,"xAdvance":21},"53":{"rect":{"x":186,"y":0,"width":18,"height":30},"xOffset":0,"yOffset":0,"xAdvance":18},"54":{"rect":{"x":110,"y":0,"width":19,"height":30},"xOffset":0,"yOffset":0,"xAdvance":19},"55":{"rect":{"x":129,"y":0,"width":19,"height":30},"xOffset":0,"yOffset":0,"xAdvance":19},"56":{"rect":{"x":148,"y":0,"width":19,"height":30},"xOffset":0,"yOffset":0,"xAdvance":19},"57":{"rect":{"x":167,"y":0,"width":19,"height":30},"xOffset":0,"yOffset":0,"xAdvance":19},"86":{"rect":{"x":0,"y":0,"width":31,"height":30},"xOffset":0,"yOffset":0,"xAdvance":31}},"kerningDict":{}}}]