[{"__type__":"cc.SpriteFrame","content":{"name":"tipbg","texture":"548tmNxgtC97AZSJaOJpMX","rect":[0,0,457,118],"offset":[0,0],"originalSize":[457,118],"capInsets":[183,0,175,0]}},[{"__type__":"cc.Prefab","_name":"promptText","data":{"__id__":1}},{"__type__":"cc.Node","_name":"promptText","_children":[{"__id__":2}],"_level":1,"_components":[{"__id__":4},{"__type__":"a065f0rrLZPPqdEuauews2P","node":{"__id__":1},"labelText":{"__id__":3},"pTextBg":{"__id__":4}}],"_prefab":{"__type__":"cc.PrefabInfo","root":{"__id__":1},"asset":{"__id__":0},"fileId":"baP76EdStFnqG2MjI7m2Zd"},"_contentSize":{"__type__":"cc.Size","width":783,"height":118},"_position":{"__type__":"cc.Vec3","x":634,"y":316},"_scale":{"__type__":"cc.Vec3","x":1,"y":1,"z":1}},{"__type__":"cc.Node","_name":"label","_parent":{"__id__":1},"_level":2,"_components":[{"__id__":3}],"_prefab":{"__type__":"cc.PrefabInfo","root":{"__id__":1},"asset":{"__id__":0},"fileId":"68oCcHw7dFI67+CXBvskYr"},"_contentSize":{"__type__":"cc.Size","width":360,"height":40},"_scale":{"__type__":"cc.Vec3","x":1,"y":1,"z":1}},{"__type__":"cc.Label","node":{"__id__":2},"_srcBlendFactor":1,"_useOriginalSize":false,"_string":"这里是一个提示文字","_N$string":"这里是一个提示文字","_N$horizontalAlign":1,"_N$verticalAlign":1},{"__type__":"cc.Sprite","node":{"__id__":1},"_spriteFrame":{"__uuid__":"26rn23wjpK4ZYE4OB6rhvc"},"_sizeMode":0}]]