{"__type__":"dragonBones.DragonBonesAtlasAsset","_name":"xymjdh_chi_tex","_atlasJson":"{\"width\":542,\"imagePath\":\"xymjdh_chi_tex.png\",\"height\":502,\"name\":\"xymjdh_chi\",\"SubTexture\":[{\"frameHeight\":132,\"y\":375,\"frameX\":-2,\"width\":120,\"frameY\":-4,\"height\":125,\"name\":\"ting_m2\",\"frameWidth\":125,\"x\":1},{\"frameHeight\":132,\"y\":375,\"frameX\":-3,\"width\":119,\"frameY\":-4,\"height\":125,\"name\":\"ting_m3\",\"frameWidth\":125,\"x\":123},{\"frameHeight\":132,\"y\":375,\"frameX\":-4,\"width\":115,\"frameY\":-4,\"height\":120,\"name\":\"ting_m1\",\"frameWidth\":125,\"x\":369},{\"width\":355,\"y\":1,\"height\":372,\"name\":\"chi_jug\",\"x\":1},{\"width\":123,\"y\":375,\"height\":118,\"name\":\"chi_gz\",\"x\":244},{\"width\":182,\"y\":1,\"height\":155,\"name\":\"chi_huangg\",\"x\":358}]}","_texture":{"__uuid__":"795JQJsllB/qiMWyqif6KF"},"texture":{"__uuid__":"795JQJsllB/qiMWyqif6KF"}}