{"__type__":"cc.AnimationClip","_name":"indicator_self","_duration":1,"wrapMode":"22","curveData":{"paths":{"ccmjdh_vipindicator_self_0":{"props":{"active":[{"frame":0,"value":true},{"frame":1,"value":true}],"opacity":[{"frame":0,"value":0},{"frame":1,"value":255}]}},"ccmjdh_vipindicator_left_3":{"props":{"active":[{"frame":0,"value":false}]}},"ccmjdh_vipindicator _right_1":{"props":{"active":[{"frame":0,"value":false}]}},"ccmjdh_vipindicator _up_2":{"props":{"active":[{"frame":0,"value":false}]}}}}}