[{"__type__":"cc.SpriteFrame","content":{"name":"fnt_0","texture":"9cMXGFHiRNEZYqfIP91g2N","rect":[0,0,304,39],"offset":[0,0],"originalSize":[304,39],"capInsets":[0,0,0,0]}},{"__type__":"cc.BitmapFont","_name":"fnt","spriteFrame":{"__uuid__":"abD+Wpbk1CAazF+PqmSRZ/"},"fontSize":32,"_fntConfig":{"commonHeight":32,"fontSize":32,"atlasName":"fnt_0.png","fontDefDictionary":{"45":{"rect":{"x":284,"y":0,"width":20,"height":38},"xOffset":0,"yOffset":0,"xAdvance":20},"48":{"rect":{"x":0,"y":0,"width":29,"height":39},"xOffset":0,"yOffset":0,"xAdvance":29},"49":{"rect":{"x":261,"y":0,"width":23,"height":38},"xOffset":0,"yOffset":0,"xAdvance":23},"50":{"rect":{"x":29,"y":0,"width":29,"height":39},"xOffset":0,"yOffset":0,"xAdvance":29},"51":{"rect":{"x":58,"y":0,"width":29,"height":39},"xOffset":0,"yOffset":0,"xAdvance":29},"52":{"rect":{"x":174,"y":0,"width":30,"height":38},"xOffset":0,"yOffset":0,"xAdvance":30},"53":{"rect":{"x":233,"y":0,"width":28,"height":38},"xOffset":0,"yOffset":0,"xAdvance":28},"54":{"rect":{"x":87,"y":0,"width":29,"height":39},"xOffset":0,"yOffset":0,"xAdvance":29},"55":{"rect":{"x":204,"y":0,"width":29,"height":38},"xOffset":0,"yOffset":0,"xAdvance":29},"56":{"rect":{"x":116,"y":0,"width":29,"height":39},"xOffset":0,"yOffset":0,"xAdvance":29},"57":{"rect":{"x":145,"y":0,"width":29,"height":39},"xOffset":0,"yOffset":0,"xAdvance":29}},"kerningDict":{}}}]