[{"__type__":"cc.SpriteFrame","content":{"name":"ccmjdh_vipindicator (5)","texture":"c8VM5wZ35GVZMDn9hrYXIQ","rect":[344,0,84,84],"offset":[0,0],"originalSize":[84,84],"capInsets":[0,0,0,0]}},{"__type__":"cc.SpriteFrame","content":{"name":"ccmjdh_vipindicator (2)","texture":"c8VM5wZ35GVZMDn9hrYXIQ","rect":[258,0,84,84],"offset":[0,0],"originalSize":[84,84],"capInsets":[0,0,0,0]}},{"__type__":"cc.SpriteFrame","content":{"name":"ccmjdh_vipindicator (3)","texture":"c8VM5wZ35GVZMDn9hrYXIQ","rect":[172,0,84,84],"offset":[0,0],"originalSize":[84,84],"capInsets":[0,0,0,0]}},{"__type__":"cc.SpriteAtlas","_name":"xymjdh_vipindicator0.plist","_spriteFrames":{"ccmjdh_vipindicator (6)":{"__uuid__":"d56AcxwM1IS78p9IGnKvkY"},"ccmjdh_vipindicator (4)":{"__uuid__":"bcj+lJ5jBEXr2B8G/3oGfi"},"ccmjdh_vipindicator (3)":{"__uuid__":"5c8GG7IUpOeZ6o13cYOt9g"},"ccmjdh_vipindicator (2)":{"__uuid__":"4duuUsfixCc5wtLPWuztkm"},"ccmjdh_vipindicator (5)":{"__uuid__":"3djk4RUrhCu6KC5W9XatpH"}}},{"__type__":"cc.SpriteFrame","content":{"name":"ccmjdh_vipindicator (4)","texture":"c8VM5wZ35GVZMDn9hrYXIQ","rect":[86,0,84,84],"offset":[0,0],"originalSize":[84,84],"capInsets":[0,0,0,0]}},{"__type__":"cc.SpriteFrame","content":{"name":"ccmjdh_vipindicator (6)","texture":"c8VM5wZ35GVZMDn9hrYXIQ","rect":[0,0,84,84],"offset":[0,0],"originalSize":[84,84],"capInsets":[0,0,0,0]}}]