{"__type__":"dragonBones.DragonBonesAsset","_name":"xymjdh_hu_ske","_dragonBonesJson":"{\"frameRate\":60,\"isGlobal\":0,\"armature\":[{\"bone\":[{\"name\":\"root\",\"transform\":{}},{\"inheritScale\":false,\"transform\":{},\"name\":\"hu\",\"parent\":\"root\"},{\"inheritScale\":false,\"transform\":{\"y\":-8.6733,\"x\":-1.5},\"name\":\"fen\",\"parent\":\"root\"},{\"inheritScale\":false,\"transform\":{},\"name\":\"Layer6\",\"parent\":\"root\"},{\"inheritScale\":false,\"transform\":{},\"name\":\"hu_Copy9\",\"parent\":\"root\"},{\"inheritScale\":false,\"transform\":{},\"name\":\"huang\",\"parent\":\"root\"}],\"type\":\"Armature\",\"ik\":[],\"animation\":[{\"ik\":[],\"bone\":[{\"rotateFrame\":[{\"tweenEasing\":0,\"duration\":16},{\"tweenEasing\":0,\"duration\":4},{\"tweenEasing\":0,\"duration\":4},{\"tweenEasing\":0,\"duration\":9},{\"tweenEasing\":0,\"duration\":48},{\"duration\":2}],\"scaleFrame\":[{\"tweenEasing\":0,\"duration\":16},{\"tweenEasing\":0,\"duration\":4},{\"y\":1.2,\"tweenEasing\":0,\"duration\":4,\"x\":1.2},{\"y\":1.8,\"tweenEasing\":0,\"duration\":9,\"x\":1.8},{\"y\":3.5,\"tweenEasing\":0,\"duration\":48,\"x\":3.5},{\"y\":3.5,\"duration\":2,\"x\":3.5}],\"name\":\"huang\",\"translateFrame\":[{\"tweenEasing\":0,\"duration\":16},{\"y\":-7,\"tweenEasing\":0,\"duration\":4,\"x\":-5},{\"y\":-7,\"tweenEasing\":0,\"duration\":4,\"x\":-5},{\"y\":-7,\"tweenEasing\":0,\"duration\":9,\"x\":-5},{\"y\":-7,\"tweenEasing\":0,\"duration\":48,\"x\":-5},{\"y\":-7,\"duration\":2,\"x\":-5}]},{\"rotateFrame\":[{\"tweenEasing\":0,\"duration\":26},{\"tweenEasing\":0,\"duration\":9},{\"tweenEasing\":0,\"duration\":48},{\"duration\":0}],\"scaleFrame\":[{\"tweenEasing\":0,\"duration\":26},{\"y\":1.6,\"tweenEasing\":0,\"duration\":9,\"x\":1.6},{\"y\":3.5,\"tweenEasing\":0,\"duration\":48,\"x\":3.5},{\"y\":3.5,\"duration\":0,\"x\":3.5}],\"name\":\"hu_Copy9\",\"translateFrame\":[{\"tweenEasing\":0,\"duration\":26},{\"y\":1,\"tweenEasing\":0,\"duration\":9,\"x\":-19},{\"y\":1,\"tweenEasing\":0,\"duration\":48,\"x\":-19},{\"y\":1,\"duration\":0,\"x\":-19}]},{\"rotateFrame\":[{\"tweenEasing\":0,\"duration\":2},{\"tweenEasing\":0,\"duration\":4},{\"tweenEasing\":0,\"duration\":4},{\"tweenEasing\":0,\"duration\":4},{\"tweenEasing\":0,\"duration\":4},{\"tweenEasing\":0,\"duration\":4},{\"tweenEasing\":0,\"duration\":9},{\"tweenEasing\":0,\"duration\":4},{\"tweenEasing\":0,\"duration\":19},{\"tweenEasing\":0,\"duration\":24},{\"duration\":5}],\"scaleFrame\":[{\"y\":1.8,\"tweenEasing\":0,\"duration\":2,\"x\":1.8},{\"y\":1.8,\"tweenEasing\":0,\"duration\":4,\"x\":1.8},{\"y\":1.8,\"tweenEasing\":0,\"duration\":4,\"x\":1.8},{\"y\":1.7,\"tweenEasing\":0,\"duration\":4,\"x\":1.7},{\"y\":0.6,\"tweenEasing\":0,\"duration\":4,\"x\":0.6},{\"y\":1.2,\"tweenEasing\":0,\"duration\":4,\"x\":1.2},{\"y\":1.2,\"tweenEasing\":0,\"duration\":9,\"x\":1.2},{\"y\":0.8,\"tweenEasing\":0,\"duration\":4,\"x\":0.8},{\"y\":0.8,\"tweenEasing\":0,\"duration\":19,\"x\":0.8},{\"y\":0.8,\"tweenEasing\":0,\"duration\":24,\"x\":0.8},{\"y\":0.8,\"duration\":5,\"x\":0.8}],\"name\":\"hu\",\"translateFrame\":[{\"y\":-1,\"tweenEasing\":0,\"duration\":2,\"x\":-13},{\"y\":-1,\"tweenEasing\":0,\"duration\":4,\"x\":-13},{\"y\":-1,\"tweenEasing\":0,\"duration\":4,\"x\":-13},{\"y\":-1,\"tweenEasing\":0,\"duration\":4,\"x\":-13},{\"y\":-1,\"tweenEasing\":0,\"duration\":4,\"x\":-13},{\"y\":-1,\"tweenEasing\":0,\"duration\":4,\"x\":-13},{\"y\":-1,\"tweenEasing\":0,\"duration\":9,\"x\":-13},{\"y\":-1,\"tweenEasing\":0,\"duration\":4,\"x\":-13},{\"y\":-1,\"tweenEasing\":0,\"duration\":19,\"x\":-13},{\"y\":-1,\"tweenEasing\":0,\"duration\":24,\"x\":-13},{\"y\":-1,\"duration\":5,\"x\":-13}]},{\"rotateFrame\":[{\"tweenEasing\":0,\"duration\":2},{\"tweenEasing\":0,\"duration\":4},{\"tweenEasing\":0,\"duration\":4},{\"tweenEasing\":0,\"duration\":72},{\"duration\":1}],\"scaleFrame\":[{\"tweenEasing\":0,\"duration\":2},{\"tweenEasing\":0,\"duration\":4},{\"y\":0.9,\"tweenEasing\":0,\"duration\":4,\"x\":0.9},{\"y\":0.9,\"tweenEasing\":0,\"duration\":72,\"x\":0.9},{\"y\":0.9,\"duration\":1,\"x\":0.9}],\"name\":\"fen\",\"translateFrame\":[{\"y\":-1,\"tweenEasing\":0,\"duration\":2,\"x\":-6},{\"y\":-1,\"tweenEasing\":0,\"duration\":4,\"x\":-6},{\"y\":-1,\"tweenEasing\":0,\"duration\":4,\"x\":-6},{\"y\":-1,\"tweenEasing\":0,\"duration\":72,\"x\":-6},{\"y\":-1,\"duration\":1,\"x\":-6}]},{\"rotateFrame\":[{\"tweenEasing\":0,\"duration\":2},{\"tweenEasing\":0,\"duration\":38},{\"tweenEasing\":0,\"duration\":4},{\"tweenEasing\":0,\"duration\":4},{\"tweenEasing\":0,\"duration\":4},{\"tweenEasing\":0,\"duration\":28},{\"duration\":3}],\"scaleFrame\":[{\"tweenEasing\":0,\"duration\":2},{\"tweenEasing\":0,\"duration\":38},{\"tweenEasing\":0,\"duration\":4},{\"tweenEasing\":0,\"duration\":4},{\"tweenEasing\":0,\"duration\":4},{\"tweenEasing\":0,\"duration\":28},{\"duration\":3}],\"name\":\"Layer6\",\"translateFrame\":[{\"tweenEasing\":0,\"duration\":2},{\"tweenEasing\":0,\"duration\":38},{\"tweenEasing\":0,\"duration\":4},{\"tweenEasing\":0,\"duration\":4},{\"tweenEasing\":0,\"duration\":4},{\"tweenEasing\":0,\"duration\":28},{\"duration\":3}]},{\"rotateFrame\":[],\"scaleFrame\":[],\"name\":\"root\",\"translateFrame\":[]}],\"slot\":[{\"colorFrame\":[{\"tweenEasing\":0,\"duration\":16},{\"tweenEasing\":0,\"duration\":4},{\"tweenEasing\":0,\"duration\":4},{\"tweenEasing\":0,\"duration\":9},{\"tweenEasing\":0,\"color\":{\"aM\":0},\"duration\":48},{\"color\":{\"aM\":0},\"duration\":2}],\"displayFrame\":[{\"value\":-1,\"duration\":16},{\"duration\":4},{\"duration\":4},{\"duration\":9},{\"duration\":48},{\"duration\":2}],\"name\":\"huang\"},{\"colorFrame\":[{\"tweenEasing\":0,\"duration\":26},{\"tweenEasing\":0,\"color\":{\"aM\":78},\"duration\":9},{\"tweenEasing\":0,\"color\":{\"aM\":0},\"duration\":48},{\"color\":{\"aM\":0},\"duration\":0}],\"displayFrame\":[{\"value\":-1,\"duration\":26},{\"duration\":9},{\"duration\":48},{\"duration\":0}],\"name\":\"hu_Copy9\"},{\"colorFrame\":[{\"tweenEasing\":0,\"duration\":2},{\"tweenEasing\":0,\"duration\":4},{\"tweenEasing\":0,\"duration\":4},{\"tweenEasing\":0,\"duration\":4},{\"tweenEasing\":0,\"duration\":4},{\"tweenEasing\":0,\"duration\":4},{\"tweenEasing\":0,\"duration\":9},{\"tweenEasing\":0,\"duration\":4},{\"tweenEasing\":0,\"duration\":19},{\"tweenEasing\":0,\"duration\":24},{\"color\":{\"aM\":0},\"duration\":5}],\"displayFrame\":[{\"value\":-1,\"duration\":2},{\"duration\":4},{\"duration\":4},{\"duration\":4},{\"duration\":4},{\"duration\":4},{\"duration\":9},{\"duration\":4},{\"duration\":19},{\"duration\":24},{\"duration\":5}],\"name\":\"hu\"},{\"colorFrame\":[{\"tweenEasing\":0,\"duration\":2},{\"tweenEasing\":0,\"duration\":4},{\"tweenEasing\":0,\"duration\":4},{\"tweenEasing\":0,\"color\":{\"aM\":0},\"duration\":72},{\"color\":{\"aM\":0},\"duration\":1}],\"displayFrame\":[{\"value\":-1,\"duration\":2},{\"duration\":4},{\"duration\":4},{\"duration\":72},{\"duration\":1}],\"name\":\"fen\"},{\"colorFrame\":[{\"tweenEasing\":0,\"duration\":2},{\"tweenEasing\":0,\"duration\":38},{\"tweenEasing\":0,\"duration\":4},{\"tweenEasing\":0,\"duration\":4},{\"tweenEasing\":0,\"duration\":4},{\"tweenEasing\":0,\"color\":{\"aM\":0},\"duration\":28},{\"color\":{\"aM\":0},\"duration\":3}],\"displayFrame\":[{\"value\":-1,\"duration\":2},{\"value\":2,\"duration\":38},{\"duration\":4},{\"value\":1,\"duration\":4},{\"value\":2,\"duration\":4},{\"value\":2,\"duration\":28},{\"value\":2,\"duration\":3}],\"name\":\"Layer6\"}],\"ffd\":[],\"frame\":[],\"name\":\"play\",\"duration\":83}],\"skin\":[{\"slot\":[{\"display\":[{\"path\":\"hu_jug\",\"type\":\"image\",\"name\":\"hu_jug\",\"transform\":{}}],\"name\":\"fen\"},{\"display\":[{\"path\":\"peng_m1\",\"type\":\"image\",\"name\":\"peng_m1\",\"transform\":{}},{\"path\":\"peng_m2\",\"type\":\"image\",\"name\":\"peng_m2\",\"transform\":{}},{\"path\":\"peng_m3\",\"type\":\"image\",\"name\":\"peng_m3\",\"transform\":{}}],\"name\":\"Layer6\"},{\"display\":[{\"path\":\"hu_huangg\",\"type\":\"image\",\"name\":\"hu_huangg\",\"transform\":{}}],\"name\":\"huang\"},{\"display\":[{\"path\":\"hu_gz\",\"type\":\"image\",\"name\":\"hu_gz\",\"transform\":{}}],\"name\":\"hu_Copy9\"},{\"display\":[{\"path\":\"hu_gz\",\"type\":\"image\",\"name\":\"hu_gz\",\"transform\":{}}],\"name\":\"hu\"}],\"name\":\"\"}],\"defaultActions\":[{\"gotoAndPlay\":\"play\"}],\"aabb\":{\"width\":334,\"y\":-160.1733,\"height\":303,\"x\":-168.5},\"slot\":[{\"name\":\"Layer6\",\"parent\":\"Layer6\",\"color\":{}},{\"z\":1,\"name\":\"fen\",\"parent\":\"fen\",\"color\":{}},{\"z\":2,\"name\":\"hu\",\"parent\":\"hu\",\"color\":{}},{\"z\":3,\"name\":\"hu_Copy9\",\"parent\":\"hu_Copy9\",\"color\":{}},{\"z\":4,\"name\":\"huang\",\"parent\":\"huang\",\"color\":{}}],\"name\":\"armatureName\",\"frameRate\":60}],\"name\":\"xymjdh_hu\",\"version\":\"5.5\"}"}