[[{"__type__":"cc.Prefab","_name":"clubListItem","data":{"__id__":1}},{"__type__":"cc.Node","_name":"clubListItem","_children":[{"__id__":2},{"__id__":6}],"_level":1,"_components":[{"__type__":"cc.Toggle","node":{"__id__":1},"transition":3,"zoomScale":1,"_N$target":{"__id__":2},"checkMark":{"__id__":11},"checkEvents":[{"__type__":"cc.ClickEvent","target":{"__id__":1},"component":"clubListItem","handler":"onToggleEvent"}],"_N$isChecked":false},{"__type__":"2651cgcuxdP8pXarsuebptq","node":{"__id__":1},"unCheckName":{"__id__":5},"checkName":{"__id__":8},"checkID":{"__id__":10}}],"_prefab":{"__type__":"cc.PrefabInfo","root":{"__id__":1},"asset":{"__uuid__":"5bJWi+wBRJEJbK4QgYTH1r"},"fileId":"60xZfdom9B/JEl5/XbIS7x"},"_contentSize":{"__type__":"cc.Size","width":243.8,"height":87.9},"_position":{"__type__":"cc.Vec3","x":663,"y":127},"_scale":{"__type__":"cc.Vec3","x":1,"y":1,"z":1}},{"__type__":"cc.Node","_name":"Background","_parent":{"__id__":1},"_children":[{"__id__":3},{"__id__":4}],"_components":[{"__type__":"cc.Sprite","node":{"__id__":2},"_type":1,"_sizeMode":0}],"_prefab":{"__type__":"cc.PrefabInfo","root":{"__id__":1},"asset":{"__uuid__":"5bJWi+wBRJEJbK4QgYTH1r"},"fileId":"ddU3MyYYZAOJnzJjEQyduC"},"_contentSize":{"__type__":"cc.Size","width":243.7,"height":86.1},"_position":{"__type__":"cc.Vec3","x":1.3,"y":2.6},"_scale":{"__type__":"cc.Vec3","x":1,"y":1,"z":1}},{"__type__":"cc.Node","_name":"juelebufenge","_parent":{"__id__":2},"_level":1,"_components":[{"__type__":"cc.Sprite","node":{"__id__":3},"_spriteFrame":{"__uuid__":"69UJAgPbtLzb2Y+9dwp/98"}}],"_prefab":{"__type__":"cc.PrefabInfo","root":{"__id__":1},"asset":{"__uuid__":"5bJWi+wBRJEJbK4QgYTH1r"},"fileId":"74ezSn5EFLyKh5eePYPopX"},"_contentSize":{"__type__":"cc.Size","width":205,"height":36},"_position":{"__type__":"cc.Vec3","y":-27},"_scale":{"__type__":"cc.Vec3","x":1,"y":1,"z":1}},{"__type__":"cc.Node","_name":"name","_parent":{"__id__":2},"_level":1,"_components":[{"__id__":5}],"_prefab":{"__type__":"cc.PrefabInfo","root":{"__id__":1},"asset":{"__uuid__":"5bJWi+wBRJEJbK4QgYTH1r"},"fileId":"32hkW4i3JBx5cIVxjrscb1"},"_contentSize":{"__type__":"cc.Size","width":78,"height":26},"_position":{"__type__":"cc.Vec3","x":-0.9,"y":4.3},"_scale":{"__type__":"cc.Vec3","x":1,"y":1,"z":1}},{"__type__":"cc.Label","node":{"__id__":4},"_srcBlendFactor":1,"_useOriginalSize":false,"_string":"友人圈","_N$string":"友人圈","_fontSize":26,"_lineHeight":26,"_N$horizontalAlign":1,"_N$verticalAlign":1},{"__type__":"cc.Node","_name":"checkmark","_parent":{"__id__":1},"_children":[{"__id__":7},{"__id__":9}],"_active":false,"_components":[{"__id__":11}],"_prefab":{"__type__":"cc.PrefabInfo","root":{"__id__":1},"asset":{"__uuid__":"5bJWi+wBRJEJbK4QgYTH1r"},"fileId":"cf45zh95hPa6UWmhoN1DeV"},"_contentSize":{"__type__":"cc.Size","width":272,"height":105},"_position":{"__type__":"cc.Vec3","x":5.9,"y":-10.2},"_scale":{"__type__":"cc.Vec3","x":1,"y":1,"z":1}},{"__type__":"cc.Node","_name":"name","_parent":{"__id__":6},"_level":1,"_components":[{"__id__":8}],"_prefab":{"__type__":"cc.PrefabInfo","root":{"__id__":1},"asset":{"__uuid__":"5bJWi+wBRJEJbK4QgYTH1r"},"fileId":"e6SmHtewxN9K+nZNLEoATN"},"_color":{"__type__":"cc.Color","r":119,"g":36,"b":5},"_contentSize":{"__type__":"cc.Size","width":140,"height":28},"_position":{"__type__":"cc.Vec3","x":-10.3,"y":30.8},"_scale":{"__type__":"cc.Vec3","x":1,"y":1,"z":1}},{"__type__":"cc.Label","node":{"__id__":7},"_srcBlendFactor":1,"_useOriginalSize":false,"_string":"牌友一家亲","_N$string":"牌友一家亲","_fontSize":28,"_lineHeight":28,"_N$horizontalAlign":1,"_N$verticalAlign":1},{"__type__":"cc.Node","_name":"id","_parent":{"__id__":6},"_level":1,"_components":[{"__id__":10}],"_prefab":{"__type__":"cc.PrefabInfo","root":{"__id__":1},"asset":{"__uuid__":"5bJWi+wBRJEJbK4QgYTH1r"},"fileId":"91mWioBcFCY7v54bm0ExTK"},"_color":{"__type__":"cc.Color","r":142,"g":66,"b":14},"_contentSize":{"__type__":"cc.Size","width":84.06,"height":24},"_position":{"__type__":"cc.Vec3","x":-13.7,"y":-7.7},"_scale":{"__type__":"cc.Vec3","x":1,"y":1,"z":1}},{"__type__":"cc.Label","node":{"__id__":9},"_srcBlendFactor":1,"_useOriginalSize":false,"_string":"ID:6666","_N$string":"ID:6666","_fontSize":24,"_lineHeight":24,"_N$horizontalAlign":1,"_N$verticalAlign":1},{"__type__":"cc.Sprite","node":{"__id__":6},"_spriteFrame":{"__uuid__":"dfmUif4eBKGYquKPQozdjk"},"_sizeMode":2,"_isTrimmedMode":false}],{"__type__":"cc.SpriteFrame","content":{"name":"juelebufenge","texture":"4fda9nBNRAGZBlByGWeJPb","rect":[0,0,205,36],"offset":[0,0],"originalSize":[205,36],"capInsets":[33,0,23,0]}},{"__type__":"cc.SpriteFrame","content":{"name":"julebuxuanzhongdi","texture":"19SxgYAiZCUaVIp9iXSQOC","rect":[0,0,272,105],"offset":[0,0],"originalSize":[272,105],"capInsets":[0,0,0,0]}}]