{"__type__":"dragonBones.DragonBonesAsset","_name":"ccmjdh_dihu_1_ske","_dragonBonesJson":"{\"frameRate\":60,\"isGlobal\":0,\"name\":\"ccmjdh_dihu_1\",\"version\":\"5.5\",\"armature\":[{\"skin\":[{\"name\":\"\",\"slot\":[{\"display\":[{\"path\":\"ccmjdh_dihu\",\"type\":\"image\",\"name\":\"ccmjdh_dihu\",\"transform\":{}}],\"name\":\"Layer4\"},{\"display\":[{\"path\":\"ccmjdh_dihu (1)\",\"type\":\"image\",\"name\":\"ccmjdh_dihu (1)\",\"transform\":{}},{\"path\":\"ccmjdh_dihu (2)\",\"type\":\"image\",\"name\":\"ccmjdh_dihu (2)\",\"transform\":{}},{\"path\":\"ccmjdh_dihu (3)\",\"type\":\"image\",\"name\":\"ccmjdh_dihu (3)\",\"transform\":{}},{\"path\":\"ccmjdh_dihu (4)\",\"type\":\"image\",\"name\":\"ccmjdh_dihu (4)\",\"transform\":{}},{\"path\":\"ccmjdh_dihu (5)\",\"type\":\"image\",\"name\":\"ccmjdh_dihu (5)\",\"transform\":{}},{\"path\":\"ccmjdh_dihu (6)\",\"type\":\"image\",\"name\":\"ccmjdh_dihu (6)\",\"transform\":{}},{\"path\":\"ccmjdh_dihu (7)\",\"type\":\"image\",\"name\":\"ccmjdh_dihu (7)\",\"transform\":{}},{\"path\":\"ccmjdh_dihu (8)\",\"type\":\"image\",\"name\":\"ccmjdh_dihu (8)\",\"transform\":{}},{\"path\":\"ccmjdh_dihu (9)\",\"type\":\"image\",\"name\":\"ccmjdh_dihu (9)\",\"transform\":{}},{\"path\":\"ccmjdh_dihu (10)\",\"type\":\"image\",\"name\":\"ccmjdh_dihu (10)\",\"transform\":{}},{\"path\":\"ccmjdh_dihu (11)\",\"type\":\"image\",\"name\":\"ccmjdh_dihu (11)\",\"transform\":{}},{\"path\":\"ccmjdh_dihu (12)\",\"type\":\"image\",\"name\":\"ccmjdh_dihu (12)\",\"transform\":{}},{\"path\":\"ccmjdh_dihu (13)\",\"type\":\"image\",\"name\":\"ccmjdh_dihu (13)\",\"transform\":{}},{\"path\":\"ccmjdh_dihu (14)\",\"type\":\"image\",\"name\":\"ccmjdh_dihu (14)\",\"transform\":{}},{\"path\":\"ccmjdh_dihu (15)\",\"type\":\"image\",\"name\":\"ccmjdh_dihu (15)\",\"transform\":{}}],\"name\":\"Layer3\"}]}],\"animation\":[{\"frame\":[],\"duration\":126,\"ik\":[],\"bone\":[{\"translateFrame\":[{\"tweenEasing\":0,\"y\":21,\"duration\":72},{\"tweenEasing\":0,\"y\":21,\"duration\":7},{\"tweenEasing\":0,\"y\":-61,\"duration\":7},{\"tweenEasing\":0,\"y\":-141,\"duration\":19},{\"tweenEasing\":0,\"y\":-141,\"duration\":21},{\"y\":-141,\"duration\":0}],\"scaleFrame\":[{\"tweenEasing\":0,\"y\":0.3214,\"duration\":72,\"x\":0.3268},{\"tweenEasing\":0,\"y\":0.3214,\"duration\":7,\"x\":0.3268},{\"tweenEasing\":0,\"y\":0.8057,\"duration\":7,\"x\":0.8191},{\"tweenEasing\":0,\"y\":1.1434,\"duration\":19,\"x\":1.1499},{\"tweenEasing\":0,\"y\":1.1434,\"duration\":21,\"x\":1.1499},{\"y\":1.1434,\"duration\":0,\"x\":1.1499}],\"name\":\"Layer4\",\"rotateFrame\":[{\"tweenEasing\":0,\"duration\":72},{\"tweenEasing\":0,\"duration\":7},{\"tweenEasing\":0,\"duration\":7},{\"tweenEasing\":0,\"duration\":19},{\"tweenEasing\":0,\"duration\":21},{\"duration\":0}]},{\"translateFrame\":[{\"tweenEasing\":0,\"duration\":7},{\"tweenEasing\":0,\"duration\":7},{\"tweenEasing\":0,\"duration\":7},{\"tweenEasing\":0,\"duration\":7},{\"tweenEasing\":0,\"duration\":7},{\"tweenEasing\":0,\"duration\":7},{\"tweenEasing\":0,\"duration\":7},{\"tweenEasing\":0,\"duration\":7},{\"tweenEasing\":0,\"duration\":7},{\"tweenEasing\":0,\"duration\":7},{\"tweenEasing\":0,\"duration\":7},{\"tweenEasing\":0,\"duration\":7},{\"tweenEasing\":0,\"duration\":7},{\"tweenEasing\":0,\"duration\":7},{\"tweenEasing\":0,\"duration\":26},{\"duration\":2}],\"scaleFrame\":[{\"tweenEasing\":0,\"duration\":7},{\"tweenEasing\":0,\"duration\":7},{\"tweenEasing\":0,\"duration\":7},{\"tweenEasing\":0,\"duration\":7},{\"tweenEasing\":0,\"duration\":7},{\"tweenEasing\":0,\"duration\":7},{\"tweenEasing\":0,\"duration\":7},{\"tweenEasing\":0,\"duration\":7},{\"tweenEasing\":0,\"duration\":7},{\"tweenEasing\":0,\"duration\":7},{\"tweenEasing\":0,\"duration\":7},{\"tweenEasing\":0,\"duration\":7},{\"tweenEasing\":0,\"duration\":7},{\"tweenEasing\":0,\"duration\":7},{\"tweenEasing\":0,\"duration\":26},{\"duration\":2}],\"name\":\"Layer3\",\"rotateFrame\":[{\"tweenEasing\":0,\"duration\":7},{\"tweenEasing\":0,\"duration\":7},{\"tweenEasing\":0,\"duration\":7},{\"tweenEasing\":0,\"duration\":7},{\"tweenEasing\":0,\"duration\":7},{\"tweenEasing\":0,\"duration\":7},{\"tweenEasing\":0,\"duration\":7},{\"tweenEasing\":0,\"duration\":7},{\"tweenEasing\":0,\"duration\":7},{\"tweenEasing\":0,\"duration\":7},{\"tweenEasing\":0,\"duration\":7},{\"tweenEasing\":0,\"duration\":7},{\"tweenEasing\":0,\"duration\":7},{\"tweenEasing\":0,\"duration\":7},{\"tweenEasing\":0,\"duration\":26},{\"duration\":2}]},{\"translateFrame\":[],\"scaleFrame\":[],\"name\":\"root\",\"rotateFrame\":[]}],\"slot\":[{\"colorFrame\":[{\"tweenEasing\":0,\"duration\":72},{\"tweenEasing\":0,\"duration\":7},{\"tweenEasing\":0,\"duration\":7},{\"tweenEasing\":0,\"duration\":19},{\"tweenEasing\":0,\"duration\":21},{\"duration\":0,\"color\":{\"aM\":0}}],\"displayFrame\":[{\"value\":-1,\"duration\":72},{\"duration\":7},{\"duration\":7},{\"duration\":19},{\"duration\":21},{\"duration\":0}],\"name\":\"Layer4\"},{\"colorFrame\":[{\"tweenEasing\":0,\"duration\":7},{\"tweenEasing\":0,\"duration\":7},{\"tweenEasing\":0,\"duration\":7},{\"tweenEasing\":0,\"duration\":7},{\"tweenEasing\":0,\"duration\":7},{\"tweenEasing\":0,\"duration\":7},{\"tweenEasing\":0,\"duration\":7},{\"tweenEasing\":0,\"duration\":7},{\"tweenEasing\":0,\"duration\":7},{\"tweenEasing\":0,\"duration\":7},{\"tweenEasing\":0,\"duration\":7},{\"tweenEasing\":0,\"duration\":7},{\"tweenEasing\":0,\"duration\":7},{\"tweenEasing\":0,\"duration\":7},{\"tweenEasing\":0,\"duration\":26},{\"duration\":2,\"color\":{\"aM\":0}}],\"displayFrame\":[{\"duration\":7},{\"value\":1,\"duration\":7},{\"value\":2,\"duration\":7},{\"value\":3,\"duration\":7},{\"value\":4,\"duration\":7},{\"value\":5,\"duration\":7},{\"value\":6,\"duration\":7},{\"value\":7,\"duration\":7},{\"value\":8,\"duration\":7},{\"value\":9,\"duration\":7},{\"value\":10,\"duration\":7},{\"value\":11,\"duration\":7},{\"value\":12,\"duration\":7},{\"value\":13,\"duration\":7},{\"value\":14,\"duration\":26},{\"value\":14,\"duration\":2}],\"name\":\"Layer3\"}],\"ffd\":[],\"name\":\"play\"}],\"type\":\"Armature\",\"ik\":[],\"bone\":[{\"name\":\"root\",\"transform\":{}},{\"inheritScale\":false,\"transform\":{\"y\":-3.0066,\"scX\":1.3786,\"scY\":1.5152,\"x\":-3.6668},\"name\":\"Layer3\",\"parent\":\"root\"},{\"inheritScale\":false,\"transform\":{\"y\":146.3267,\"x\":-11},\"name\":\"Layer4\",\"parent\":\"root\"}],\"aabb\":{\"width\":560,\"y\":-161.0066,\"height\":376.8333,\"x\":-283.6668},\"slot\":[{\"name\":\"Layer3\",\"parent\":\"Layer3\",\"color\":{}},{\"z\":1,\"name\":\"Layer4\",\"parent\":\"Layer4\",\"color\":{}}],\"name\":\"armatureName\",\"frameRate\":60,\"defaultActions\":[{\"gotoAndPlay\":\"play\"}]}]}"}