[{"__type__":"cc.SpriteFrame","content":{"name":"yinpin0005","texture":"518n5qcBdCmpNp7Vi1Finb","rect":[750,0,148,119],"offset":[0,0],"originalSize":[148,119],"capInsets":[0,0,0,0]}},{"__type__":"cc.SpriteFrame","content":{"name":"yinpin0009","texture":"518n5qcBdCmpNp7Vi1Finb","rect":[150,0,148,119],"offset":[0,0],"originalSize":[148,119],"capInsets":[0,0,0,0]}},{"__type__":"cc.SpriteFrame","content":{"name":"yinpin0008","texture":"518n5qcBdCmpNp7Vi1Finb","rect":[300,0,148,119],"offset":[0,0],"originalSize":[148,119],"capInsets":[0,0,0,0]}},{"__type__":"cc.SpriteFrame","content":{"name":"qipao","texture":"518n5qcBdCmpNp7Vi1Finb","rect":[1650,0,75,36],"offset":[0,0],"originalSize":[75,36],"capInsets":[0,0,0,0]}},{"__type__":"cc.SpriteFrame","content":{"name":"yinpin0007","texture":"518n5qcBdCmpNp7Vi1Finb","rect":[450,0,148,119],"offset":[0,0],"originalSize":[148,119],"capInsets":[0,0,0,0]}},{"__type__":"cc.SpriteFrame","content":{"name":"yinpin0002","texture":"518n5qcBdCmpNp7Vi1Finb","rect":[1200,0,148,119],"offset":[0,0],"originalSize":[148,119],"capInsets":[0,0,0,0]}},{"__type__":"cc.SpriteFrame","content":{"name":"yinpin0010","texture":"518n5qcBdCmpNp7Vi1Finb","rect":[0,0,148,119],"offset":[0,0],"originalSize":[148,119],"capInsets":[0,0,0,0]}},{"__type__":"cc.SpriteFrame","content":{"name":"yinpin0003","texture":"518n5qcBdCmpNp7Vi1Finb","rect":[1050,0,148,119],"offset":[0,0],"originalSize":[148,119],"capInsets":[0,0,0,0]}},{"__type__":"cc.SpriteFrame","content":{"name":"yinpin0004","texture":"518n5qcBdCmpNp7Vi1Finb","rect":[900,0,148,119],"offset":[0,0],"originalSize":[148,119],"capInsets":[0,0,0,0]}},{"__type__":"cc.SpriteFrame","content":{"name":"yinpin0000","texture":"518n5qcBdCmpNp7Vi1Finb","rect":[1500,0,148,119],"offset":[0,0],"originalSize":[148,119],"capInsets":[0,0,0,0]}},{"__type__":"cc.SpriteAtlas","_name":"xymjdh_qipaoyinpin0.plist","_spriteFrames":{"yinpin0010":{"__uuid__":"388owkrkRFjJ+6JQjVCjiZ"},"yinpin0009":{"__uuid__":"18LOQJc/5L3pAY7zehh83l"},"yinpin0008":{"__uuid__":"21o5RHQglG960DC5ecxd0L"},"yinpin0007":{"__uuid__":"312fGHraBMDrd4J0e3jgeS"},"yinpin0006":{"__uuid__":"d7TYAAwYpHiqOVLgRfY2DT"},"yinpin0005":{"__uuid__":"14V4AyER5Pr4aZiSId4+sq"},"yinpin0004":{"__uuid__":"4aHvOC6JdHnbSmKfprB0CH"},"yinpin0003":{"__uuid__":"40QOQ5lEdMY7QrbluMURkZ"},"yinpin0002":{"__uuid__":"34zMmU4kFOPqRvBhoqCaKj"},"yinpin0001":{"__uuid__":"d97GPbvaBC+5xhxZit2o5e"},"yinpin0000":{"__uuid__":"748I8GkRNJVaveUOrONvqS"},"qipao":{"__uuid__":"259zM2T5BOXJ75KQdcAzBs"}}},{"__type__":"cc.SpriteFrame","content":{"name":"yinpin0006","texture":"518n5qcBdCmpNp7Vi1Finb","rect":[600,0,148,119],"offset":[0,0],"originalSize":[148,119],"capInsets":[0,0,0,0]}},{"__type__":"cc.SpriteFrame","content":{"name":"yinpin0001","texture":"518n5qcBdCmpNp7Vi1Finb","rect":[1350,0,148,119],"offset":[0,0],"originalSize":[148,119],"capInsets":[0,0,0,0]}}]