{"__type__":"dragonBones.DragonBonesAtlasAsset","_name":"xymjdh_hu_tex","_atlasJson":"{\"width\":512,\"imagePath\":\"xymjdh_hu_tex.png\",\"height\":512,\"name\":\"xymjdh_hu\",\"SubTexture\":[{\"frameHeight\":132,\"y\":286,\"frameX\":-3,\"width\":119,\"frameY\":-4,\"height\":125,\"name\":\"peng_m3\",\"frameWidth\":125,\"x\":337},{\"frameHeight\":132,\"y\":306,\"frameX\":-4,\"width\":115,\"frameY\":-4,\"height\":120,\"name\":\"peng_m1\",\"frameWidth\":125,\"x\":1},{\"frameHeight\":132,\"y\":159,\"frameX\":-2,\"width\":120,\"frameY\":-4,\"height\":125,\"name\":\"peng_m2\",\"frameWidth\":125,\"x\":337},{\"width\":334,\"y\":1,\"height\":303,\"name\":\"hu_jug\",\"x\":1},{\"width\":116,\"y\":306,\"height\":108,\"name\":\"hu_gz\",\"x\":118},{\"width\":156,\"y\":1,\"height\":156,\"name\":\"hu_huangg\",\"x\":337}]}","_texture":{"__uuid__":"877UUuzoJDHZBHTXVn5rMt"},"texture":{"__uuid__":"877UUuzoJDHZBHTXVn5rMt"}}