{"__type__":"dragonBones.DragonBonesAsset","_name":"xymjdh_peng_ske","_dragonBonesJson":"{\"frameRate\":60,\"isGlobal\":0,\"armature\":[{\"bone\":[{\"name\":\"root\",\"transform\":{}},{\"inheritScale\":false,\"transform\":{},\"name\":\"Layer3\",\"parent\":\"root\"},{\"inheritScale\":false,\"transform\":{},\"name\":\"Layer6\",\"parent\":\"root\"},{\"inheritScale\":false,\"transform\":{},\"name\":\"Layer5\",\"parent\":\"root\"},{\"inheritScale\":false,\"transform\":{},\"name\":\"Layer3_Copy7\",\"parent\":\"root\"},{\"inheritScale\":false,\"transform\":{},\"name\":\"Layer4\",\"parent\":\"root\"}],\"type\":\"Armature\",\"ik\":[],\"animation\":[{\"ik\":[],\"bone\":[{\"rotateFrame\":[{\"tweenEasing\":0,\"duration\":16},{\"tweenEasing\":0,\"duration\":4},{\"tweenEasing\":0,\"duration\":4},{\"tweenEasing\":0,\"duration\":9},{\"tweenEasing\":0,\"duration\":26},{\"duration\":2}],\"scaleFrame\":[{\"tweenEasing\":0,\"duration\":16},{\"tweenEasing\":0,\"duration\":4},{\"y\":1.2,\"tweenEasing\":0,\"duration\":4,\"x\":1.2},{\"y\":1.8,\"tweenEasing\":0,\"duration\":9,\"x\":1.8},{\"y\":3.5,\"tweenEasing\":0,\"duration\":26,\"x\":3.5},{\"y\":3.5,\"duration\":2,\"x\":3.5}],\"name\":\"Layer4\",\"translateFrame\":[{\"tweenEasing\":0,\"duration\":16},{\"y\":-11.5882,\"tweenEasing\":0,\"duration\":4,\"x\":-14.2941},{\"y\":-11.5882,\"tweenEasing\":0,\"duration\":4,\"x\":-14.2941},{\"y\":-11.5882,\"tweenEasing\":0,\"duration\":9,\"x\":-14.2941},{\"y\":-11.5882,\"tweenEasing\":0,\"duration\":26,\"x\":-14.2941},{\"y\":-11.5882,\"duration\":2,\"x\":-14.2941}]},{\"rotateFrame\":[{\"tweenEasing\":0,\"duration\":26},{\"tweenEasing\":0,\"duration\":9},{\"tweenEasing\":0,\"duration\":26},{\"duration\":0}],\"scaleFrame\":[{\"y\":1.8,\"tweenEasing\":0,\"duration\":26,\"x\":1.8},{\"y\":1.6,\"tweenEasing\":0,\"duration\":9,\"x\":1.6},{\"y\":3.5,\"tweenEasing\":0,\"duration\":26,\"x\":3.5},{\"y\":3.5,\"duration\":0,\"x\":3.5}],\"name\":\"Layer3_Copy7\",\"translateFrame\":[{\"tweenEasing\":0,\"duration\":26},{\"tweenEasing\":0,\"duration\":9},{\"tweenEasing\":0,\"duration\":26},{\"duration\":0}]},{\"rotateFrame\":[{\"tweenEasing\":0,\"duration\":2},{\"tweenEasing\":0,\"duration\":4},{\"tweenEasing\":0,\"duration\":4},{\"tweenEasing\":0,\"duration\":4},{\"tweenEasing\":0,\"duration\":4},{\"tweenEasing\":0,\"duration\":4},{\"tweenEasing\":0,\"duration\":9},{\"tweenEasing\":0,\"duration\":4},{\"tweenEasing\":0,\"duration\":14},{\"tweenEasing\":0,\"duration\":7},{\"duration\":5}],\"scaleFrame\":[{\"y\":1.8,\"tweenEasing\":0,\"duration\":2,\"x\":1.8},{\"y\":1.8,\"tweenEasing\":0,\"duration\":4,\"x\":1.8},{\"y\":1.8,\"tweenEasing\":0,\"duration\":4,\"x\":1.8},{\"y\":1.7,\"tweenEasing\":0,\"duration\":4,\"x\":1.7},{\"y\":0.6,\"tweenEasing\":0,\"duration\":4,\"x\":0.6},{\"y\":1.2,\"tweenEasing\":0,\"duration\":4,\"x\":1.2},{\"y\":1.2,\"tweenEasing\":0,\"duration\":9,\"x\":1.2},{\"y\":0.8,\"tweenEasing\":0,\"duration\":4,\"x\":0.8},{\"y\":0.8,\"tweenEasing\":0,\"duration\":14,\"x\":0.8},{\"y\":0.8,\"tweenEasing\":0,\"duration\":7,\"x\":0.8},{\"y\":0.8,\"duration\":5,\"x\":0.8}],\"name\":\"Layer3\",\"translateFrame\":[{\"tweenEasing\":0,\"duration\":2},{\"tweenEasing\":0,\"duration\":4},{\"tweenEasing\":0,\"duration\":4},{\"tweenEasing\":0,\"duration\":4},{\"tweenEasing\":0,\"duration\":4},{\"tweenEasing\":0,\"duration\":4},{\"tweenEasing\":0,\"duration\":9},{\"tweenEasing\":0,\"duration\":4},{\"tweenEasing\":0,\"duration\":14},{\"tweenEasing\":0,\"duration\":7},{\"duration\":5}]},{\"rotateFrame\":[{\"tweenEasing\":0,\"duration\":40},{\"tweenEasing\":0,\"duration\":4},{\"tweenEasing\":0,\"duration\":4},{\"tweenEasing\":0,\"duration\":4},{\"tweenEasing\":0,\"duration\":7},{\"duration\":2}],\"scaleFrame\":[{\"tweenEasing\":0,\"duration\":40},{\"tweenEasing\":0,\"duration\":4},{\"tweenEasing\":0,\"duration\":4},{\"tweenEasing\":0,\"duration\":4},{\"tweenEasing\":0,\"duration\":7},{\"duration\":2}],\"name\":\"Layer6\",\"translateFrame\":[{\"tweenEasing\":0,\"duration\":40},{\"tweenEasing\":0,\"duration\":4},{\"tweenEasing\":0,\"duration\":4},{\"tweenEasing\":0,\"duration\":4},{\"tweenEasing\":0,\"duration\":7},{\"duration\":2}]},{\"rotateFrame\":[{\"tweenEasing\":0,\"duration\":2},{\"tweenEasing\":0,\"duration\":4},{\"tweenEasing\":0,\"duration\":4},{\"tweenEasing\":0,\"duration\":50},{\"duration\":1}],\"scaleFrame\":[{\"tweenEasing\":0,\"duration\":2},{\"tweenEasing\":0,\"duration\":4},{\"y\":0.8,\"tweenEasing\":0,\"duration\":4,\"x\":0.8},{\"y\":0.8,\"tweenEasing\":0,\"duration\":50,\"x\":0.8},{\"y\":0.8,\"duration\":1,\"x\":0.8}],\"name\":\"Layer5\",\"translateFrame\":[{\"y\":-24,\"tweenEasing\":0,\"duration\":2,\"x\":-8},{\"y\":-24,\"tweenEasing\":0,\"duration\":4,\"x\":-8},{\"y\":-24,\"tweenEasing\":0,\"duration\":4,\"x\":-8},{\"y\":-24,\"tweenEasing\":0,\"duration\":50,\"x\":-8},{\"y\":-24,\"duration\":1,\"x\":-8}]},{\"rotateFrame\":[],\"scaleFrame\":[],\"name\":\"root\",\"translateFrame\":[]}],\"slot\":[{\"colorFrame\":[{\"tweenEasing\":0,\"duration\":16},{\"tweenEasing\":0,\"duration\":4},{\"tweenEasing\":0,\"duration\":4},{\"tweenEasing\":0,\"duration\":9},{\"tweenEasing\":0,\"color\":{\"aM\":0},\"duration\":26},{\"color\":{\"aM\":0},\"duration\":2}],\"displayFrame\":[{\"value\":-1,\"duration\":16},{\"duration\":4},{\"duration\":4},{\"duration\":9},{\"duration\":26},{\"duration\":2}],\"name\":\"Layer4\"},{\"colorFrame\":[{\"tweenEasing\":0,\"duration\":26},{\"tweenEasing\":0,\"color\":{\"aM\":78},\"duration\":9},{\"tweenEasing\":0,\"color\":{\"aM\":0},\"duration\":26},{\"color\":{\"aM\":0},\"duration\":0}],\"displayFrame\":[{\"value\":-1,\"duration\":26},{\"duration\":9},{\"duration\":26},{\"duration\":0}],\"name\":\"Layer3_Copy7\"},{\"colorFrame\":[{\"tweenEasing\":0,\"duration\":2},{\"tweenEasing\":0,\"duration\":4},{\"tweenEasing\":0,\"duration\":4},{\"tweenEasing\":0,\"duration\":4},{\"tweenEasing\":0,\"duration\":4},{\"tweenEasing\":0,\"duration\":4},{\"tweenEasing\":0,\"duration\":9},{\"tweenEasing\":0,\"duration\":4},{\"tweenEasing\":0,\"duration\":14},{\"tweenEasing\":0,\"duration\":7},{\"color\":{\"aM\":0},\"duration\":5}],\"displayFrame\":[{\"value\":-1,\"duration\":2},{\"duration\":4},{\"duration\":4},{\"duration\":4},{\"duration\":4},{\"duration\":4},{\"duration\":9},{\"duration\":4},{\"duration\":14},{\"duration\":7},{\"duration\":5}],\"name\":\"Layer3\"},{\"colorFrame\":[{\"tweenEasing\":0,\"duration\":40},{\"tweenEasing\":0,\"duration\":4},{\"tweenEasing\":0,\"duration\":4},{\"tweenEasing\":0,\"duration\":4},{\"tweenEasing\":0,\"color\":{\"aM\":0},\"duration\":7},{\"color\":{\"aM\":0},\"duration\":2}],\"displayFrame\":[{\"value\":-1,\"duration\":40},{\"duration\":4},{\"value\":1,\"duration\":4},{\"value\":2,\"duration\":4},{\"value\":2,\"duration\":7},{\"value\":2,\"duration\":2}],\"name\":\"Layer6\"},{\"colorFrame\":[{\"tweenEasing\":0,\"duration\":2},{\"tweenEasing\":0,\"duration\":4},{\"tweenEasing\":0,\"duration\":4},{\"tweenEasing\":0,\"color\":{\"aM\":0},\"duration\":50},{\"color\":{\"aM\":0},\"duration\":1}],\"displayFrame\":[{\"value\":-1,\"duration\":2},{\"duration\":4},{\"duration\":4},{\"duration\":50},{\"duration\":1}],\"name\":\"Layer5\"}],\"ffd\":[],\"frame\":[],\"name\":\"play\",\"duration\":61}],\"skin\":[{\"slot\":[{\"display\":[{\"path\":\"peng_gz\",\"type\":\"image\",\"name\":\"peng_gz\",\"transform\":{}}],\"name\":\"Layer3_Copy7\"},{\"display\":[{\"path\":\"peng_gz\",\"type\":\"image\",\"name\":\"peng_gz\",\"transform\":{}}],\"name\":\"Layer3\"},{\"display\":[{\"path\":\"peng_m1\",\"type\":\"image\",\"name\":\"peng_m1\",\"transform\":{}},{\"path\":\"peng_m2\",\"type\":\"image\",\"name\":\"peng_m2\",\"transform\":{}},{\"path\":\"peng_m3\",\"type\":\"image\",\"name\":\"peng_m3\",\"transform\":{}}],\"name\":\"Layer6\"},{\"display\":[{\"path\":\"peng_huangg\",\"type\":\"image\",\"name\":\"peng_huangg\",\"transform\":{}}],\"name\":\"Layer4\"},{\"display\":[{\"path\":\"peng_jug\",\"type\":\"image\",\"name\":\"peng_jug\",\"transform\":{}}],\"name\":\"Layer5\"}],\"name\":\"\"}],\"defaultActions\":[{\"gotoAndPlay\":\"play\"}],\"aabb\":{\"width\":360,\"y\":-162,\"height\":324,\"x\":-180},\"slot\":[{\"name\":\"Layer5\",\"parent\":\"Layer5\",\"color\":{}},{\"z\":1,\"name\":\"Layer6\",\"parent\":\"Layer6\",\"color\":{}},{\"z\":2,\"name\":\"Layer3\",\"parent\":\"Layer3\",\"color\":{}},{\"z\":3,\"name\":\"Layer3_Copy7\",\"parent\":\"Layer3_Copy7\",\"color\":{}},{\"z\":4,\"name\":\"Layer4\",\"parent\":\"Layer4\",\"color\":{}}],\"name\":\"armatureName\",\"frameRate\":60}],\"name\":\"xymjdh_peng\",\"version\":\"5.5\"}"}