[{"__type__":"cc.SpriteFrame","content":{"name":"ccmjdh_vipindicator (5)","texture":"ffDBVtSBVCnr2t+S3mEW9v","rect":[344,0,84,84],"offset":[0,0],"originalSize":[84,84],"capInsets":[0,0,0,0]}},{"__type__":"cc.SpriteFrame","content":{"name":"ccmjdh_vipindicator (3)","texture":"ffDBVtSBVCnr2t+S3mEW9v","rect":[172,0,84,84],"offset":[0,0],"originalSize":[84,84],"capInsets":[0,0,0,0]}},{"__type__":"cc.SpriteFrame","content":{"name":"ccmjdh_vipindicator (4)","texture":"ffDBVtSBVCnr2t+S3mEW9v","rect":[86,0,84,84],"offset":[0,0],"originalSize":[84,84],"capInsets":[0,0,0,0]}},{"__type__":"cc.SpriteFrame","content":{"name":"ccmjdh_vipindicator (6)","texture":"ffDBVtSBVCnr2t+S3mEW9v","rect":[0,0,84,84],"offset":[0,0],"originalSize":[84,84],"capInsets":[0,0,0,0]}},{"__type__":"cc.SpriteFrame","content":{"name":"ccmjdh_vipindicator (2)","texture":"ffDBVtSBVCnr2t+S3mEW9v","rect":[258,0,84,84],"offset":[0,0],"originalSize":[84,84],"capInsets":[0,0,0,0]}},{"__type__":"cc.SpriteAtlas","_name":"xymjdh_vipindicatoryellow0.plist","_spriteFrames":{"ccmjdh_vipindicator (6)":{"__uuid__":"5e/3IUI3REl4zfrWmyuYg4"},"ccmjdh_vipindicator (4)":{"__uuid__":"4dxOV9xX9LyZ6LpvPB6owa"},"ccmjdh_vipindicator (3)":{"__uuid__":"1eEZOi2P9DEo6nmdjWCmkl"},"ccmjdh_vipindicator (2)":{"__uuid__":"7duYisN8ZAg7kiHf//1Rd8"},"ccmjdh_vipindicator (5)":{"__uuid__":"14Tu39teFCLoMIiXDdytNH"}}}]