[{"__type__":"cc.SpriteFrame","content":{"name":"zhanjidi1","texture":"b0SsYLP7tJCJqRMKu9EUbt","rect":[0,0,38,78],"offset":[0,0],"originalSize":[38,78],"capInsets":[17,55,18,21]}},{"__type__":"cc.SpriteFrame","content":{"name":"default_btn_disabled","texture":"71VhFCTINJM6/Ky3oX9nBT","rect":[0,0,40,40],"offset":[0,0],"originalSize":[40,40],"capInsets":[12,12,12,12]}},{"__type__":"cc.SpriteFrame","content":{"name":"zhanjifengexian","texture":"c2pxw13XBJmog1zabV41lZ","rect":[0,0,20,2],"offset":[0,0],"originalSize":[20,2],"capInsets":[0,0,0,0]}},{"__type__":"cc.SpriteFrame","content":{"name":"lookDetail","texture":"65qhaDTCNAVqlmd9lzIj9F","rect":[0,0,137,27],"offset":[0,0],"originalSize":[137,27],"capInsets":[0,0,0,0]}},[{"__type__":"cc.Prefab","_name":"clubRecordCell","data":{"__id__":1}},{"__type__":"cc.Node","_name":"clubRecordCell","_children":[{"__id__":2},{"__id__":7},{"__id__":9},{"__id__":11},{"__id__":13},{"__id__":18},{"__id__":23},{"__id__":28},{"__id__":33},{"__id__":34}],"_level":1,"_components":[{"__type__":"cc.Sprite","node":{"__id__":1},"_spriteFrame":{"__uuid__":"22PlhDh7BLf5u4wGlZ9Tp2"},"_type":1,"_sizeMode":0},{"__type__":"451f0LZMKJJB4G+ISgD900W","node":{"__id__":1},"pTime":{"__id__":8},"pRoomID":{"__id__":10},"pRule":{"__id__":12},"pBtnDetail":{"__id__":33},"pBtnReplay":{"__id__":34},"vName":[{"__id__":15},{"__id__":20},{"__id__":25},{"__id__":30}],"vOffset":[{"__id__":17},{"__id__":22},{"__id__":27},{"__id__":32}]}],"_prefab":{"__type__":"cc.PrefabInfo","root":{"__id__":1},"asset":{"__id__":0},"fileId":"bf+ZxFfOpL3bQtGLdcVY3W"},"_contentSize":{"__type__":"cc.Size","width":987,"height":148},"_position":{"__type__":"cc.Vec3","x":767,"y":175},"_scale":{"__type__":"cc.Vec3","x":1,"y":1,"z":1}},{"__type__":"cc.Node","_name":"line","_parent":{"__id__":1},"_children":[{"__id__":3},{"__id__":4},{"__id__":5},{"__id__":6}],"_level":4,"_prefab":{"__type__":"cc.PrefabInfo","root":{"__id__":1},"asset":{"__id__":0},"fileId":"bbu3coJohB7ZzvbNWuygp1"},"_scale":{"__type__":"cc.Vec3","x":1,"y":1,"z":1}},{"__type__":"cc.Node","_name":"zhanjifengexian_h","_parent":{"__id__":2},"_level":5,"_components":[{"__type__":"cc.Sprite","node":{"__id__":3},"_spriteFrame":{"__uuid__":"661X3mOh1NY4+i959e3zzW"},"_sizeMode":0}],"_prefab":{"__type__":"cc.PrefabInfo","root":{"__id__":1},"asset":{"__id__":0},"fileId":"45E6a0oxpPCYlA5pOGRDJr"},"_contentSize":{"__type__":"cc.Size","width":973.88,"height":2},"_position":{"__type__":"cc.Vec3","x":0.05,"y":-23.1},"_scale":{"__type__":"cc.Vec3","x":1,"y":1,"z":1}},{"__type__":"cc.Node","_name":"zhanjifengexian_v","_parent":{"__id__":2},"_level":5,"_components":[{"__type__":"cc.Sprite","node":{"__id__":4},"_spriteFrame":{"__uuid__":"661X3mOh1NY4+i959e3zzW"},"_sizeMode":0}],"_prefab":{"__type__":"cc.PrefabInfo","root":{"__id__":1},"asset":{"__id__":0},"fileId":"2a0Z2PRDhPmbBSkNU0qAKv"},"_contentSize":{"__type__":"cc.Size","width":2.6,"height":84.3},"_position":{"__type__":"cc.Vec3","y":-22},"_scale":{"__type__":"cc.Vec3","x":1,"y":1,"z":1}},{"__type__":"cc.Node","_name":"zhanjifengexian_v","_parent":{"__id__":2},"_level":5,"_components":[{"__type__":"cc.Sprite","node":{"__id__":5},"_spriteFrame":{"__uuid__":"661X3mOh1NY4+i959e3zzW"},"_sizeMode":0}],"_prefab":{"__type__":"cc.PrefabInfo","root":{"__id__":1},"asset":{"__id__":0},"fileId":"f1KGAywhJOTqfoG7FpF4SS"},"_contentSize":{"__type__":"cc.Size","width":2.6,"height":84.3},"_position":{"__type__":"cc.Vec3","x":-244,"y":-23},"_scale":{"__type__":"cc.Vec3","x":1,"y":1,"z":1}},{"__type__":"cc.Node","_name":"zhanjifengexian_v","_parent":{"__id__":2},"_level":5,"_components":[{"__type__":"cc.Sprite","node":{"__id__":6},"_spriteFrame":{"__uuid__":"661X3mOh1NY4+i959e3zzW"},"_sizeMode":0}],"_prefab":{"__type__":"cc.PrefabInfo","root":{"__id__":1},"asset":{"__id__":0},"fileId":"c6R8Y7l8FEEYTqlGbnOs3H"},"_contentSize":{"__type__":"cc.Size","width":2.6,"height":84.3},"_position":{"__type__":"cc.Vec3","x":241,"y":-23},"_scale":{"__type__":"cc.Vec3","x":1,"y":1,"z":1}},{"__type__":"cc.Node","_name":"time","_parent":{"__id__":1},"_level":4,"_components":[{"__id__":8}],"_prefab":{"__type__":"cc.PrefabInfo","root":{"__id__":1},"asset":{"__id__":0},"fileId":"4bPxpF7uZPFasBUjU4tWIi"},"_color":{"__type__":"cc.Color","r":131,"g":91,"b":53},"_contentSize":{"__type__":"cc.Size","width":202.38,"height":20},"_anchorPoint":{"__type__":"cc.Vec2","y":0.5},"_position":{"__type__":"cc.Vec3","x":-454,"y":43},"_scale":{"__type__":"cc.Vec3","x":1,"y":1,"z":1}},{"__type__":"cc.Label","node":{"__id__":7},"_srcBlendFactor":1,"_useOriginalSize":false,"_string":"2015-03-08    16:20:32","_N$string":"2015-03-08    16:20:32","_fontSize":20,"_lineHeight":20,"_N$horizontalAlign":1,"_N$verticalAlign":1},{"__type__":"cc.Node","_name":"room_id","_parent":{"__id__":1},"_level":4,"_components":[{"__id__":10}],"_prefab":{"__type__":"cc.PrefabInfo","root":{"__id__":1},"asset":{"__id__":0},"fileId":"dfXsiqyR9Nq5PhTy63UNpm"},"_color":{"__type__":"cc.Color","r":131,"g":91,"b":53},"_contentSize":{"__type__":"cc.Size","width":153.21,"height":26},"_anchorPoint":{"__type__":"cc.Vec2","y":0.5},"_position":{"__type__":"cc.Vec3","x":-201,"y":43},"_scale":{"__type__":"cc.Vec3","x":1,"y":1,"z":1}},{"__type__":"cc.Label","node":{"__id__":9},"_srcBlendFactor":1,"_useOriginalSize":false,"_string":"房号: 234879","_N$string":"房号: 234879","_fontSize":26,"_lineHeight":26,"_N$horizontalAlign":1,"_N$verticalAlign":1},{"__type__":"cc.Node","_name":"rule","_parent":{"__id__":1},"_level":4,"_components":[{"__id__":12}],"_prefab":{"__type__":"cc.PrefabInfo","root":{"__id__":1},"asset":{"__id__":0},"fileId":"1avkQb3MVGBJOSL5g78GOh"},"_color":{"__type__":"cc.Color","r":131,"g":91,"b":53},"_contentSize":{"__type__":"cc.Size","width":156,"height":26},"_anchorPoint":{"__type__":"cc.Vec2","y":0.5},"_position":{"__type__":"cc.Vec3","x":14,"y":43},"_scale":{"__type__":"cc.Vec3","x":1,"y":1,"z":1}},{"__type__":"cc.Label","node":{"__id__":11},"_srcBlendFactor":1,"_useOriginalSize":false,"_string":"赤峰麻将规则","_N$string":"赤峰麻将规则","_fontSize":26,"_lineHeight":26,"_N$horizontalAlign":1,"_N$verticalAlign":1},{"__type__":"cc.Node","_name":"offset_0","_parent":{"__id__":1},"_children":[{"__id__":14},{"__id__":16}],"_level":4,"_prefab":{"__type__":"cc.PrefabInfo","root":{"__id__":1},"asset":{"__id__":0},"fileId":"e3Kdk8H+FLdoKevmZH3xBL"},"_position":{"__type__":"cc.Vec3","x":-371,"y":-21},"_scale":{"__type__":"cc.Vec3","x":1,"y":1,"z":1}},{"__type__":"cc.Node","_name":"name","_parent":{"__id__":13},"_level":4,"_components":[{"__id__":15}],"_prefab":{"__type__":"cc.PrefabInfo","root":{"__id__":1},"asset":{"__id__":0},"fileId":"64WvbMiBpKUIVPVJWahyPh"},"_color":{"__type__":"cc.Color","r":131,"g":91,"b":53},"_contentSize":{"__type__":"cc.Size","width":78,"height":26},"_position":{"__type__":"cc.Vec3","y":17},"_scale":{"__type__":"cc.Vec3","x":1,"y":1,"z":1}},{"__type__":"cc.Label","node":{"__id__":14},"_srcBlendFactor":1,"_useOriginalSize":false,"_string":"断舍离","_N$string":"断舍离","_fontSize":26,"_lineHeight":26,"_N$horizontalAlign":1,"_N$verticalAlign":1},{"__type__":"cc.Node","_name":"offset","_parent":{"__id__":13},"_level":4,"_components":[{"__id__":17}],"_prefab":{"__type__":"cc.PrefabInfo","root":{"__id__":1},"asset":{"__id__":0},"fileId":"c5foJlAVxNPoKwVACXdb7n"},"_color":{"__type__":"cc.Color","r":131,"g":91,"b":53},"_contentSize":{"__type__":"cc.Size","width":57.84,"height":26},"_position":{"__type__":"cc.Vec3","y":-23},"_scale":{"__type__":"cc.Vec3","x":1,"y":1,"z":1}},{"__type__":"cc.Label","node":{"__id__":16},"_srcBlendFactor":1,"_useOriginalSize":false,"_string":"1000","_N$string":"1000","_fontSize":26,"_lineHeight":26,"_N$horizontalAlign":1,"_N$verticalAlign":1},{"__type__":"cc.Node","_name":"offset_1","_parent":{"__id__":1},"_children":[{"__id__":19},{"__id__":21}],"_level":4,"_prefab":{"__type__":"cc.PrefabInfo","root":{"__id__":1},"asset":{"__id__":0},"fileId":"24MM5UCmREgLWfKujLjo6j"},"_position":{"__type__":"cc.Vec3","x":-130,"y":-21},"_scale":{"__type__":"cc.Vec3","x":1,"y":1,"z":1}},{"__type__":"cc.Node","_name":"name","_parent":{"__id__":18},"_level":4,"_components":[{"__id__":20}],"_prefab":{"__type__":"cc.PrefabInfo","root":{"__id__":1},"asset":{"__id__":0},"fileId":"6cZPJwx25CupzH5pwxedpr"},"_color":{"__type__":"cc.Color","r":131,"g":91,"b":53},"_contentSize":{"__type__":"cc.Size","width":78,"height":26},"_position":{"__type__":"cc.Vec3","y":17},"_scale":{"__type__":"cc.Vec3","x":1,"y":1,"z":1}},{"__type__":"cc.Label","node":{"__id__":19},"_srcBlendFactor":1,"_useOriginalSize":false,"_string":"断舍离","_N$string":"断舍离","_fontSize":26,"_lineHeight":26,"_N$horizontalAlign":1,"_N$verticalAlign":1},{"__type__":"cc.Node","_name":"offset","_parent":{"__id__":18},"_level":4,"_components":[{"__id__":22}],"_prefab":{"__type__":"cc.PrefabInfo","root":{"__id__":1},"asset":{"__id__":0},"fileId":"cfiQ82EldELp1E7rAwwRsl"},"_color":{"__type__":"cc.Color","r":131,"g":91,"b":53},"_contentSize":{"__type__":"cc.Size","width":57.84,"height":26},"_position":{"__type__":"cc.Vec3","y":-23},"_scale":{"__type__":"cc.Vec3","x":1,"y":1,"z":1}},{"__type__":"cc.Label","node":{"__id__":21},"_srcBlendFactor":1,"_useOriginalSize":false,"_string":"1000","_N$string":"1000","_fontSize":26,"_lineHeight":26,"_N$horizontalAlign":1,"_N$verticalAlign":1},{"__type__":"cc.Node","_name":"offset_2","_parent":{"__id__":1},"_children":[{"__id__":24},{"__id__":26}],"_level":4,"_prefab":{"__type__":"cc.PrefabInfo","root":{"__id__":1},"asset":{"__id__":0},"fileId":"67wzUNZZZHd7S01AcqJD6t"},"_position":{"__type__":"cc.Vec3","x":133,"y":-21},"_scale":{"__type__":"cc.Vec3","x":1,"y":1,"z":1}},{"__type__":"cc.Node","_name":"name","_parent":{"__id__":23},"_level":4,"_components":[{"__id__":25}],"_prefab":{"__type__":"cc.PrefabInfo","root":{"__id__":1},"asset":{"__id__":0},"fileId":"cd0oAW6kNPw6hQ+3Gg7Tgg"},"_color":{"__type__":"cc.Color","r":131,"g":91,"b":53},"_contentSize":{"__type__":"cc.Size","width":78,"height":26},"_position":{"__type__":"cc.Vec3","y":17},"_scale":{"__type__":"cc.Vec3","x":1,"y":1,"z":1}},{"__type__":"cc.Label","node":{"__id__":24},"_srcBlendFactor":1,"_useOriginalSize":false,"_string":"断舍离","_N$string":"断舍离","_fontSize":26,"_lineHeight":26,"_N$horizontalAlign":1,"_N$verticalAlign":1},{"__type__":"cc.Node","_name":"offset","_parent":{"__id__":23},"_level":4,"_components":[{"__id__":27}],"_prefab":{"__type__":"cc.PrefabInfo","root":{"__id__":1},"asset":{"__id__":0},"fileId":"1bJdH4olpA3pBlwojQHeOc"},"_color":{"__type__":"cc.Color","r":131,"g":91,"b":53},"_contentSize":{"__type__":"cc.Size","width":57.84,"height":26},"_position":{"__type__":"cc.Vec3","y":-23},"_scale":{"__type__":"cc.Vec3","x":1,"y":1,"z":1}},{"__type__":"cc.Label","node":{"__id__":26},"_srcBlendFactor":1,"_useOriginalSize":false,"_string":"1000","_N$string":"1000","_fontSize":26,"_lineHeight":26,"_N$horizontalAlign":1,"_N$verticalAlign":1},{"__type__":"cc.Node","_name":"offset_3","_parent":{"__id__":1},"_children":[{"__id__":29},{"__id__":31}],"_level":4,"_prefab":{"__type__":"cc.PrefabInfo","root":{"__id__":1},"asset":{"__id__":0},"fileId":"dcMdaN5DBJFqB+olicuPC3"},"_position":{"__type__":"cc.Vec3","x":368,"y":-21},"_scale":{"__type__":"cc.Vec3","x":1,"y":1,"z":1}},{"__type__":"cc.Node","_name":"name","_parent":{"__id__":28},"_level":4,"_components":[{"__id__":30}],"_prefab":{"__type__":"cc.PrefabInfo","root":{"__id__":1},"asset":{"__id__":0},"fileId":"356kfUwlVGFpHDN1BYYDEZ"},"_color":{"__type__":"cc.Color","r":131,"g":91,"b":53},"_contentSize":{"__type__":"cc.Size","width":78,"height":26},"_position":{"__type__":"cc.Vec3","y":17},"_scale":{"__type__":"cc.Vec3","x":1,"y":1,"z":1}},{"__type__":"cc.Label","node":{"__id__":29},"_srcBlendFactor":1,"_useOriginalSize":false,"_string":"断舍离","_N$string":"断舍离","_fontSize":26,"_lineHeight":26,"_N$horizontalAlign":1,"_N$verticalAlign":1},{"__type__":"cc.Node","_name":"offset","_parent":{"__id__":28},"_level":4,"_components":[{"__id__":32}],"_prefab":{"__type__":"cc.PrefabInfo","root":{"__id__":1},"asset":{"__id__":0},"fileId":"dbeC0+FxlBY7Rs1elhezKm"},"_color":{"__type__":"cc.Color","r":131,"g":91,"b":53},"_contentSize":{"__type__":"cc.Size","width":57.84,"height":26},"_position":{"__type__":"cc.Vec3","y":-23},"_scale":{"__type__":"cc.Vec3","x":1,"y":1,"z":1}},{"__type__":"cc.Label","node":{"__id__":31},"_srcBlendFactor":1,"_useOriginalSize":false,"_string":"1000","_N$string":"1000","_fontSize":26,"_lineHeight":26,"_N$horizontalAlign":1,"_N$verticalAlign":1},{"__type__":"cc.Node","_name":"btn_lookDetail","_parent":{"__id__":1},"_level":4,"_components":[{"__type__":"cc.Sprite","node":{"__id__":33},"_spriteFrame":{"__uuid__":"8bjt9sbbFPwZx4LnfuncWS"},"_sizeMode":2},{"__type__":"cc.Button","node":{"__id__":33},"transition":3,"pressedColor":{"__type__":"cc.Color","r":255,"g":255,"b":255},"zoomScale":1.1,"clickEvents":[{"__type__":"cc.ClickEvent","target":{"__id__":1},"component":"recordCell","handler":"onClickDetail"}],"_N$normalColor":{"__type__":"cc.Color","r":255,"g":255,"b":255},"_N$disabledColor":{"__type__":"cc.Color","r":255,"g":255,"b":255},"_N$normalSprite":{"__uuid__":"8bjt9sbbFPwZx4LnfuncWS"},"_N$pressedSprite":{"__uuid__":"e97GVMl6JHh5Ml5qEDdSGa"},"pressedSprite":{"__uuid__":"e97GVMl6JHh5Ml5qEDdSGa"},"_N$hoverSprite":{"__uuid__":"f0BIwQ8D5Ml7nTNQbh1YlS"},"hoverSprite":{"__uuid__":"f0BIwQ8D5Ml7nTNQbh1YlS"},"_N$disabledSprite":{"__uuid__":"29FYIk+N1GYaeWH/q1NxQO"},"_N$target":{"__id__":33}}],"_prefab":{"__type__":"cc.PrefabInfo","root":{"__id__":1},"asset":{"__id__":0},"fileId":"55o6RRr9xPWqJJTDElLfI2"},"_contentSize":{"__type__":"cc.Size","width":137,"height":27},"_position":{"__type__":"cc.Vec3","x":371,"y":46},"_scale":{"__type__":"cc.Vec3","x":1,"y":1,"z":1}},{"__type__":"cc.Node","_name":"btn_replay","_parent":{"__id__":1},"_level":2,"_components":[{"__type__":"cc.Sprite","node":{"__id__":34},"_spriteFrame":{"__uuid__":"fcPoywQthPJaOHvSVKUnB/"},"_sizeMode":2},{"__type__":"cc.Button","node":{"__id__":34},"transition":3,"pressedColor":{"__type__":"cc.Color","r":255,"g":255,"b":255},"zoomScale":1.1,"clickEvents":[{"__type__":"cc.ClickEvent","target":{"__id__":1},"component":"recordCell","handler":"onClickDetail"}],"_N$normalColor":{"__type__":"cc.Color","r":255,"g":255,"b":255},"_N$disabledColor":{"__type__":"cc.Color","r":255,"g":255,"b":255},"_N$normalSprite":{"__uuid__":"8bjt9sbbFPwZx4LnfuncWS"},"_N$pressedSprite":{"__uuid__":"e97GVMl6JHh5Ml5qEDdSGa"},"pressedSprite":{"__uuid__":"e97GVMl6JHh5Ml5qEDdSGa"},"_N$hoverSprite":{"__uuid__":"f0BIwQ8D5Ml7nTNQbh1YlS"},"hoverSprite":{"__uuid__":"f0BIwQ8D5Ml7nTNQbh1YlS"},"_N$disabledSprite":{"__uuid__":"29FYIk+N1GYaeWH/q1NxQO"},"_N$target":{"__id__":34}}],"_prefab":{"__type__":"cc.PrefabInfo","root":{"__id__":1},"asset":{"__id__":0},"fileId":"b1VgIsCC1GJ4Z8ukXDDa5E"},"_contentSize":{"__type__":"cc.Size","width":93,"height":42},"_position":{"__type__":"cc.Vec3","x":371,"y":46},"_scale":{"__type__":"cc.Vec3","x":1,"y":1,"z":1}}],{"__type__":"cc.SpriteFrame","content":{"name":"default_btn_pressed","texture":"b4P/PCArtIdIH38t6mlw8Y","rect":[0,0,40,40],"offset":[0,0],"originalSize":[40,40],"capInsets":[12,12,12,12]}},{"__type__":"cc.SpriteFrame","content":{"name":"default_btn_normal","texture":"e8Ueib+qJEhL6mXAHdnwbi","rect":[0,0,40,40],"offset":[0,0],"originalSize":[40,40],"capInsets":[12,12,12,12]}},{"__type__":"cc.SpriteFrame","content":{"name":"huifanganniu","texture":"cdSuU1EC1BaaW3GIkNRRm2","rect":[0,0,93,42],"offset":[0,0],"originalSize":[93,42],"capInsets":[0,0,0,0]}}]