[{"__type__":"cc.SpriteFrame","content":{"name":"MyholdpengB1","texture":"9dMyQrkMJDz79gSRWDq7Y9","rect":[357,714,51,78],"offset":[0,0],"originalSize":[51,78],"capInsets":[0,0,0,0]}},{"__type__":"cc.SpriteFrame","content":{"name":"Myholdpeng_bei","texture":"9dMyQrkMJDz79gSRWDq7Y9","rect":[306,714,51,78],"offset":[0,0],"originalSize":[51,78],"capInsets":[0,0,0,0]}},[{"__type__":"cc.Prefab","_name":"SelfEatPengGang","data":{"__id__":1}},{"__type__":"cc.Node","_name":"SelfUpEatPengGang","_children":[{"__id__":2},{"__id__":4},{"__id__":11}],"_level":1,"_components":[{"__type__":"cc.Layout","node":{"__id__":1},"_layoutSize":{"__type__":"cc.Size","width":153,"height":78},"_resize":1,"_N$layoutType":1},{"__type__":"5bedcCHx2tE14+zD8+6LbqL","node":{"__id__":1},"pDirection":{"__id__":9},"vCard":[{"__id__":3},{"__id__":10},{"__id__":12},{"__id__":6}],"pMingGangCover":{"__id__":5},"pAnGangCover":{"__id__":7}}],"_prefab":{"__type__":"cc.PrefabInfo","root":{"__id__":1},"asset":{"__uuid__":"90zWn4d85Md4O94QiKl1Gh"},"fileId":"6fRlHOoiVJD4whMQwIwFRo"},"_contentSize":{"__type__":"cc.Size","width":153,"height":78},"_position":{"__type__":"cc.Vec3","x":553.4,"y":412.1},"_scale":{"__type__":"cc.Vec3","x":1,"y":1,"z":1}},{"__type__":"cc.Node","_name":"MyholdpengB1","_parent":{"__id__":1},"_level":2,"_components":[{"__id__":3}],"_prefab":{"__type__":"cc.PrefabInfo","root":{"__id__":1},"asset":{"__uuid__":"90zWn4d85Md4O94QiKl1Gh"},"fileId":"8cESjuAx5GT7sIqEPktktZ"},"_contentSize":{"__type__":"cc.Size","width":51,"height":78},"_position":{"__type__":"cc.Vec3","x":-51},"_scale":{"__type__":"cc.Vec3","x":1,"y":1,"z":1}},{"__type__":"cc.Sprite","node":{"__id__":2},"_spriteFrame":{"__uuid__":"36qwQjJeVExonxR/7BazQz"}},{"__type__":"cc.Node","_name":"MyholdpengB2","_parent":{"__id__":1},"_children":[{"__id__":5},{"__id__":7},{"__id__":8}],"_level":2,"_components":[{"__id__":10}],"_prefab":{"__type__":"cc.PrefabInfo","root":{"__id__":1},"asset":{"__uuid__":"90zWn4d85Md4O94QiKl1Gh"},"fileId":"dcDqK7jqtAspLUKCwr6Nja"},"_contentSize":{"__type__":"cc.Size","width":51,"height":78},"_scale":{"__type__":"cc.Vec3","x":1,"y":1,"z":1}},{"__type__":"cc.Node","_name":"mingGangCover","_parent":{"__id__":4},"_level":3,"_components":[{"__id__":6}],"_prefab":{"__type__":"cc.PrefabInfo","root":{"__id__":1},"asset":{"__uuid__":"90zWn4d85Md4O94QiKl1Gh"},"fileId":"98XFP9wANGAYq6UfvQtkOI"},"_contentSize":{"__type__":"cc.Size","width":51,"height":78},"_position":{"__type__":"cc.Vec3","y":16},"_scale":{"__type__":"cc.Vec3","x":1,"y":1,"z":1}},{"__type__":"cc.Sprite","node":{"__id__":5},"_spriteFrame":{"__uuid__":"36qwQjJeVExonxR/7BazQz"}},{"__type__":"cc.Node","_name":"AnGangCover","_parent":{"__id__":4},"_level":3,"_components":[{"__type__":"cc.Sprite","node":{"__id__":7},"_spriteFrame":{"__uuid__":"7aKNKvnKxJXq3wCfVYkcII"}}],"_prefab":{"__type__":"cc.PrefabInfo","root":{"__id__":1},"asset":{"__uuid__":"90zWn4d85Md4O94QiKl1Gh"},"fileId":"38LjsUhfBCLL6QrmyRujmp"},"_contentSize":{"__type__":"cc.Size","width":51,"height":78},"_position":{"__type__":"cc.Vec3","y":16},"_scale":{"__type__":"cc.Vec3","x":1,"y":1,"z":1}},{"__type__":"cc.Node","_name":"jiantou","_parent":{"__id__":4},"_level":3,"_components":[{"__id__":9}],"_prefab":{"__type__":"cc.PrefabInfo","root":{"__id__":1},"asset":{"__uuid__":"90zWn4d85Md4O94QiKl1Gh"},"fileId":"2f9rPmes1IOIWDzZzl+tqh"},"_contentSize":{"__type__":"cc.Size","width":27,"height":36},"_position":{"__type__":"cc.Vec3","x":-1,"y":16},"_scale":{"__type__":"cc.Vec3","x":1,"y":1,"z":1}},{"__type__":"cc.Sprite","node":{"__id__":8},"_spriteFrame":{"__uuid__":"adebZCQKdFcaoOSgA08I6T"}},{"__type__":"cc.Sprite","node":{"__id__":4},"_spriteFrame":{"__uuid__":"36qwQjJeVExonxR/7BazQz"}},{"__type__":"cc.Node","_name":"MyholdpengB3","_parent":{"__id__":1},"_level":2,"_components":[{"__id__":12}],"_prefab":{"__type__":"cc.PrefabInfo","root":{"__id__":1},"asset":{"__uuid__":"90zWn4d85Md4O94QiKl1Gh"},"fileId":"4a4ZzWlrRE5Ko9DA4rQS/M"},"_contentSize":{"__type__":"cc.Size","width":51,"height":78},"_position":{"__type__":"cc.Vec3","x":51},"_scale":{"__type__":"cc.Vec3","x":1,"y":1,"z":1}},{"__type__":"cc.Sprite","node":{"__id__":11},"_spriteFrame":{"__uuid__":"36qwQjJeVExonxR/7BazQz"}}],{"__type__":"cc.SpriteFrame","content":{"name":"jiantou","texture":"daIYQHGehDOZ04nbVfWLpL","rect":[0,0,27,36],"offset":[0,0],"originalSize":[27,36],"capInsets":[0,0,0,0]}}]