[{"__type__":"cc.SpriteFrame","content":{"name":"sfnt_0","texture":"0aLN3F/4VFhIxX7I13GvdT","rect":[0,0,284,39],"offset":[0,0],"originalSize":[284,39],"capInsets":[0,0,0,0]}},{"__type__":"cc.BitmapFont","_name":"sfnt","spriteFrame":{"__uuid__":"14cF8QChJEBY2TtTniEdq5"},"fontSize":32,"_fntConfig":{"commonHeight":32,"fontSize":32,"atlasName":"sfnt_0.png","fontDefDictionary":{"48":{"rect":{"x":0,"y":0,"width":29,"height":39},"xOffset":0,"yOffset":0,"xAdvance":29},"49":{"rect":{"x":261,"y":0,"width":23,"height":38},"xOffset":0,"yOffset":0,"xAdvance":23},"50":{"rect":{"x":29,"y":0,"width":29,"height":39},"xOffset":0,"yOffset":0,"xAdvance":29},"51":{"rect":{"x":58,"y":0,"width":29,"height":39},"xOffset":0,"yOffset":0,"xAdvance":29},"52":{"rect":{"x":174,"y":0,"width":30,"height":38},"xOffset":0,"yOffset":0,"xAdvance":30},"53":{"rect":{"x":233,"y":0,"width":28,"height":38},"xOffset":0,"yOffset":0,"xAdvance":28},"54":{"rect":{"x":87,"y":0,"width":29,"height":39},"xOffset":0,"yOffset":0,"xAdvance":29},"55":{"rect":{"x":204,"y":0,"width":29,"height":38},"xOffset":0,"yOffset":0,"xAdvance":29},"56":{"rect":{"x":116,"y":0,"width":29,"height":39},"xOffset":0,"yOffset":0,"xAdvance":29},"57":{"rect":{"x":145,"y":0,"width":29,"height":39},"xOffset":0,"yOffset":0,"xAdvance":29}},"kerningDict":{}}}]