[{"__type__":"cc.BitmapFont","_name":"shuzilv","spriteFrame":{"__uuid__":"7aqOfNRbxNpL68OjE3P/y4"},"fontSize":32,"_fntConfig":{"commonHeight":32,"fontSize":32,"atlasName":"shuzilv_0.png","fontDefDictionary":{"47":{"rect":{"x":63,"y":0,"width":19,"height":30},"xOffset":0,"yOffset":0,"xAdvance":19},"48":{"rect":{"x":83,"y":0,"width":19,"height":30},"xOffset":0,"yOffset":0,"xAdvance":19},"49":{"rect":{"x":113,"y":31,"width":13,"height":30},"xOffset":0,"yOffset":0,"xAdvance":13},"50":{"rect":{"x":0,"y":31,"width":18,"height":30},"xOffset":0,"yOffset":0,"xAdvance":18},"51":{"rect":{"x":95,"y":31,"width":17,"height":30},"xOffset":0,"yOffset":0,"xAdvance":17},"52":{"rect":{"x":103,"y":0,"width":19,"height":30},"xOffset":0,"yOffset":0,"xAdvance":19},"53":{"rect":{"x":0,"y":62,"width":17,"height":30},"xOffset":0,"yOffset":0,"xAdvance":17},"54":{"rect":{"x":19,"y":31,"width":18,"height":30},"xOffset":0,"yOffset":0,"xAdvance":18},"55":{"rect":{"x":38,"y":31,"width":18,"height":30},"xOffset":0,"yOffset":0,"xAdvance":18},"56":{"rect":{"x":57,"y":31,"width":18,"height":30},"xOffset":0,"yOffset":0,"xAdvance":18},"57":{"rect":{"x":76,"y":31,"width":18,"height":30},"xOffset":0,"yOffset":0,"xAdvance":18},"22280":{"rect":{"x":32,"y":0,"width":30,"height":30},"xOffset":0,"yOffset":0,"xAdvance":30},"23616":{"rect":{"x":0,"y":0,"width":31,"height":30},"xOffset":0,"yOffset":0,"xAdvance":31}},"kerningDict":{}}},{"__type__":"cc.SpriteFrame","content":{"name":"shuzilv_0","texture":"42/0wPALxFk4GlNT5JnnOt","rect":[0,0,125,89],"offset":[-1.5,5.5],"originalSize":[128,100],"capInsets":[0,0,0,0]}}]