[{"__type__":"cc.SpriteFrame","content":{"name":"touxiang","texture":"d18MUvyXVPzLk9qaYuNr26","rect":[0,0,70,70],"offset":[0,0],"originalSize":[70,70],"capInsets":[0,0,0,0]}},{"__type__":"cc.SpriteFrame","content":{"name":"anniutichu","texture":"bfyIaOCMFJN7ik0XSSg3Xx","rect":[0,0,129,67],"offset":[0,0],"originalSize":[129,67],"capInsets":[0,0,0,0]}},{"__type__":"cc.SpriteFrame","content":{"name":"zhanjidixiugai","texture":"1aUf0gRulOsrep9gBkC6Sv","rect":[0,0,44,44],"offset":[0,0],"originalSize":[44,44],"capInsets":[19,15,18,19]}},{"__type__":"cc.SpriteFrame","content":{"name":"default_btn_disabled","texture":"71VhFCTINJM6/Ky3oX9nBT","rect":[0,0,40,40],"offset":[0,0],"originalSize":[40,40],"capInsets":[12,12,12,12]}},{"__type__":"cc.SpriteFrame","content":{"name":"touxiangkuang","texture":"3bz7ZdnTVN84gBrIPsjHOq","rect":[0,0,70,70],"offset":[0,0],"originalSize":[70,70],"capInsets":[0,0,0,0]}},[{"__type__":"cc.Prefab","_name":"memberItem","data":{"__id__":1}},{"__type__":"cc.Node","_name":"memberItem","_children":[{"__id__":2},{"__id__":8},{"__id__":10},{"__id__":12},{"__id__":14},{"__id__":16},{"__id__":17},{"__id__":18}],"_level":1,"_components":[{"__type__":"cc.Sprite","node":{"__id__":1},"_spriteFrame":{"__uuid__":"28b3tse2JI5pQGptfax2ek"},"_type":1,"_sizeMode":0},{"__type__":"bc209FiQRtBmok6y3oGWH8w","node":{"__id__":1},"pHeadIcon":{"__id__":7},"pName":{"__id__":9},"pUID":{"__id__":13},"pOnlineState":{"__id__":11},"pPriviliage":{"__id__":15},"pUpgadePriviliage":{"__id__":18},"pDownPriviliage":{"__id__":17},"pKickOut":{"__id__":16}}],"_prefab":{"__type__":"cc.PrefabInfo","root":{"__id__":1},"asset":{"__uuid__":"aaakgfboJEyLA2XDCFLN/v"},"fileId":"f3jSGTynpLm5jvOC1Crdar"},"_contentSize":{"__type__":"cc.Size","width":984,"height":102},"_position":{"__type__":"cc.Vec3","x":668,"y":173},"_scale":{"__type__":"cc.Vec3","x":1,"y":1,"z":1}},{"__type__":"cc.Node","_name":"photoItem","_parent":{"__id__":1},"_children":[{"__id__":3},{"__id__":5}],"_level":4,"_components":[{"__type__":"cc.Mask","node":{"__id__":2},"_enabled":false,"_type":2},{"__id__":7}],"_prefab":{"__type__":"cc.PrefabInfo","root":{"__id__":1},"asset":{"__uuid__":"aaakgfboJEyLA2XDCFLN/v"},"fileId":"67R1K10PRPQIQD7CAUEUpv"},"_contentSize":{"__type__":"cc.Size","width":80.8,"height":78.8},"_position":{"__type__":"cc.Vec3","x":-430.7,"y":2.2},"_scale":{"__type__":"cc.Vec3","x":1,"y":1,"z":1}},{"__type__":"cc.Node","_name":"defaultImg","_parent":{"__id__":2},"_level":3,"_components":[{"__id__":4},{"__type__":"cc.Widget","node":{"__id__":3},"_alignFlags":45,"_left":2,"_right":2,"_top":2,"_bottom":2,"_originalWidth":70,"_originalHeight":70}],"_prefab":{"__type__":"cc.PrefabInfo","root":{"__id__":1},"asset":{"__uuid__":"aaakgfboJEyLA2XDCFLN/v"},"fileId":"f1IO0ZD+JG5LdPfpmidlH/"},"_contentSize":{"__type__":"cc.Size","width":76.8,"height":74.8},"_scale":{"__type__":"cc.Vec3","x":1,"y":1,"z":1}},{"__type__":"cc.Sprite","node":{"__id__":3},"_spriteFrame":{"__uuid__":"0aT9tAGgpHzZUfr/pYZpvW"},"_sizeMode":0},{"__type__":"cc.Node","_name":"imgFrame","_parent":{"__id__":2},"_level":3,"_components":[{"__id__":6},{"__type__":"cc.Widget","node":{"__id__":5},"_alignFlags":45,"_originalWidth":70,"_originalHeight":70}],"_prefab":{"__type__":"cc.PrefabInfo","root":{"__id__":1},"asset":{"__uuid__":"aaakgfboJEyLA2XDCFLN/v"},"fileId":"2792GCWiZN16gv6tGCwpqX"},"_contentSize":{"__type__":"cc.Size","width":80.8,"height":78.8},"_scale":{"__type__":"cc.Vec3","x":1,"y":1,"z":1}},{"__type__":"cc.Sprite","node":{"__id__":5},"_spriteFrame":{"__uuid__":"a0A3B5aIJIY5cp+yCg5ZzE"},"_sizeMode":0},{"__type__":"c422bc+UdREi7laXw4OL66Y","node":{"__id__":2},"pPhotoSprite":{"__id__":4},"pPhotoFrame":{"__id__":6}},{"__type__":"cc.Node","_name":"name","_parent":{"__id__":1},"_level":4,"_components":[{"__id__":9}],"_prefab":{"__type__":"cc.PrefabInfo","root":{"__id__":1},"asset":{"__uuid__":"aaakgfboJEyLA2XDCFLN/v"},"fileId":"8avsQBQupO/ZImRbed4KKa"},"_color":{"__type__":"cc.Color","r":131,"g":91,"b":53},"_contentSize":{"__type__":"cc.Size","width":78,"height":26},"_position":{"__type__":"cc.Vec3","x":-295.2,"y":3.7},"_scale":{"__type__":"cc.Vec3","x":1,"y":1,"z":1}},{"__type__":"cc.Label","node":{"__id__":8},"_srcBlendFactor":1,"_useOriginalSize":false,"_string":"贤惠美","_N$string":"贤惠美","_fontSize":26,"_lineHeight":26,"_N$horizontalAlign":1,"_N$verticalAlign":1},{"__type__":"cc.Node","_name":"online","_parent":{"__id__":1},"_level":4,"_components":[{"__id__":11}],"_prefab":{"__type__":"cc.PrefabInfo","root":{"__id__":1},"asset":{"__uuid__":"aaakgfboJEyLA2XDCFLN/v"},"fileId":"94Y7WSe2hL4a8iTuktFEob"},"_color":{"__type__":"cc.Color","r":131,"g":91,"b":53},"_contentSize":{"__type__":"cc.Size","width":78,"height":26},"_position":{"__type__":"cc.Vec3","x":2.9,"y":3.7},"_scale":{"__type__":"cc.Vec3","x":1,"y":1,"z":1}},{"__type__":"cc.Label","node":{"__id__":10},"_srcBlendFactor":1,"_useOriginalSize":false,"_string":"贤惠美","_N$string":"贤惠美","_fontSize":26,"_lineHeight":26,"_N$horizontalAlign":1,"_N$verticalAlign":1},{"__type__":"cc.Node","_name":"ID","_parent":{"__id__":1},"_level":4,"_components":[{"__id__":13}],"_prefab":{"__type__":"cc.PrefabInfo","root":{"__id__":1},"asset":{"__uuid__":"aaakgfboJEyLA2XDCFLN/v"},"fileId":"c1fuKDAOlMq6SbqpT9s/9L"},"_color":{"__type__":"cc.Color","r":131,"g":91,"b":53},"_contentSize":{"__type__":"cc.Size","width":86.76,"height":26},"_position":{"__type__":"cc.Vec3","x":-161.7,"y":3.7},"_scale":{"__type__":"cc.Vec3","x":1,"y":1,"z":1}},{"__type__":"cc.Label","node":{"__id__":12},"_srcBlendFactor":1,"_useOriginalSize":false,"_string":"456985","_N$string":"456985","_fontSize":26,"_lineHeight":26,"_N$horizontalAlign":1,"_N$verticalAlign":1},{"__type__":"cc.Node","_name":"identify","_parent":{"__id__":1},"_level":4,"_components":[{"__id__":15}],"_prefab":{"__type__":"cc.PrefabInfo","root":{"__id__":1},"asset":{"__uuid__":"aaakgfboJEyLA2XDCFLN/v"},"fileId":"9a4qjZeN5DO70Qae0N9lqt"},"_color":{"__type__":"cc.Color","r":131,"g":91,"b":53},"_contentSize":{"__type__":"cc.Size","width":52,"height":26},"_position":{"__type__":"cc.Vec3","x":160,"y":4},"_scale":{"__type__":"cc.Vec3","x":1,"y":1,"z":1}},{"__type__":"cc.Label","node":{"__id__":14},"_srcBlendFactor":1,"_useOriginalSize":false,"_string":"会长","_N$string":"会长","_fontSize":26,"_lineHeight":26,"_N$horizontalAlign":1,"_N$verticalAlign":1},{"__type__":"cc.Node","_name":"btn_kick","_parent":{"__id__":1},"_level":4,"_components":[{"__type__":"cc.Sprite","node":{"__id__":16},"_spriteFrame":{"__uuid__":"265RHRi1NEvpaxKm4Yt1CP"},"_type":1,"_sizeMode":2},{"__type__":"cc.Button","node":{"__id__":16},"transition":3,"pressedColor":{"__type__":"cc.Color","r":255,"g":255,"b":255},"zoomScale":1.1,"clickEvents":[{"__type__":"cc.ClickEvent","target":{"__id__":1},"component":"memberItem","handler":"onBtnKickOut"}],"_N$normalColor":{"__type__":"cc.Color","r":255,"g":255,"b":255},"_N$disabledColor":{"__type__":"cc.Color","r":255,"g":255,"b":255},"_N$normalSprite":{"__uuid__":"265RHRi1NEvpaxKm4Yt1CP"},"_N$pressedSprite":{"__uuid__":"e97GVMl6JHh5Ml5qEDdSGa"},"pressedSprite":{"__uuid__":"e97GVMl6JHh5Ml5qEDdSGa"},"_N$hoverSprite":{"__uuid__":"f0BIwQ8D5Ml7nTNQbh1YlS"},"hoverSprite":{"__uuid__":"f0BIwQ8D5Ml7nTNQbh1YlS"},"_N$disabledSprite":{"__uuid__":"29FYIk+N1GYaeWH/q1NxQO"},"_N$target":{"__id__":16}}],"_prefab":{"__type__":"cc.PrefabInfo","root":{"__id__":1},"asset":{"__uuid__":"aaakgfboJEyLA2XDCFLN/v"},"fileId":"d8QhYaNShPW6Ky6BcVVsU/"},"_contentSize":{"__type__":"cc.Size","width":129,"height":67},"_position":{"__type__":"cc.Vec3","x":415.9,"y":-0.8},"_scale":{"__type__":"cc.Vec3","x":1,"y":1,"z":1}},{"__type__":"cc.Node","_name":"btn_downPrivilige","_parent":{"__id__":1},"_level":4,"_components":[{"__type__":"cc.Sprite","node":{"__id__":17},"_spriteFrame":{"__uuid__":"feDHm+lq9PnKMAjOACakr1"},"_type":1,"_sizeMode":2},{"__type__":"cc.Button","node":{"__id__":17},"transition":3,"pressedColor":{"__type__":"cc.Color","r":255,"g":255,"b":255},"zoomScale":1.1,"clickEvents":[{"__type__":"cc.ClickEvent","target":{"__id__":1},"component":"memberItem","handler":"onBtnDownPrivigae"}],"_N$normalColor":{"__type__":"cc.Color","r":255,"g":255,"b":255},"_N$disabledColor":{"__type__":"cc.Color","r":255,"g":255,"b":255},"_N$normalSprite":{"__uuid__":"feDHm+lq9PnKMAjOACakr1"},"_N$pressedSprite":{"__uuid__":"e97GVMl6JHh5Ml5qEDdSGa"},"pressedSprite":{"__uuid__":"e97GVMl6JHh5Ml5qEDdSGa"},"_N$hoverSprite":{"__uuid__":"f0BIwQ8D5Ml7nTNQbh1YlS"},"hoverSprite":{"__uuid__":"f0BIwQ8D5Ml7nTNQbh1YlS"},"_N$disabledSprite":{"__uuid__":"29FYIk+N1GYaeWH/q1NxQO"},"_N$target":{"__id__":17}}],"_prefab":{"__type__":"cc.PrefabInfo","root":{"__id__":1},"asset":{"__uuid__":"aaakgfboJEyLA2XDCFLN/v"},"fileId":"d2jke84wpA07U5CsJMvSJ+"},"_contentSize":{"__type__":"cc.Size","width":131,"height":69},"_position":{"__type__":"cc.Vec3","x":286,"y":-1},"_scale":{"__type__":"cc.Vec3","x":1,"y":1,"z":1}},{"__type__":"cc.Node","_name":"btn_upPrivilige","_parent":{"__id__":1},"_level":4,"_components":[{"__type__":"cc.Sprite","node":{"__id__":18},"_spriteFrame":{"__uuid__":"f28dBpTChNrYOeuqQvdEZ2"},"_type":1,"_sizeMode":2},{"__type__":"cc.Button","node":{"__id__":18},"transition":3,"pressedColor":{"__type__":"cc.Color","r":255,"g":255,"b":255},"zoomScale":1.1,"clickEvents":[{"__type__":"cc.ClickEvent","target":{"__id__":1},"component":"memberItem","handler":"onBtnUpgradePrivigae"}],"_N$normalColor":{"__type__":"cc.Color","r":255,"g":255,"b":255},"_N$disabledColor":{"__type__":"cc.Color","r":255,"g":255,"b":255},"_N$normalSprite":{"__uuid__":"feDHm+lq9PnKMAjOACakr1"},"_N$pressedSprite":{"__uuid__":"e97GVMl6JHh5Ml5qEDdSGa"},"pressedSprite":{"__uuid__":"e97GVMl6JHh5Ml5qEDdSGa"},"_N$hoverSprite":{"__uuid__":"f0BIwQ8D5Ml7nTNQbh1YlS"},"hoverSprite":{"__uuid__":"f0BIwQ8D5Ml7nTNQbh1YlS"},"_N$disabledSprite":{"__uuid__":"29FYIk+N1GYaeWH/q1NxQO"},"_N$target":{"__id__":18}}],"_prefab":{"__type__":"cc.PrefabInfo","root":{"__id__":1},"asset":{"__uuid__":"aaakgfboJEyLA2XDCFLN/v"},"fileId":"31+t/lrW9Do743ekEHJ/hZ"},"_contentSize":{"__type__":"cc.Size","width":129,"height":67},"_position":{"__type__":"cc.Vec3","x":286,"y":-1},"_scale":{"__type__":"cc.Vec3","x":1,"y":1,"z":1}}],{"__type__":"cc.SpriteFrame","content":{"name":"default_btn_pressed","texture":"b4P/PCArtIdIH38t6mlw8Y","rect":[0,0,40,40],"offset":[0,0],"originalSize":[40,40],"capInsets":[12,12,12,12]}},{"__type__":"cc.SpriteFrame","content":{"name":"default_btn_normal","texture":"e8Ueib+qJEhL6mXAHdnwbi","rect":[0,0,40,40],"offset":[0,0],"originalSize":[40,40],"capInsets":[12,12,12,12]}},{"__type__":"cc.SpriteFrame","content":{"name":"anniushengzhi","texture":"11gY2qS0BGp4FxrOW7Rtbe","rect":[0,0,129,67],"offset":[0,0],"originalSize":[129,67],"capInsets":[0,0,0,0]}},{"__type__":"cc.SpriteFrame","content":{"name":"anniujiangzhi","texture":"83JbqBvkZPWoCWDGn4BcJt","rect":[0,0,131,69],"offset":[0,0],"originalSize":[131,69],"capInsets":[0,0,0,0]}}]