[{"__type__":"cc.SpriteFrame","content":{"name":"zhuomianzi_0","texture":"f1MjY0TX5Ewbdh4NxqNVwZ","rect":[0,1,90,85],"offset":[-1,2.5],"originalSize":[92,92],"capInsets":[0,0,0,0]}},{"__type__":"cc.BitmapFont","_name":"zhuomianzi","spriteFrame":{"__uuid__":"8fdVLzBshHCoUvt3n8O232"},"fontSize":32,"_fntConfig":{"commonHeight":32,"fontSize":32,"atlasName":"zhuomianzi_0.png","fontDefDictionary":{"47":{"rect":{"x":0,"y":58,"width":13,"height":28},"xOffset":0,"yOffset":0,"xAdvance":13},"48":{"rect":{"x":19,"y":0,"width":17,"height":28},"xOffset":0,"yOffset":0,"xAdvance":17},"49":{"rect":{"x":72,"y":29,"width":15,"height":28},"xOffset":0,"yOffset":0,"xAdvance":15},"50":{"rect":{"x":37,"y":0,"width":17,"height":28},"xOffset":0,"yOffset":0,"xAdvance":17},"51":{"rect":{"x":55,"y":0,"width":17,"height":28},"xOffset":0,"yOffset":0,"xAdvance":17},"52":{"rect":{"x":73,"y":0,"width":17,"height":28},"xOffset":0,"yOffset":0,"xAdvance":17},"53":{"rect":{"x":0,"y":29,"width":17,"height":28},"xOffset":0,"yOffset":0,"xAdvance":17},"54":{"rect":{"x":18,"y":29,"width":17,"height":28},"xOffset":0,"yOffset":0,"xAdvance":17},"55":{"rect":{"x":36,"y":29,"width":17,"height":28},"xOffset":0,"yOffset":0,"xAdvance":17},"56":{"rect":{"x":54,"y":29,"width":17,"height":28},"xOffset":0,"yOffset":0,"xAdvance":17},"57":{"rect":{"x":0,"y":0,"width":18,"height":28},"xOffset":0,"yOffset":0,"xAdvance":18}},"kerningDict":{}}}]