[{"__type__":"cc.SpriteFrame","content":{"name":"paomadengdi","texture":"c9l2yudTtPy5cBeuaQGoUk","rect":[0,0,580,44],"offset":[0,0],"originalSize":[580,44],"capInsets":[236,0,245,0]}},[{"__type__":"cc.Prefab","_name":"ledLabel","data":{"__id__":1}},{"__type__":"cc.Node","_name":"ledLabel","_children":[{"__id__":2}],"_level":2,"_components":[{"__type__":"cc.Sprite","node":{"__id__":1},"_spriteFrame":{"__uuid__":"97MNziLkxG452P9sLkautu"},"_type":1,"_sizeMode":0},{"__type__":"2f90098D5dGN4yrIvYS3jrW","node":{"__id__":1},"pContent":{"__id__":4},"pMaskBg":{"__id__":2}},{"__type__":"cc.Widget","node":{"__id__":1},"_alignFlags":17,"_top":-22}],"_prefab":{"__type__":"cc.PrefabInfo","root":{"__id__":1},"asset":{"__id__":0},"fileId":"d3/tR74UJHmqkDOsiqCdTG"},"_contentSize":{"__type__":"cc.Size","width":958,"height":44},"_scale":{"__type__":"cc.Vec3","x":1,"y":1,"z":1}},{"__type__":"cc.Node","_name":"mask","_parent":{"__id__":1},"_children":[{"__id__":3}],"_level":2,"_components":[{"__type__":"cc.Mask","node":{"__id__":2}}],"_prefab":{"__type__":"cc.PrefabInfo","root":{"__id__":1},"asset":{"__id__":0},"fileId":"6bKZb+rjpJQ7YY58DYC1q0"},"_contentSize":{"__type__":"cc.Size","width":896,"height":44},"_position":{"__type__":"cc.Vec3","x":8},"_scale":{"__type__":"cc.Vec3","x":1,"y":1,"z":1}},{"__type__":"cc.Node","_name":"label","_parent":{"__id__":2},"_level":3,"_components":[{"__id__":4}],"_prefab":{"__type__":"cc.PrefabInfo","root":{"__id__":1},"asset":{"__id__":0},"fileId":"76IhVzPPVO4Kpu23bSqkCU"},"_contentSize":{"__type__":"cc.Size","width":585.38,"height":26},"_anchorPoint":{"__type__":"cc.Vec2","y":0.5},"_position":{"__type__":"cc.Vec3","x":-370},"_scale":{"__type__":"cc.Vec3","x":1,"y":1,"z":1}},{"__type__":"cc.Label","node":{"__id__":3},"_srcBlendFactor":1,"_useOriginalSize":false,"_string":"helloasldjfhelloasldjfhelloasldjfhelloasldjfhhelloasldj","_N$string":"helloasldjfhelloasldjfhelloasldjfhelloasldjfhhelloasldj","_fontSize":26,"_lineHeight":26,"_N$verticalAlign":1}]]