{"__type__":"dragonBones.DragonBonesAsset","_name":"xymjdh_chi_ske","_dragonBonesJson":"{\"frameRate\":60,\"isGlobal\":0,\"armature\":[{\"bone\":[{\"name\":\"root\",\"transform\":{}},{\"inheritScale\":false,\"transform\":{},\"name\":\"chi\",\"parent\":\"root\"},{\"inheritScale\":false,\"transform\":{},\"name\":\"juse\",\"parent\":\"root\"},{\"inheritScale\":false,\"transform\":{},\"name\":\"Layer5\",\"parent\":\"root\"},{\"inheritScale\":false,\"transform\":{},\"name\":\"chi_Copy12\",\"parent\":\"root\"},{\"inheritScale\":false,\"transform\":{},\"name\":\"huang\",\"parent\":\"root\"}],\"type\":\"Armature\",\"ik\":[],\"animation\":[{\"ik\":[],\"bone\":[{\"rotateFrame\":[{\"tweenEasing\":0,\"duration\":16},{\"tweenEasing\":0,\"duration\":4},{\"tweenEasing\":0,\"duration\":4},{\"tweenEasing\":0,\"duration\":9},{\"tweenEasing\":0,\"duration\":28},{\"duration\":2}],\"scaleFrame\":[{\"tweenEasing\":0,\"duration\":16},{\"tweenEasing\":0,\"duration\":4},{\"y\":1.2,\"tweenEasing\":0,\"duration\":4,\"x\":1.2},{\"y\":1.8,\"tweenEasing\":0,\"duration\":9,\"x\":1.8},{\"y\":3.5,\"tweenEasing\":0,\"duration\":28,\"x\":3.5},{\"y\":3.5,\"duration\":2,\"x\":3.5}],\"name\":\"huang\",\"translateFrame\":[{\"tweenEasing\":0,\"duration\":16},{\"y\":-3,\"tweenEasing\":0,\"duration\":4},{\"y\":-3,\"tweenEasing\":0,\"duration\":4},{\"y\":-3,\"tweenEasing\":0,\"duration\":9},{\"y\":-3,\"tweenEasing\":0,\"duration\":28},{\"y\":-3,\"duration\":2}]},{\"rotateFrame\":[{\"tweenEasing\":0,\"duration\":26},{\"tweenEasing\":0,\"duration\":9},{\"tweenEasing\":0,\"duration\":28},{\"duration\":0}],\"scaleFrame\":[{\"tweenEasing\":0,\"duration\":26},{\"y\":1.6,\"tweenEasing\":0,\"duration\":9,\"x\":1.6},{\"y\":3.5,\"tweenEasing\":0,\"duration\":28,\"x\":3.5},{\"y\":3.5,\"duration\":0,\"x\":3.5}],\"name\":\"chi_Copy12\",\"translateFrame\":[{\"tweenEasing\":0,\"duration\":26},{\"tweenEasing\":0,\"duration\":9},{\"tweenEasing\":0,\"duration\":28},{\"duration\":0}]},{\"rotateFrame\":[{\"tweenEasing\":0,\"duration\":2},{\"tweenEasing\":0,\"duration\":4},{\"tweenEasing\":0,\"duration\":4},{\"tweenEasing\":0,\"duration\":4},{\"tweenEasing\":0,\"duration\":4},{\"tweenEasing\":0,\"duration\":4},{\"tweenEasing\":0,\"duration\":9},{\"tweenEasing\":0,\"duration\":4},{\"tweenEasing\":0,\"duration\":19},{\"tweenEasing\":0,\"duration\":4},{\"duration\":5}],\"scaleFrame\":[{\"y\":1.8,\"tweenEasing\":0,\"duration\":2,\"x\":1.8},{\"y\":1.8,\"tweenEasing\":0,\"duration\":4,\"x\":1.8},{\"y\":1.8,\"tweenEasing\":0,\"duration\":4,\"x\":1.8},{\"y\":1.6,\"tweenEasing\":0,\"duration\":4,\"x\":1.6},{\"y\":0.6,\"tweenEasing\":0,\"duration\":4,\"x\":0.6},{\"y\":1.2,\"tweenEasing\":0,\"duration\":4,\"x\":1.2},{\"y\":1.2,\"tweenEasing\":0,\"duration\":9,\"x\":1.2},{\"y\":0.8,\"tweenEasing\":0,\"duration\":4,\"x\":0.8},{\"y\":0.8,\"tweenEasing\":0,\"duration\":19,\"x\":0.8},{\"y\":0.8,\"tweenEasing\":0,\"duration\":4,\"x\":0.8},{\"y\":0.8,\"duration\":5,\"x\":0.8}],\"name\":\"chi\",\"translateFrame\":[{\"tweenEasing\":0,\"duration\":2},{\"tweenEasing\":0,\"duration\":4},{\"tweenEasing\":0,\"duration\":4},{\"tweenEasing\":0,\"duration\":4},{\"tweenEasing\":0,\"duration\":4},{\"tweenEasing\":0,\"duration\":4},{\"tweenEasing\":0,\"duration\":9},{\"tweenEasing\":0,\"duration\":4},{\"tweenEasing\":0,\"duration\":19},{\"tweenEasing\":0,\"duration\":4},{\"duration\":5}]},{\"rotateFrame\":[{\"tweenEasing\":0,\"duration\":2},{\"tweenEasing\":0,\"duration\":4},{\"tweenEasing\":0,\"duration\":4},{\"tweenEasing\":0,\"duration\":52},{\"duration\":1}],\"scaleFrame\":[{\"y\":1.2,\"tweenEasing\":0,\"duration\":2,\"x\":1.2},{\"y\":1.2,\"tweenEasing\":0,\"duration\":4,\"x\":1.2},{\"tweenEasing\":0,\"duration\":4},{\"tweenEasing\":0,\"duration\":52},{\"duration\":1}],\"name\":\"juse\",\"translateFrame\":[{\"y\":2,\"tweenEasing\":0,\"duration\":2,\"x\":6},{\"y\":2,\"tweenEasing\":0,\"duration\":4,\"x\":6},{\"y\":2,\"tweenEasing\":0,\"duration\":4,\"x\":6},{\"y\":2,\"tweenEasing\":0,\"duration\":52,\"x\":6},{\"y\":2,\"duration\":1,\"x\":6}]},{\"rotateFrame\":[{\"tweenEasing\":0,\"duration\":40},{\"tweenEasing\":0,\"duration\":4},{\"tweenEasing\":0,\"duration\":4},{\"tweenEasing\":0,\"duration\":4},{\"tweenEasing\":0,\"duration\":9},{\"duration\":2}],\"scaleFrame\":[{\"tweenEasing\":0,\"duration\":40},{\"tweenEasing\":0,\"duration\":4},{\"tweenEasing\":0,\"duration\":4},{\"tweenEasing\":0,\"duration\":4},{\"tweenEasing\":0,\"duration\":9},{\"duration\":2}],\"name\":\"Layer5\",\"translateFrame\":[{\"tweenEasing\":0,\"duration\":40},{\"y\":3,\"tweenEasing\":0,\"duration\":4,\"x\":3},{\"y\":3,\"tweenEasing\":0,\"duration\":4,\"x\":3},{\"y\":3,\"tweenEasing\":0,\"duration\":4,\"x\":3},{\"y\":3,\"tweenEasing\":0,\"duration\":9,\"x\":3},{\"y\":3,\"duration\":2,\"x\":3}]},{\"rotateFrame\":[],\"scaleFrame\":[],\"name\":\"root\",\"translateFrame\":[]}],\"slot\":[{\"colorFrame\":[{\"tweenEasing\":0,\"duration\":16},{\"tweenEasing\":0,\"duration\":4},{\"tweenEasing\":0,\"duration\":4},{\"tweenEasing\":0,\"duration\":9},{\"tweenEasing\":0,\"color\":{\"aM\":0},\"duration\":28},{\"color\":{\"aM\":0},\"duration\":2}],\"displayFrame\":[{\"value\":-1,\"duration\":16},{\"duration\":4},{\"duration\":4},{\"duration\":9},{\"duration\":28},{\"duration\":2}],\"name\":\"huang\"},{\"colorFrame\":[{\"tweenEasing\":0,\"duration\":26},{\"tweenEasing\":0,\"color\":{\"aM\":78},\"duration\":9},{\"tweenEasing\":0,\"color\":{\"aM\":0},\"duration\":28},{\"color\":{\"aM\":0},\"duration\":0}],\"displayFrame\":[{\"value\":-1,\"duration\":26},{\"duration\":9},{\"duration\":28},{\"duration\":0}],\"name\":\"chi_Copy12\"},{\"colorFrame\":[{\"tweenEasing\":0,\"duration\":2},{\"tweenEasing\":0,\"duration\":4},{\"tweenEasing\":0,\"duration\":4},{\"tweenEasing\":0,\"duration\":4},{\"tweenEasing\":0,\"duration\":4},{\"tweenEasing\":0,\"duration\":4},{\"tweenEasing\":0,\"duration\":9},{\"tweenEasing\":0,\"duration\":4},{\"tweenEasing\":0,\"duration\":19},{\"tweenEasing\":0,\"duration\":4},{\"color\":{\"aM\":0},\"duration\":5}],\"displayFrame\":[{\"value\":-1,\"duration\":2},{\"duration\":4},{\"duration\":4},{\"duration\":4},{\"duration\":4},{\"duration\":4},{\"duration\":9},{\"duration\":4},{\"duration\":19},{\"duration\":4},{\"duration\":5}],\"name\":\"chi\"},{\"colorFrame\":[{\"tweenEasing\":0,\"duration\":2},{\"tweenEasing\":0,\"duration\":4},{\"tweenEasing\":0,\"duration\":4},{\"tweenEasing\":0,\"color\":{\"aM\":0},\"duration\":52},{\"color\":{\"aM\":0},\"duration\":1}],\"displayFrame\":[{\"value\":-1,\"duration\":2},{\"duration\":4},{\"duration\":4},{\"duration\":52},{\"duration\":1}],\"name\":\"juse\"},{\"colorFrame\":[{\"tweenEasing\":0,\"duration\":40},{\"tweenEasing\":0,\"duration\":4},{\"tweenEasing\":0,\"duration\":4},{\"tweenEasing\":0,\"duration\":4},{\"tweenEasing\":0,\"color\":{\"aM\":0},\"duration\":9},{\"color\":{\"aM\":0},\"duration\":2}],\"displayFrame\":[{\"value\":-1,\"duration\":40},{\"duration\":4},{\"value\":1,\"duration\":4},{\"value\":2,\"duration\":4},{\"value\":2,\"duration\":9},{\"value\":2,\"duration\":2}],\"name\":\"Layer5\"}],\"ffd\":[],\"frame\":[],\"name\":\"play\",\"duration\":63}],\"skin\":[{\"slot\":[{\"display\":[{\"path\":\"ting_m1\",\"type\":\"image\",\"name\":\"ting_m1\",\"transform\":{}},{\"path\":\"ting_m2\",\"type\":\"image\",\"name\":\"ting_m2\",\"transform\":{}},{\"path\":\"ting_m3\",\"type\":\"image\",\"name\":\"ting_m3\",\"transform\":{}}],\"name\":\"Layer5\"},{\"display\":[{\"path\":\"chi_huangg\",\"type\":\"image\",\"name\":\"chi_huangg\",\"transform\":{}}],\"name\":\"huang\"},{\"display\":[{\"path\":\"chi_jug\",\"type\":\"image\",\"name\":\"chi_jug\",\"transform\":{}}],\"name\":\"juse\"},{\"display\":[{\"path\":\"chi_gz\",\"type\":\"image\",\"name\":\"chi_gz\",\"transform\":{}}],\"name\":\"chi\"},{\"display\":[{\"path\":\"chi_gz\",\"type\":\"image\",\"name\":\"chi_gz\",\"transform\":{}}],\"name\":\"chi_Copy12\"}],\"name\":\"\"}],\"defaultActions\":[{\"gotoAndPlay\":\"play\"}],\"aabb\":{\"width\":355,\"y\":-186,\"height\":372,\"x\":-177.5},\"slot\":[{\"name\":\"Layer5\",\"parent\":\"Layer5\",\"color\":{}},{\"z\":1,\"name\":\"juse\",\"parent\":\"juse\",\"color\":{}},{\"z\":2,\"name\":\"chi\",\"parent\":\"chi\",\"color\":{}},{\"z\":3,\"name\":\"chi_Copy12\",\"parent\":\"chi_Copy12\",\"color\":{}},{\"z\":4,\"name\":\"huang\",\"parent\":\"huang\",\"color\":{}}],\"name\":\"armatureName\",\"frameRate\":60}],\"name\":\"xymjdh_chi\",\"version\":\"5.5\"}"}