[{"__type__":"cc.SpriteFrame","content":{"name":"rightPengW6","texture":"77VvyAWx5BTKthW/r0x4Uv","rect":[456,136,38,34],"offset":[0,0],"originalSize":[38,34],"capInsets":[0,0,0,0]}},{"__type__":"cc.SpriteFrame","content":{"name":"MyHoldJ3","texture":"77VvyAWx5BTKthW/r0x4Uv","rect":[306,1116,51,81],"offset":[0,0],"originalSize":[51,81],"capInsets":[0,0,0,0]}},{"__type__":"cc.SpriteFrame","content":{"name":"MyHoldW5","texture":"77VvyAWx5BTKthW/r0x4Uv","rect":[153,1035,51,81],"offset":[0,0],"originalSize":[51,81],"capInsets":[0,0,0,0]}},{"__type__":"cc.SpriteFrame","content":{"name":"rightPengW4","texture":"77VvyAWx5BTKthW/r0x4Uv","rect":[418,136,38,34],"offset":[0,0],"originalSize":[38,34],"capInsets":[0,0,0,0]}},{"__type__":"cc.SpriteFrame","content":{"name":"leftPengB5","texture":"77VvyAWx5BTKthW/r0x4Uv","rect":[456,0,38,34],"offset":[0,0],"originalSize":[38,34],"capInsets":[0,0,0,0]}},{"__type__":"cc.SpriteFrame","content":{"name":"MyHoldW3","texture":"77VvyAWx5BTKthW/r0x4Uv","rect":[204,1035,51,81],"offset":[0,0],"originalSize":[51,81],"capInsets":[0,0,0,0]}},{"__type__":"cc.SpriteFrame","content":{"name":"rightPengT2","texture":"77VvyAWx5BTKthW/r0x4Uv","rect":[456,102,38,34],"offset":[0,0],"originalSize":[38,34],"capInsets":[0,0,0,0]}},{"__type__":"cc.SpriteFrame","content":{"name":"MyOutT2","texture":"77VvyAWx5BTKthW/r0x4Uv","rect":[403,296,31,46],"offset":[0,0],"originalSize":[31,46],"capInsets":[0,0,0,0]}},{"__type__":"cc.SpriteFrame","content":{"name":"MyholdpengB1","texture":"77VvyAWx5BTKthW/r0x4Uv","rect":[357,714,51,78],"offset":[0,0],"originalSize":[51,78],"capInsets":[0,0,0,0]}},{"__type__":"cc.SpriteFrame","content":{"name":"MyOutW6","texture":"77VvyAWx5BTKthW/r0x4Uv","rect":[248,434,31,46],"offset":[0,0],"originalSize":[31,46],"capInsets":[0,0,0,0]}},{"__type__":"cc.SpriteFrame","content":{"name":"MyOutH5","texture":"77VvyAWx5BTKthW/r0x4Uv","rect":[248,296,31,46],"offset":[0,0],"originalSize":[31,46],"capInsets":[0,0,0,0]}},{"__type__":"cc.SpriteFrame","content":{"name":"MyUpPengB3","texture":"77VvyAWx5BTKthW/r0x4Uv","rect":[434,434,31,46],"offset":[0,0],"originalSize":[31,46],"capInsets":[0,0,0,0]}},{"__type__":"cc.SpriteFrame","content":{"name":"MyholdpengJ2","texture":"77VvyAWx5BTKthW/r0x4Uv","rect":[0,558,51,78],"offset":[0,0],"originalSize":[51,78],"capInsets":[0,0,0,0]}},{"__type__":"cc.SpriteFrame","content":{"name":"MyOutB4","texture":"77VvyAWx5BTKthW/r0x4Uv","rect":[186,342,31,46],"offset":[0,0],"originalSize":[31,46],"capInsets":[0,0,0,0]}},{"__type__":"cc.SpriteFrame","content":{"name":"leftPengB2","texture":"77VvyAWx5BTKthW/r0x4Uv","rect":[0,0,38,34],"offset":[0,0],"originalSize":[38,34],"capInsets":[0,0,0,0]}},{"__type__":"cc.SpriteFrame","content":{"name":"MyUpPengJ1","texture":"77VvyAWx5BTKthW/r0x4Uv","rect":[0,296,31,46],"offset":[0,0],"originalSize":[31,46],"capInsets":[0,0,0,0]}},{"__type__":"cc.SpriteFrame","content":{"name":"rightPeng_bei","texture":"77VvyAWx5BTKthW/r0x4Uv","rect":[190,136,38,34],"offset":[0,0],"originalSize":[38,34],"capInsets":[0,0,0,0]}},{"__type__":"cc.SpriteFrame","content":{"name":"leftPengW8","texture":"77VvyAWx5BTKthW/r0x4Uv","rect":[76,68,38,34],"offset":[0,0],"originalSize":[38,34],"capInsets":[0,0,0,0]}},{"__type__":"cc.SpriteFrame","content":{"name":"leftPengT5","texture":"77VvyAWx5BTKthW/r0x4Uv","rect":[418,68,38,34],"offset":[0,0],"originalSize":[38,34],"capInsets":[0,0,0,0]}},{"__type__":"cc.SpriteFrame","content":{"name":"MyholdpengW4","texture":"77VvyAWx5BTKthW/r0x4Uv","rect":[459,636,51,78],"offset":[0,0],"originalSize":[51,78],"capInsets":[0,0,0,0]}},{"__type__":"cc.SpriteFrame","content":{"name":"MyUpPengF3","texture":"77VvyAWx5BTKthW/r0x4Uv","rect":[341,388,31,46],"offset":[0,0],"originalSize":[31,46],"capInsets":[0,0,0,0]}},{"__type__":"cc.SpriteFrame","content":{"name":"righthold","texture":"77VvyAWx5BTKthW/r0x4Uv","rect":[151,480,18,61],"offset":[0,0],"originalSize":[18,61],"capInsets":[0,0,0,0]}},{"__type__":"cc.SpriteFrame","content":{"name":"leftPeng_kong","texture":"77VvyAWx5BTKthW/r0x4Uv","rect":[114,68,38,34],"offset":[0,0],"originalSize":[38,34],"capInsets":[0,0,0,0]}},{"__type__":"cc.SpriteFrame","content":{"name":"rightPengF4","texture":"77VvyAWx5BTKthW/r0x4Uv","rect":[266,204,38,34],"offset":[0,0],"originalSize":[38,34],"capInsets":[0,0,0,0]}},{"__type__":"cc.SpriteFrame","content":{"name":"MyHoldB6","texture":"77VvyAWx5BTKthW/r0x4Uv","rect":[306,954,51,81],"offset":[0,0],"originalSize":[51,81],"capInsets":[0,0,0,0]}},{"__type__":"cc.SpriteFrame","content":{"name":"MyUpPengH8","texture":"77VvyAWx5BTKthW/r0x4Uv","rect":[155,296,31,46],"offset":[0,0],"originalSize":[31,46],"capInsets":[0,0,0,0]}},{"__type__":"cc.SpriteFrame","content":{"name":"MyHoldT8","texture":"77VvyAWx5BTKthW/r0x4Uv","rect":[51,1197,51,81],"offset":[0,0],"originalSize":[51,81],"capInsets":[0,0,0,0]}},{"__type__":"cc.SpriteFrame","content":{"name":"rightPengT6","texture":"77VvyAWx5BTKthW/r0x4Uv","rect":[342,102,38,34],"offset":[0,0],"originalSize":[38,34],"capInsets":[0,0,0,0]}},{"__type__":"cc.SpriteFrame","content":{"name":"MyOutT9","texture":"77VvyAWx5BTKthW/r0x4Uv","rect":[93,388,31,46],"offset":[0,0],"originalSize":[31,46],"capInsets":[0,0,0,0]}},{"__type__":"cc.SpriteFrame","content":{"name":"leftPengF4","texture":"77VvyAWx5BTKthW/r0x4Uv","rect":[152,102,38,34],"offset":[0,0],"originalSize":[38,34],"capInsets":[0,0,0,0]}},{"__type__":"cc.SpriteFrame","content":{"name":"MyholdpengW1","texture":"77VvyAWx5BTKthW/r0x4Uv","rect":[204,792,51,78],"offset":[0,0],"originalSize":[51,78],"capInsets":[0,0,0,0]}},{"__type__":"cc.SpriteFrame","content":{"name":"lefthold","texture":"77VvyAWx5BTKthW/r0x4Uv","rect":[133,480,18,61],"offset":[0,0],"originalSize":[18,61],"capInsets":[0,0,0,0]}},{"__type__":"cc.SpriteFrame","content":{"name":"rightPengB3","texture":"77VvyAWx5BTKthW/r0x4Uv","rect":[266,170,38,34],"offset":[0,0],"originalSize":[38,34],"capInsets":[0,0,0,0]}},{"__type__":"cc.SpriteFrame","content":{"name":"MyHoldW4","texture":"77VvyAWx5BTKthW/r0x4Uv","rect":[255,1035,51,81],"offset":[0,0],"originalSize":[51,81],"capInsets":[0,0,0,0]}},{"__type__":"cc.SpriteFrame","content":{"name":"MyholdpengW7","texture":"77VvyAWx5BTKthW/r0x4Uv","rect":[51,714,51,78],"offset":[0,0],"originalSize":[51,78],"capInsets":[0,0,0,0]}},{"__type__":"cc.SpriteFrame","content":{"name":"MyUpPengT7","texture":"77VvyAWx5BTKthW/r0x4Uv","rect":[442,204,31,46],"offset":[0,0],"originalSize":[31,46],"capInsets":[0,0,0,0]}},{"__type__":"cc.SpriteFrame","content":{"name":"MyUpPengW4","texture":"77VvyAWx5BTKthW/r0x4Uv","rect":[186,250,31,46],"offset":[0,0],"originalSize":[31,46],"capInsets":[0,0,0,0]}},{"__type__":"cc.SpriteFrame","content":{"name":"leftPengB1","texture":"77VvyAWx5BTKthW/r0x4Uv","rect":[228,136,38,34],"offset":[0,0],"originalSize":[38,34],"capInsets":[0,0,0,0]}},{"__type__":"cc.SpriteFrame","content":{"name":"rightPengH5","texture":"77VvyAWx5BTKthW/r0x4Uv","rect":[0,204,38,34],"offset":[0,0],"originalSize":[38,34],"capInsets":[0,0,0,0]}},{"__type__":"cc.SpriteFrame","content":{"name":"MyUpPengJ2","texture":"77VvyAWx5BTKthW/r0x4Uv","rect":[0,250,31,46],"offset":[0,0],"originalSize":[31,46],"capInsets":[0,0,0,0]}},{"__type__":"cc.SpriteFrame","content":{"name":"MyholdpengB9","texture":"77VvyAWx5BTKthW/r0x4Uv","rect":[255,636,51,78],"offset":[0,0],"originalSize":[51,78],"capInsets":[0,0,0,0]}},{"__type__":"cc.SpriteFrame","content":{"name":"rightPengH3","texture":"77VvyAWx5BTKthW/r0x4Uv","rect":[342,204,38,34],"offset":[0,0],"originalSize":[38,34],"capInsets":[0,0,0,0]}},{"__type__":"cc.SpriteFrame","content":{"name":"MyUpPengW2","texture":"77VvyAWx5BTKthW/r0x4Uv","rect":[465,250,31,46],"offset":[0,0],"originalSize":[31,46],"capInsets":[0,0,0,0]}},{"__type__":"cc.SpriteFrame","content":{"name":"MyholdpengF3","texture":"77VvyAWx5BTKthW/r0x4Uv","rect":[306,558,51,78],"offset":[0,0],"originalSize":[51,78],"capInsets":[0,0,0,0]}},{"__type__":"cc.SpriteFrame","content":{"name":"MyOutH4","texture":"77VvyAWx5BTKthW/r0x4Uv","rect":[62,342,31,46],"offset":[0,0],"originalSize":[31,46],"capInsets":[0,0,0,0]}},{"__type__":"cc.SpriteFrame","content":{"name":"rightPengT8","texture":"77VvyAWx5BTKthW/r0x4Uv","rect":[304,102,38,34],"offset":[0,0],"originalSize":[38,34],"capInsets":[0,0,0,0]}},{"__type__":"cc.SpriteFrame","content":{"name":"leftPengT7","texture":"77VvyAWx5BTKthW/r0x4Uv","rect":[76,102,38,34],"offset":[0,0],"originalSize":[38,34],"capInsets":[0,0,0,0]}},{"__type__":"cc.SpriteFrame","content":{"name":"leftPengW3","texture":"77VvyAWx5BTKthW/r0x4Uv","rect":[228,68,38,34],"offset":[0,0],"originalSize":[38,34],"capInsets":[0,0,0,0]}},{"__type__":"cc.SpriteFrame","content":{"name":"rightPengW7","texture":"77VvyAWx5BTKthW/r0x4Uv","rect":[380,136,38,34],"offset":[0,0],"originalSize":[38,34],"capInsets":[0,0,0,0]}},{"__type__":"cc.SpriteFrame","content":{"name":"MyOutW5","texture":"77VvyAWx5BTKthW/r0x4Uv","rect":[279,434,31,46],"offset":[0,0],"originalSize":[31,46],"capInsets":[0,0,0,0]}},{"__type__":"cc.SpriteFrame","content":{"name":"rightPengB6","texture":"77VvyAWx5BTKthW/r0x4Uv","rect":[380,170,38,34],"offset":[0,0],"originalSize":[38,34],"capInsets":[0,0,0,0]}},{"__type__":"cc.SpriteFrame","content":{"name":"MyOutH2","texture":"77VvyAWx5BTKthW/r0x4Uv","rect":[341,342,31,46],"offset":[0,0],"originalSize":[31,46],"capInsets":[0,0,0,0]}},{"__type__":"cc.SpriteFrame","content":{"name":"leftPengT6","texture":"77VvyAWx5BTKthW/r0x4Uv","rect":[0,102,38,34],"offset":[0,0],"originalSize":[38,34],"capInsets":[0,0,0,0]}},{"__type__":"cc.SpriteFrame","content":{"name":"MyOutF2","texture":"77VvyAWx5BTKthW/r0x4Uv","rect":[31,388,31,46],"offset":[0,0],"originalSize":[31,46],"capInsets":[0,0,0,0]}},{"__type__":"cc.SpriteFrame","content":{"name":"MyUpPengH2","texture":"77VvyAWx5BTKthW/r0x4Uv","rect":[93,434,31,46],"offset":[0,0],"originalSize":[31,46],"capInsets":[0,0,0,0]}},{"__type__":"cc.SpriteFrame","content":{"name":"leftPengW2","texture":"77VvyAWx5BTKthW/r0x4Uv","rect":[266,68,38,34],"offset":[0,0],"originalSize":[38,34],"capInsets":[0,0,0,0]}},{"__type__":"cc.SpriteFrame","content":{"name":"MyUpPengW5","texture":"77VvyAWx5BTKthW/r0x4Uv","rect":[434,250,31,46],"offset":[0,0],"originalSize":[31,46],"capInsets":[0,0,0,0]}},{"__type__":"cc.SpriteFrame","content":{"name":"MyUpPengT4","texture":"77VvyAWx5BTKthW/r0x4Uv","rect":[473,204,31,46],"offset":[0,0],"originalSize":[31,46],"capInsets":[0,0,0,0]}},{"__type__":"cc.SpriteFrame","content":{"name":"MyOutT4","texture":"77VvyAWx5BTKthW/r0x4Uv","rect":[465,296,31,46],"offset":[0,0],"originalSize":[31,46],"capInsets":[0,0,0,0]}},{"__type__":"cc.SpriteFrame","content":{"name":"MyUpPengH4","texture":"77VvyAWx5BTKthW/r0x4Uv","rect":[0,434,31,46],"offset":[0,0],"originalSize":[31,46],"capInsets":[0,0,0,0]}},{"__type__":"cc.SpriteFrame","content":{"name":"rightPengH1","texture":"77VvyAWx5BTKthW/r0x4Uv","rect":[228,204,38,34],"offset":[0,0],"originalSize":[38,34],"capInsets":[0,0,0,0]}},{"__type__":"cc.SpriteFrame","content":{"name":"rightPengW3","texture":"77VvyAWx5BTKthW/r0x4Uv","rect":[342,136,38,34],"offset":[0,0],"originalSize":[38,34],"capInsets":[0,0,0,0]}},{"__type__":"cc.SpriteFrame","content":{"name":"bao2","texture":"77VvyAWx5BTKthW/r0x4Uv","rect":[459,1035,51,81],"offset":[0,0],"originalSize":[51,81],"capInsets":[0,0,0,0]}},{"__type__":"cc.SpriteFrame","content":{"name":"leftPengH3","texture":"77VvyAWx5BTKthW/r0x4Uv","rect":[114,0,38,34],"offset":[0,0],"originalSize":[38,34],"capInsets":[0,0,0,0]}},{"__type__":"cc.SpriteFrame","content":{"name":"MyHoldF1","texture":"77VvyAWx5BTKthW/r0x4Uv","rect":[255,954,51,81],"offset":[0,0],"originalSize":[51,81],"capInsets":[0,0,0,0]}},{"__type__":"cc.SpriteFrame","content":{"name":"MyholdpengW2","texture":"77VvyAWx5BTKthW/r0x4Uv","rect":[153,792,51,78],"offset":[0,0],"originalSize":[51,78],"capInsets":[0,0,0,0]}},{"__type__":"cc.SpriteFrame","content":{"name":"MyholdpengT1","texture":"77VvyAWx5BTKthW/r0x4Uv","rect":[102,714,51,78],"offset":[0,0],"originalSize":[51,78],"capInsets":[0,0,0,0]}},{"__type__":"cc.SpriteFrame","content":{"name":"MyHoldF3","texture":"77VvyAWx5BTKthW/r0x4Uv","rect":[153,873,51,81],"offset":[0,0],"originalSize":[51,81],"capInsets":[0,0,0,0]}},{"__type__":"cc.SpriteFrame","content":{"name":"MyHoldW2","texture":"77VvyAWx5BTKthW/r0x4Uv","rect":[102,1116,51,81],"offset":[0,0],"originalSize":[51,81],"capInsets":[0,0,0,0]}},{"__type__":"cc.SpriteFrame","content":{"name":"rightPengB7","texture":"77VvyAWx5BTKthW/r0x4Uv","rect":[304,170,38,34],"offset":[0,0],"originalSize":[38,34],"capInsets":[0,0,0,0]}},{"__type__":"cc.SpriteFrame","content":{"name":"MyholdpengH6","texture":"77VvyAWx5BTKthW/r0x4Uv","rect":[51,558,51,78],"offset":[0,0],"originalSize":[51,78],"capInsets":[0,0,0,0]}},{"__type__":"cc.SpriteFrame","content":{"name":"MyholdpengH4","texture":"77VvyAWx5BTKthW/r0x4Uv","rect":[271,480,51,78],"offset":[0,0],"originalSize":[51,78],"capInsets":[0,0,0,0]}},{"__type__":"cc.SpriteFrame","content":{"name":"MyholdpengB5","texture":"77VvyAWx5BTKthW/r0x4Uv","rect":[357,558,51,78],"offset":[0,0],"originalSize":[51,78],"capInsets":[0,0,0,0]}},{"__type__":"cc.SpriteFrame","content":{"name":"leftPeng_bei","texture":"77VvyAWx5BTKthW/r0x4Uv","rect":[190,68,38,34],"offset":[0,0],"originalSize":[38,34],"capInsets":[0,0,0,0]}},{"__type__":"cc.SpriteFrame","content":{"name":"MyOutW8","texture":"77VvyAWx5BTKthW/r0x4Uv","rect":[155,434,31,46],"offset":[0,0],"originalSize":[31,46],"capInsets":[0,0,0,0]}},{"__type__":"cc.SpriteFrame","content":{"name":"Myholdpeng_kong","texture":"77VvyAWx5BTKthW/r0x4Uv","rect":[204,714,51,78],"offset":[0,0],"originalSize":[51,78],"capInsets":[0,0,0,0]}},{"__type__":"cc.SpriteFrame","content":{"name":"MyOutH3","texture":"77VvyAWx5BTKthW/r0x4Uv","rect":[155,342,31,46],"offset":[0,0],"originalSize":[31,46],"capInsets":[0,0,0,0]}},{"__type__":"cc.SpriteFrame","content":{"name":"MyOut_bei","texture":"77VvyAWx5BTKthW/r0x4Uv","rect":[62,480,31,46],"offset":[0,0],"originalSize":[31,46],"capInsets":[0,0,0,0]}},{"__type__":"cc.SpriteFrame","content":{"name":"Myholdpeng_bei","texture":"77VvyAWx5BTKthW/r0x4Uv","rect":[306,714,51,78],"offset":[0,0],"originalSize":[51,78],"capInsets":[0,0,0,0]}},{"__type__":"cc.SpriteFrame","content":{"name":"MyOutF3","texture":"77VvyAWx5BTKthW/r0x4Uv","rect":[465,342,31,46],"offset":[0,0],"originalSize":[31,46],"capInsets":[0,0,0,0]}},{"__type__":"cc.SpriteFrame","content":{"name":"leftPengW4","texture":"77VvyAWx5BTKthW/r0x4Uv","rect":[418,34,38,34],"offset":[0,0],"originalSize":[38,34],"capInsets":[0,0,0,0]}},{"__type__":"cc.SpriteFrame","content":{"name":"MyHoldT9","texture":"77VvyAWx5BTKthW/r0x4Uv","rect":[459,1116,51,81],"offset":[0,0],"originalSize":[51,81],"capInsets":[0,0,0,0]}},{"__type__":"cc.SpriteFrame","content":{"name":"rightPengW9","texture":"77VvyAWx5BTKthW/r0x4Uv","rect":[114,136,38,34],"offset":[0,0],"originalSize":[38,34],"capInsets":[0,0,0,0]}},{"__type__":"cc.SpriteFrame","content":{"name":"MyHoldB2","texture":"77VvyAWx5BTKthW/r0x4Uv","rect":[153,954,51,81],"offset":[0,0],"originalSize":[51,81],"capInsets":[0,0,0,0]}},{"__type__":"cc.SpriteFrame","content":{"name":"MyHoldT1","texture":"77VvyAWx5BTKthW/r0x4Uv","rect":[357,1116,51,81],"offset":[0,0],"originalSize":[51,81],"capInsets":[0,0,0,0]}},{"__type__":"cc.SpriteFrame","content":{"name":"MyholdpengH8","texture":"77VvyAWx5BTKthW/r0x4Uv","rect":[204,558,51,78],"offset":[0,0],"originalSize":[51,78],"capInsets":[0,0,0,0]}},{"__type__":"cc.SpriteFrame","content":{"name":"leftPengH8","texture":"77VvyAWx5BTKthW/r0x4Uv","rect":[342,0,38,34],"offset":[0,0],"originalSize":[38,34],"capInsets":[0,0,0,0]}},{"__type__":"cc.SpriteFrame","content":{"name":"MyHoldB4","texture":"77VvyAWx5BTKthW/r0x4Uv","rect":[459,873,51,81],"offset":[0,0],"originalSize":[51,81],"capInsets":[0,0,0,0]}},{"__type__":"cc.SpriteFrame","content":{"name":"MyholdpengT7","texture":"77VvyAWx5BTKthW/r0x4Uv","rect":[255,792,51,78],"offset":[0,0],"originalSize":[51,78],"capInsets":[0,0,0,0]}},{"__type__":"cc.SpriteFrame","content":{"name":"MyHoldF2","texture":"77VvyAWx5BTKthW/r0x4Uv","rect":[0,954,51,81],"offset":[0,0],"originalSize":[51,81],"capInsets":[0,0,0,0]}},{"__type__":"cc.SpriteFrame","content":{"name":"MyHoldB5","texture":"77VvyAWx5BTKthW/r0x4Uv","rect":[204,954,51,81],"offset":[0,0],"originalSize":[51,81],"capInsets":[0,0,0,0]}},{"__type__":"cc.SpriteFrame","content":{"name":"MyHoldH5","texture":"77VvyAWx5BTKthW/r0x4Uv","rect":[306,873,51,81],"offset":[0,0],"originalSize":[51,81],"capInsets":[0,0,0,0]}},{"__type__":"cc.SpriteFrame","content":{"name":"MyOutW2","texture":"77VvyAWx5BTKthW/r0x4Uv","rect":[310,434,31,46],"offset":[0,0],"originalSize":[31,46],"capInsets":[0,0,0,0]}},{"__type__":"cc.SpriteFrame","content":{"name":"MyholdpengH7","texture":"77VvyAWx5BTKthW/r0x4Uv","rect":[153,558,51,78],"offset":[0,0],"originalSize":[51,78],"capInsets":[0,0,0,0]}},{"__type__":"cc.SpriteFrame","content":{"name":"MyUpPengB5","texture":"77VvyAWx5BTKthW/r0x4Uv","rect":[124,434,31,46],"offset":[0,0],"originalSize":[31,46],"capInsets":[0,0,0,0]}},{"__type__":"cc.SpriteFrame","content":{"name":"bao","texture":"77VvyAWx5BTKthW/r0x4Uv","rect":[0,1035,51,81],"offset":[0,0],"originalSize":[51,81],"capInsets":[0,0,0,0]}},{"__type__":"cc.SpriteFrame","content":{"name":"MyUpPengB7","texture":"77VvyAWx5BTKthW/r0x4Uv","rect":[248,388,31,46],"offset":[0,0],"originalSize":[31,46],"capInsets":[0,0,0,0]}},{"__type__":"cc.SpriteFrame","content":{"name":"leftPengF3","texture":"77VvyAWx5BTKthW/r0x4Uv","rect":[418,0,38,34],"offset":[0,0],"originalSize":[38,34],"capInsets":[0,0,0,0]}},{"__type__":"cc.SpriteFrame","content":{"name":"MyOutB5","texture":"77VvyAWx5BTKthW/r0x4Uv","rect":[124,342,31,46],"offset":[0,0],"originalSize":[31,46],"capInsets":[0,0,0,0]}},{"__type__":"cc.SpriteFrame","content":{"name":"leftPengB4","texture":"77VvyAWx5BTKthW/r0x4Uv","rect":[38,34,38,34],"offset":[0,0],"originalSize":[38,34],"capInsets":[0,0,0,0]}},{"__type__":"cc.SpriteFrame","content":{"name":"MyHoldT7","texture":"77VvyAWx5BTKthW/r0x4Uv","rect":[153,1197,51,81],"offset":[0,0],"originalSize":[51,81],"capInsets":[0,0,0,0]}},{"__type__":"cc.SpriteFrame","content":{"name":"MyUpPengW9","texture":"77VvyAWx5BTKthW/r0x4Uv","rect":[341,250,31,46],"offset":[0,0],"originalSize":[31,46],"capInsets":[0,0,0,0]}},{"__type__":"cc.SpriteFrame","content":{"name":"MyholdpengJ3","texture":"77VvyAWx5BTKthW/r0x4Uv","rect":[220,480,51,78],"offset":[0,0],"originalSize":[51,78],"capInsets":[0,0,0,0]}},{"__type__":"cc.SpriteFrame","content":{"name":"MyHoldT5","texture":"77VvyAWx5BTKthW/r0x4Uv","rect":[0,1197,51,81],"offset":[0,0],"originalSize":[51,81],"capInsets":[0,0,0,0]}},{"__type__":"cc.SpriteFrame","content":{"name":"MyHoldH1","texture":"77VvyAWx5BTKthW/r0x4Uv","rect":[459,792,51,81],"offset":[0,0],"originalSize":[51,81],"capInsets":[0,0,0,0]}},{"__type__":"cc.SpriteFrame","content":{"name":"MyUpPengF4","texture":"77VvyAWx5BTKthW/r0x4Uv","rect":[434,388,31,46],"offset":[0,0],"originalSize":[31,46],"capInsets":[0,0,0,0]}},{"__type__":"cc.SpriteFrame","content":{"name":"MyOutB3","texture":"77VvyAWx5BTKthW/r0x4Uv","rect":[279,342,31,46],"offset":[0,0],"originalSize":[31,46],"capInsets":[0,0,0,0]}},{"__type__":"cc.SpriteFrame","content":{"name":"MyHoldT6","texture":"77VvyAWx5BTKthW/r0x4Uv","rect":[102,1197,51,81],"offset":[0,0],"originalSize":[51,81],"capInsets":[0,0,0,0]}},{"__type__":"cc.SpriteFrame","content":{"name":"MyHoldB1","texture":"77VvyAWx5BTKthW/r0x4Uv","rect":[102,954,51,81],"offset":[0,0],"originalSize":[51,81],"capInsets":[0,0,0,0]}},{"__type__":"cc.SpriteFrame","content":{"name":"rightPengB8","texture":"77VvyAWx5BTKthW/r0x4Uv","rect":[228,170,38,34],"offset":[0,0],"originalSize":[38,34],"capInsets":[0,0,0,0]}},{"__type__":"cc.SpriteFrame","content":{"name":"MyOutT5","texture":"77VvyAWx5BTKthW/r0x4Uv","rect":[31,342,31,46],"offset":[0,0],"originalSize":[31,46],"capInsets":[0,0,0,0]}},{"__type__":"cc.SpriteFrame","content":{"name":"rightPengB9","texture":"77VvyAWx5BTKthW/r0x4Uv","rect":[114,170,38,34],"offset":[0,0],"originalSize":[38,34],"capInsets":[0,0,0,0]}},{"__type__":"cc.SpriteFrame","content":{"name":"MyUpPengH5","texture":"77VvyAWx5BTKthW/r0x4Uv","rect":[465,388,31,46],"offset":[0,0],"originalSize":[31,46],"capInsets":[0,0,0,0]}},{"__type__":"cc.SpriteFrame","content":{"name":"MyHoldJ2","texture":"77VvyAWx5BTKthW/r0x4Uv","rect":[102,1035,51,81],"offset":[0,0],"originalSize":[51,81],"capInsets":[0,0,0,0]}},{"__type__":"cc.SpriteFrame","content":{"name":"leftPengJ2","texture":"77VvyAWx5BTKthW/r0x4Uv","rect":[190,0,38,34],"offset":[0,0],"originalSize":[38,34],"capInsets":[0,0,0,0]}},{"__type__":"cc.SpriteFrame","content":{"name":"MyOutT6","texture":"77VvyAWx5BTKthW/r0x4Uv","rect":[434,296,31,46],"offset":[0,0],"originalSize":[31,46],"capInsets":[0,0,0,0]}},{"__type__":"cc.SpriteFrame","content":{"name":"MyOutH8","texture":"77VvyAWx5BTKthW/r0x4Uv","rect":[279,296,31,46],"offset":[0,0],"originalSize":[31,46],"capInsets":[0,0,0,0]}},{"__type__":"cc.SpriteFrame","content":{"name":"MyholdpengT2","texture":"77VvyAWx5BTKthW/r0x4Uv","rect":[102,792,51,78],"offset":[0,0],"originalSize":[51,78],"capInsets":[0,0,0,0]}},{"__type__":"cc.SpriteFrame","content":{"name":"MyHoldH3","texture":"77VvyAWx5BTKthW/r0x4Uv","rect":[51,873,51,81],"offset":[0,0],"originalSize":[51,81],"capInsets":[0,0,0,0]}},{"__type__":"cc.SpriteFrame","content":{"name":"MyUpPengT2","texture":"77VvyAWx5BTKthW/r0x4Uv","rect":[124,250,31,46],"offset":[0,0],"originalSize":[31,46],"capInsets":[0,0,0,0]}},{"__type__":"cc.SpriteFrame","content":{"name":"MyUpPengW8","texture":"77VvyAWx5BTKthW/r0x4Uv","rect":[279,250,31,46],"offset":[0,0],"originalSize":[31,46],"capInsets":[0,0,0,0]}},{"__type__":"cc.SpriteFrame","content":{"name":"MyHold","texture":"77VvyAWx5BTKthW/r0x4Uv","rect":[357,1035,51,81],"offset":[0,0],"originalSize":[51,81],"capInsets":[0,0,0,0]}},{"__type__":"cc.SpriteFrame","content":{"name":"MyHoldB3","texture":"77VvyAWx5BTKthW/r0x4Uv","rect":[51,954,51,81],"offset":[0,0],"originalSize":[51,81],"capInsets":[0,0,0,0]}},{"__type__":"cc.SpriteFrame","content":{"name":"MyUpPengT3","texture":"77VvyAWx5BTKthW/r0x4Uv","rect":[62,250,31,46],"offset":[0,0],"originalSize":[31,46],"capInsets":[0,0,0,0]}},{"__type__":"cc.SpriteFrame","content":{"name":"MyOutB8","texture":"77VvyAWx5BTKthW/r0x4Uv","rect":[403,342,31,46],"offset":[0,0],"originalSize":[31,46],"capInsets":[0,0,0,0]}},{"__type__":"cc.SpriteFrame","content":{"name":"leftPengW7","texture":"77VvyAWx5BTKthW/r0x4Uv","rect":[0,68,38,34],"offset":[0,0],"originalSize":[38,34],"capInsets":[0,0,0,0]}},{"__type__":"cc.SpriteFrame","content":{"name":"MyholdpengJ1","texture":"77VvyAWx5BTKthW/r0x4Uv","rect":[102,558,51,78],"offset":[0,0],"originalSize":[51,78],"capInsets":[0,0,0,0]}},{"__type__":"cc.SpriteFrame","content":{"name":"leftPengH5","texture":"77VvyAWx5BTKthW/r0x4Uv","rect":[152,0,38,34],"offset":[0,0],"originalSize":[38,34],"capInsets":[0,0,0,0]}},{"__type__":"cc.SpriteFrame","content":{"name":"leftPengT4","texture":"77VvyAWx5BTKthW/r0x4Uv","rect":[304,68,38,34],"offset":[0,0],"originalSize":[38,34],"capInsets":[0,0,0,0]}},{"__type__":"cc.SpriteFrame","content":{"name":"MyHold_kong","texture":"77VvyAWx5BTKthW/r0x4Uv","rect":[51,1116,51,81],"offset":[0,0],"originalSize":[51,81],"capInsets":[0,0,0,0]}},{"__type__":"cc.SpriteFrame","content":{"name":"MyOutH6","texture":"77VvyAWx5BTKthW/r0x4Uv","rect":[93,480,40,47],"offset":[0,0],"originalSize":[40,47],"capInsets":[0,0,0,0]}},{"__type__":"cc.SpriteFrame","content":{"name":"leftPengH4","texture":"77VvyAWx5BTKthW/r0x4Uv","rect":[38,0,38,34],"offset":[0,0],"originalSize":[38,34],"capInsets":[0,0,0,0]}},{"__type__":"cc.SpriteFrame","content":{"name":"MyholdpengF2","texture":"77VvyAWx5BTKthW/r0x4Uv","rect":[51,636,51,78],"offset":[0,0],"originalSize":[51,78],"capInsets":[0,0,0,0]}},{"__type__":"cc.SpriteFrame","content":{"name":"MyUpPengB1","texture":"77VvyAWx5BTKthW/r0x4Uv","rect":[62,296,31,46],"offset":[0,0],"originalSize":[31,46],"capInsets":[0,0,0,0]}},{"__type__":"cc.SpriteFrame","content":{"name":"leftPengW1","texture":"77VvyAWx5BTKthW/r0x4Uv","rect":[456,68,38,34],"offset":[0,0],"originalSize":[38,34],"capInsets":[0,0,0,0]}},{"__type__":"cc.SpriteFrame","content":{"name":"rightPengB5","texture":"77VvyAWx5BTKthW/r0x4Uv","rect":[418,170,38,34],"offset":[0,0],"originalSize":[38,34],"capInsets":[0,0,0,0]}},{"__type__":"cc.SpriteFrame","content":{"name":"rightPengB2","texture":"77VvyAWx5BTKthW/r0x4Uv","rect":[152,136,38,34],"offset":[0,0],"originalSize":[38,34],"capInsets":[0,0,0,0]}},{"__type__":"cc.SpriteFrame","content":{"name":"MyholdpengW6","texture":"77VvyAWx5BTKthW/r0x4Uv","rect":[408,636,51,78],"offset":[0,0],"originalSize":[51,78],"capInsets":[0,0,0,0]}},{"__type__":"cc.SpriteFrame","content":{"name":"MyHoldJ1","texture":"77VvyAWx5BTKthW/r0x4Uv","rect":[408,954,51,81],"offset":[0,0],"originalSize":[51,81],"capInsets":[0,0,0,0]}},{"__type__":"cc.SpriteFrame","content":{"name":"rightPengW8","texture":"77VvyAWx5BTKthW/r0x4Uv","rect":[304,136,38,34],"offset":[0,0],"originalSize":[38,34],"capInsets":[0,0,0,0]}},{"__type__":"cc.SpriteFrame","content":{"name":"MyholdpengW8","texture":"77VvyAWx5BTKthW/r0x4Uv","rect":[153,714,51,78],"offset":[0,0],"originalSize":[51,78],"capInsets":[0,0,0,0]}},{"__type__":"cc.SpriteFrame","content":{"name":"MyUpPengH1","texture":"77VvyAWx5BTKthW/r0x4Uv","rect":[31,434,31,46],"offset":[0,0],"originalSize":[31,46],"capInsets":[0,0,0,0]}},{"__type__":"cc.SpriteFrame","content":{"name":"rightPengB1","texture":"77VvyAWx5BTKthW/r0x4Uv","rect":[38,68,38,34],"offset":[0,0],"originalSize":[38,34],"capInsets":[0,0,0,0]}},{"__type__":"cc.SpriteFrame","content":{"name":"MyOutW1","texture":"77VvyAWx5BTKthW/r0x4Uv","rect":[186,388,31,46],"offset":[0,0],"originalSize":[31,46],"capInsets":[0,0,0,0]}},{"__type__":"cc.SpriteFrame","content":{"name":"MyholdpengT6","texture":"77VvyAWx5BTKthW/r0x4Uv","rect":[408,714,51,78],"offset":[0,0],"originalSize":[51,78],"capInsets":[0,0,0,0]}},{"__type__":"cc.SpriteFrame","content":{"name":"MyHoldW6","texture":"77VvyAWx5BTKthW/r0x4Uv","rect":[51,1035,51,81],"offset":[0,0],"originalSize":[51,81],"capInsets":[0,0,0,0]}},{"__type__":"cc.SpriteFrame","content":{"name":"MyHoldH6","texture":"77VvyAWx5BTKthW/r0x4Uv","rect":[357,873,51,81],"offset":[0,0],"originalSize":[51,81],"capInsets":[0,0,0,0]}},{"__type__":"cc.SpriteFrame","content":{"name":"MyUpPengW1","texture":"77VvyAWx5BTKthW/r0x4Uv","rect":[403,250,31,46],"offset":[0,0],"originalSize":[31,46],"capInsets":[0,0,0,0]}},{"__type__":"cc.SpriteFrame","content":{"name":"rightPengT3","texture":"77VvyAWx5BTKthW/r0x4Uv","rect":[38,136,38,34],"offset":[0,0],"originalSize":[38,34],"capInsets":[0,0,0,0]}},{"__type__":"cc.SpriteFrame","content":{"name":"MyUpPengF1","texture":"77VvyAWx5BTKthW/r0x4Uv","rect":[155,388,31,46],"offset":[0,0],"originalSize":[31,46],"capInsets":[0,0,0,0]}},{"__type__":"cc.SpriteFrame","content":{"name":"MyOutJ1","texture":"77VvyAWx5BTKthW/r0x4Uv","rect":[186,296,31,46],"offset":[0,0],"originalSize":[31,46],"capInsets":[0,0,0,0]}},{"__type__":"cc.SpriteFrame","content":{"name":"MyHoldW1","texture":"77VvyAWx5BTKthW/r0x4Uv","rect":[204,1116,51,81],"offset":[0,0],"originalSize":[51,81],"capInsets":[0,0,0,0]}},{"__type__":"cc.SpriteFrame","content":{"name":"MyOutB7","texture":"77VvyAWx5BTKthW/r0x4Uv","rect":[310,342,31,46],"offset":[0,0],"originalSize":[31,46],"capInsets":[0,0,0,0]}},{"__type__":"cc.SpriteFrame","content":{"name":"MyOutB2","texture":"77VvyAWx5BTKthW/r0x4Uv","rect":[217,342,31,46],"offset":[0,0],"originalSize":[31,46],"capInsets":[0,0,0,0]}},{"__type__":"cc.SpriteFrame","content":{"name":"MyholdpengB4","texture":"77VvyAWx5BTKthW/r0x4Uv","rect":[459,558,51,78],"offset":[0,0],"originalSize":[51,78],"capInsets":[0,0,0,0]}},{"__type__":"cc.SpriteFrame","content":{"name":"MyholdpengF1","texture":"77VvyAWx5BTKthW/r0x4Uv","rect":[153,636,51,78],"offset":[0,0],"originalSize":[51,78],"capInsets":[0,0,0,0]}},{"__type__":"cc.SpriteFrame","content":{"name":"MyHoldW9","texture":"77VvyAWx5BTKthW/r0x4Uv","rect":[0,1116,51,81],"offset":[0,0],"originalSize":[51,81],"capInsets":[0,0,0,0]}},{"__type__":"cc.SpriteFrame","content":{"name":"MyUpPengF2","texture":"77VvyAWx5BTKthW/r0x4Uv","rect":[124,388,31,46],"offset":[0,0],"originalSize":[31,46],"capInsets":[0,0,0,0]}},{"__type__":"cc.SpriteFrame","content":{"name":"leftPengT8","texture":"77VvyAWx5BTKthW/r0x4Uv","rect":[114,102,38,34],"offset":[0,0],"originalSize":[38,34],"capInsets":[0,0,0,0]}},{"__type__":"cc.SpriteFrame","content":{"name":"leftPengB8","texture":"77VvyAWx5BTKthW/r0x4Uv","rect":[228,34,38,34],"offset":[0,0],"originalSize":[38,34],"capInsets":[0,0,0,0]}},{"__type__":"cc.SpriteFrame","content":{"name":"MyHoldW7","texture":"77VvyAWx5BTKthW/r0x4Uv","rect":[306,1035,51,81],"offset":[0,0],"originalSize":[51,81],"capInsets":[0,0,0,0]}},{"__type__":"cc.SpriteFrame","content":{"name":"MyUpPeng_kong","texture":"77VvyAWx5BTKthW/r0x4Uv","rect":[310,250,31,46],"offset":[0,0],"originalSize":[31,46],"capInsets":[0,0,0,0]}},{"__type__":"cc.SpriteFrame","content":{"name":"MyOutW3","texture":"77VvyAWx5BTKthW/r0x4Uv","rect":[372,434,31,46],"offset":[0,0],"originalSize":[31,46],"capInsets":[0,0,0,0]}},{"__type__":"cc.SpriteFrame","content":{"name":"MyOutB1","texture":"77VvyAWx5BTKthW/r0x4Uv","rect":[248,342,31,46],"offset":[0,0],"originalSize":[31,46],"capInsets":[0,0,0,0]}},{"__type__":"cc.SpriteFrame","content":{"name":"MyholdpengH1","texture":"77VvyAWx5BTKthW/r0x4Uv","rect":[255,558,51,78],"offset":[0,0],"originalSize":[51,78],"capInsets":[0,0,0,0]}},{"__type__":"cc.SpriteFrame","content":{"name":"rightPengH4","texture":"77VvyAWx5BTKthW/r0x4Uv","rect":[190,204,38,34],"offset":[0,0],"originalSize":[38,34],"capInsets":[0,0,0,0]}},{"__type__":"cc.SpriteFrame","content":{"name":"rightPengT7","texture":"77VvyAWx5BTKthW/r0x4Uv","rect":[228,102,38,34],"offset":[0,0],"originalSize":[38,34],"capInsets":[0,0,0,0]}},{"__type__":"cc.SpriteFrame","content":{"name":"MyUpPengB4","texture":"77VvyAWx5BTKthW/r0x4Uv","rect":[217,434,31,46],"offset":[0,0],"originalSize":[31,46],"capInsets":[0,0,0,0]}},{"__type__":"cc.SpriteFrame","content":{"name":"leftPengB3","texture":"77VvyAWx5BTKthW/r0x4Uv","rect":[0,34,38,34],"offset":[0,0],"originalSize":[38,34],"capInsets":[0,0,0,0]}},{"__type__":"cc.SpriteFrame","content":{"name":"MyHoldT4","texture":"77VvyAWx5BTKthW/r0x4Uv","rect":[408,1116,51,81],"offset":[0,0],"originalSize":[51,81],"capInsets":[0,0,0,0]}},{"__type__":"cc.SpriteFrame","content":{"name":"leftPengJ3","texture":"77VvyAWx5BTKthW/r0x4Uv","rect":[304,34,38,34],"offset":[0,0],"originalSize":[38,34],"capInsets":[0,0,0,0]}},{"__type__":"cc.SpriteFrame","content":{"name":"MyHoldH7","texture":"77VvyAWx5BTKthW/r0x4Uv","rect":[255,873,51,81],"offset":[0,0],"originalSize":[51,81],"capInsets":[0,0,0,0]}},{"__type__":"cc.SpriteFrame","content":{"name":"rightPengW5","texture":"77VvyAWx5BTKthW/r0x4Uv","rect":[0,170,38,34],"offset":[0,0],"originalSize":[38,34],"capInsets":[0,0,0,0]}},{"__type__":"cc.SpriteFrame","content":{"name":"MyOutF4","texture":"77VvyAWx5BTKthW/r0x4Uv","rect":[434,342,31,46],"offset":[0,0],"originalSize":[31,46],"capInsets":[0,0,0,0]}},{"__type__":"cc.SpriteFrame","content":{"name":"rightPengB4","texture":"77VvyAWx5BTKthW/r0x4Uv","rect":[342,170,38,34],"offset":[0,0],"originalSize":[38,34],"capInsets":[0,0,0,0]}},{"__type__":"cc.SpriteFrame","content":{"name":"MyholdpengB2","texture":"77VvyAWx5BTKthW/r0x4Uv","rect":[408,558,51,78],"offset":[0,0],"originalSize":[51,78],"capInsets":[0,0,0,0]}},{"__type__":"cc.SpriteFrame","content":{"name":"rightPengT5","texture":"77VvyAWx5BTKthW/r0x4Uv","rect":[418,102,38,34],"offset":[0,0],"originalSize":[38,34],"capInsets":[0,0,0,0]}},{"__type__":"cc.SpriteFrame","content":{"name":"MyHoldW8","texture":"77VvyAWx5BTKthW/r0x4Uv","rect":[408,1035,51,81],"offset":[0,0],"originalSize":[51,81],"capInsets":[0,0,0,0]}},{"__type__":"cc.SpriteFrame","content":{"name":"MyholdpengT9","texture":"77VvyAWx5BTKthW/r0x4Uv","rect":[306,792,51,78],"offset":[0,0],"originalSize":[51,78],"capInsets":[0,0,0,0]}},{"__type__":"cc.SpriteFrame","content":{"name":"leftPengT2","texture":"77VvyAWx5BTKthW/r0x4Uv","rect":[342,68,38,34],"offset":[0,0],"originalSize":[38,34],"capInsets":[0,0,0,0]}},{"__type__":"cc.SpriteFrame","content":{"name":"MyOutW4","texture":"77VvyAWx5BTKthW/r0x4Uv","rect":[341,434,31,46],"offset":[0,0],"originalSize":[31,46],"capInsets":[0,0,0,0]}},{"__type__":"cc.SpriteFrame","content":{"name":"MyUpPengT9","texture":"77VvyAWx5BTKthW/r0x4Uv","rect":[248,250,31,46],"offset":[0,0],"originalSize":[31,46],"capInsets":[0,0,0,0]}},{"__type__":"cc.SpriteFrame","content":{"name":"leftPengB9","texture":"77VvyAWx5BTKthW/r0x4Uv","rect":[266,34,38,34],"offset":[0,0],"originalSize":[38,34],"capInsets":[0,0,0,0]}},{"__type__":"cc.SpriteFrame","content":{"name":"rightPengW1","texture":"77VvyAWx5BTKthW/r0x4Uv","rect":[76,136,38,34],"offset":[0,0],"originalSize":[38,34],"capInsets":[0,0,0,0]}},{"__type__":"cc.SpriteFrame","content":{"name":"MyHoldT2","texture":"77VvyAWx5BTKthW/r0x4Uv","rect":[255,1116,51,81],"offset":[0,0],"originalSize":[51,81],"capInsets":[0,0,0,0]}},{"__type__":"cc.SpriteFrame","content":{"name":"MyholdpengW9","texture":"77VvyAWx5BTKthW/r0x4Uv","rect":[255,714,51,78],"offset":[0,0],"originalSize":[51,78],"capInsets":[0,0,0,0]}},{"__type__":"cc.SpriteFrame","content":{"name":"MyUpPengT5","texture":"77VvyAWx5BTKthW/r0x4Uv","rect":[380,204,31,46],"offset":[0,0],"originalSize":[31,46],"capInsets":[0,0,0,0]}},{"__type__":"cc.SpriteFrame","content":{"name":"MyHoldB9","texture":"77VvyAWx5BTKthW/r0x4Uv","rect":[357,954,51,81],"offset":[0,0],"originalSize":[51,81],"capInsets":[0,0,0,0]}},{"__type__":"cc.SpriteFrame","content":{"name":"MyOutJ2","texture":"77VvyAWx5BTKthW/r0x4Uv","rect":[124,296,31,46],"offset":[0,0],"originalSize":[31,46],"capInsets":[0,0,0,0]}},{"__type__":"cc.SpriteFrame","content":{"name":"leftPengW5","texture":"77VvyAWx5BTKthW/r0x4Uv","rect":[456,34,38,34],"offset":[0,0],"originalSize":[38,34],"capInsets":[0,0,0,0]}},{"__type__":"cc.SpriteFrame","content":{"name":"MyUpPengB9","texture":"77VvyAWx5BTKthW/r0x4Uv","rect":[217,388,31,46],"offset":[0,0],"originalSize":[31,46],"capInsets":[0,0,0,0]}},{"__type__":"cc.SpriteFrame","content":{"name":"leftPengT9","texture":"77VvyAWx5BTKthW/r0x4Uv","rect":[38,102,38,34],"offset":[0,0],"originalSize":[38,34],"capInsets":[0,0,0,0]}},{"__type__":"cc.SpriteFrame","content":{"name":"rightPengT1","texture":"77VvyAWx5BTKthW/r0x4Uv","rect":[380,102,38,34],"offset":[0,0],"originalSize":[38,34],"capInsets":[0,0,0,0]}},{"__type__":"cc.SpriteFrame","content":{"name":"leftPengT1","texture":"77VvyAWx5BTKthW/r0x4Uv","rect":[342,34,38,34],"offset":[0,0],"originalSize":[38,34],"capInsets":[0,0,0,0]}},{"__type__":"cc.SpriteFrame","content":{"name":"MyUpPengT8","texture":"77VvyAWx5BTKthW/r0x4Uv","rect":[31,250,31,46],"offset":[0,0],"originalSize":[31,46],"capInsets":[0,0,0,0]}},{"__type__":"cc.SpriteFrame","content":{"name":"MyholdpengH5","texture":"77VvyAWx5BTKthW/r0x4Uv","rect":[424,480,51,78],"offset":[0,0],"originalSize":[51,78],"capInsets":[0,0,0,0]}},{"__type__":"cc.SpriteFrame","content":{"name":"leftPengH6","texture":"77VvyAWx5BTKthW/r0x4Uv","rect":[228,0,38,34],"offset":[0,0],"originalSize":[38,34],"capInsets":[0,0,0,0]}},{"__type__":"cc.SpriteFrame","content":{"name":"MyholdpengW3","texture":"77VvyAWx5BTKthW/r0x4Uv","rect":[357,636,51,78],"offset":[0,0],"originalSize":[51,78],"capInsets":[0,0,0,0]}},{"__type__":"cc.SpriteFrame","content":{"name":"rightPengJ3","texture":"77VvyAWx5BTKthW/r0x4Uv","rect":[190,102,38,34],"offset":[0,0],"originalSize":[38,34],"capInsets":[0,0,0,0]}},{"__type__":"cc.SpriteFrame","content":{"name":"MyHoldF4","texture":"77VvyAWx5BTKthW/r0x4Uv","rect":[0,873,51,81],"offset":[0,0],"originalSize":[51,81],"capInsets":[0,0,0,0]}},{"__type__":"cc.SpriteFrame","content":{"name":"MyUpPengT1","texture":"77VvyAWx5BTKthW/r0x4Uv","rect":[155,250,31,46],"offset":[0,0],"originalSize":[31,46],"capInsets":[0,0,0,0]}},{"__type__":"cc.SpriteFrame","content":{"name":"leftPengB7","texture":"77VvyAWx5BTKthW/r0x4Uv","rect":[152,34,38,34],"offset":[0,0],"originalSize":[38,34],"capInsets":[0,0,0,0]}},{"__type__":"cc.SpriteFrame","content":{"name":"leftPengF2","texture":"77VvyAWx5BTKthW/r0x4Uv","rect":[114,34,38,34],"offset":[0,0],"originalSize":[38,34],"capInsets":[0,0,0,0]}},{"__type__":"cc.SpriteFrame","content":{"name":"MyOutT3","texture":"77VvyAWx5BTKthW/r0x4Uv","rect":[0,342,31,46],"offset":[0,0],"originalSize":[31,46],"capInsets":[0,0,0,0]}},{"__type__":"cc.SpriteFrame","content":{"name":"MyholdpengB7","texture":"77VvyAWx5BTKthW/r0x4Uv","rect":[102,636,51,78],"offset":[0,0],"originalSize":[51,78],"capInsets":[0,0,0,0]}},{"__type__":"cc.SpriteFrame","content":{"name":"MyUpPengW3","texture":"77VvyAWx5BTKthW/r0x4Uv","rect":[31,296,31,46],"offset":[0,0],"originalSize":[31,46],"capInsets":[0,0,0,0]}},{"__type__":"cc.SpriteFrame","content":{"name":"MyHoldB8","texture":"77VvyAWx5BTKthW/r0x4Uv","rect":[459,954,51,81],"offset":[0,0],"originalSize":[51,81],"capInsets":[0,0,0,0]}},{"__type__":"cc.SpriteFrame","content":{"name":"MyholdpengH2","texture":"77VvyAWx5BTKthW/r0x4Uv","rect":[322,480,51,78],"offset":[0,0],"originalSize":[51,78],"capInsets":[0,0,0,0]}},{"__type__":"cc.SpriteFrame","content":{"name":"MyholdpengT8","texture":"77VvyAWx5BTKthW/r0x4Uv","rect":[357,792,51,78],"offset":[0,0],"originalSize":[51,78],"capInsets":[0,0,0,0]}},{"__type__":"cc.SpriteFrame","content":{"name":"leftPengH2","texture":"77VvyAWx5BTKthW/r0x4Uv","rect":[76,0,38,34],"offset":[0,0],"originalSize":[38,34],"capInsets":[0,0,0,0]}},{"__type__":"cc.SpriteFrame","content":{"name":"MyUpPengW6","texture":"77VvyAWx5BTKthW/r0x4Uv","rect":[372,250,31,46],"offset":[0,0],"originalSize":[31,46],"capInsets":[0,0,0,0]}},{"__type__":"cc.SpriteFrame","content":{"name":"leftPengJ1","texture":"77VvyAWx5BTKthW/r0x4Uv","rect":[266,0,38,34],"offset":[0,0],"originalSize":[38,34],"capInsets":[0,0,0,0]}},{"__type__":"cc.SpriteFrame","content":{"name":"MyUpPengT6","texture":"77VvyAWx5BTKthW/r0x4Uv","rect":[411,204,31,46],"offset":[0,0],"originalSize":[31,46],"capInsets":[0,0,0,0]}},{"__type__":"cc.SpriteFrame","content":{"name":"MyUpPengB6","texture":"77VvyAWx5BTKthW/r0x4Uv","rect":[279,388,31,46],"offset":[0,0],"originalSize":[31,46],"capInsets":[0,0,0,0]}},{"__type__":"cc.SpriteFrame","content":{"name":"rightPengF1","texture":"77VvyAWx5BTKthW/r0x4Uv","rect":[190,170,38,34],"offset":[0,0],"originalSize":[38,34],"capInsets":[0,0,0,0]}},{"__type__":"cc.SpriteFrame","content":{"name":"MyOutT1","texture":"77VvyAWx5BTKthW/r0x4Uv","rect":[310,296,31,46],"offset":[0,0],"originalSize":[31,46],"capInsets":[0,0,0,0]}},{"__type__":"cc.SpriteFrame","content":{"name":"rightPengF3","texture":"77VvyAWx5BTKthW/r0x4Uv","rect":[76,170,38,34],"offset":[0,0],"originalSize":[38,34],"capInsets":[0,0,0,0]}},{"__type__":"cc.SpriteFrame","content":{"name":"MyOutT7","texture":"77VvyAWx5BTKthW/r0x4Uv","rect":[372,296,31,46],"offset":[0,0],"originalSize":[31,46],"capInsets":[0,0,0,0]}},{"__type__":"cc.SpriteFrame","content":{"name":"MyOutF1","texture":"77VvyAWx5BTKthW/r0x4Uv","rect":[62,388,31,46],"offset":[0,0],"originalSize":[31,46],"capInsets":[0,0,0,0]}},{"__type__":"cc.SpriteFrame","content":{"name":"leftPengT3","texture":"77VvyAWx5BTKthW/r0x4Uv","rect":[380,68,38,34],"offset":[0,0],"originalSize":[38,34],"capInsets":[0,0,0,0]}},{"__type__":"cc.SpriteFrame","content":{"name":"MyHoldH2","texture":"77VvyAWx5BTKthW/r0x4Uv","rect":[408,792,51,81],"offset":[0,0],"originalSize":[51,81],"capInsets":[0,0,0,0]}},{"__type__":"cc.SpriteFrame","content":{"name":"MyholdpengF4","texture":"77VvyAWx5BTKthW/r0x4Uv","rect":[306,636,51,78],"offset":[0,0],"originalSize":[51,78],"capInsets":[0,0,0,0]}},{"__type__":"cc.SpriteFrame","content":{"name":"MyOutJ3","texture":"77VvyAWx5BTKthW/r0x4Uv","rect":[93,296,31,46],"offset":[0,0],"originalSize":[31,46],"capInsets":[0,0,0,0]}},{"__type__":"cc.SpriteFrame","content":{"name":"MyholdpengB6","texture":"77VvyAWx5BTKthW/r0x4Uv","rect":[0,636,51,78],"offset":[0,0],"originalSize":[51,78],"capInsets":[0,0,0,0]}},{"__type__":"cc.SpriteFrame","content":{"name":"rightPengT4","texture":"77VvyAWx5BTKthW/r0x4Uv","rect":[0,136,38,34],"offset":[0,0],"originalSize":[38,34],"capInsets":[0,0,0,0]}},{"__type__":"cc.SpriteFrame","content":{"name":"rightPengH2","texture":"77VvyAWx5BTKthW/r0x4Uv","rect":[304,204,38,34],"offset":[0,0],"originalSize":[38,34],"capInsets":[0,0,0,0]}},{"__type__":"cc.SpriteFrame","content":{"name":"leftPengW9","texture":"77VvyAWx5BTKthW/r0x4Uv","rect":[152,68,38,34],"offset":[0,0],"originalSize":[38,34],"capInsets":[0,0,0,0]}},{"__type__":"cc.SpriteFrame","content":{"name":"MyOutB6","texture":"77VvyAWx5BTKthW/r0x4Uv","rect":[93,342,31,46],"offset":[0,0],"originalSize":[31,46],"capInsets":[0,0,0,0]}},{"__type__":"cc.SpriteFrame","content":{"name":"MyUpPengH7","texture":"77VvyAWx5BTKthW/r0x4Uv","rect":[372,388,31,46],"offset":[0,0],"originalSize":[31,46],"capInsets":[0,0,0,0]}},{"__type__":"cc.SpriteFrame","content":{"name":"leftPengW6","texture":"77VvyAWx5BTKthW/r0x4Uv","rect":[380,34,38,34],"offset":[0,0],"originalSize":[38,34],"capInsets":[0,0,0,0]}},{"__type__":"cc.SpriteFrame","content":{"name":"MyOutH7","texture":"77VvyAWx5BTKthW/r0x4Uv","rect":[217,296,31,46],"offset":[0,0],"originalSize":[31,46],"capInsets":[0,0,0,0]}},{"__type__":"cc.SpriteAtlas","_name":"CFGreenMJ.plist","_spriteFrames":{"MyHold":{"__uuid__":"78KDOmypxCrJUiHtbkch0u"},"MyHoldB1":{"__uuid__":"6eaQaaaV5L4JzaRsAFd8cp"},"MyHoldB2":{"__uuid__":"57Hpsg8+dOR4mNAKIwcJon"},"MyHoldB3":{"__uuid__":"78S4sDLq1DPpR+vD/Wj0eE"},"MyHoldB4":{"__uuid__":"58ouItjC9AZ64czUbZH75B"},"MyHoldB5":{"__uuid__":"58/x2oFuVPsKYP4ombFn5g"},"MyHoldB6":{"__uuid__":"17ax8A9oVO/r+pDW94ZnAk"},"MyHoldB7":{"__uuid__":"ed3WnDNIxLY7gDXXSJj5cT"},"MyHoldB8":{"__uuid__":"c3+HtZdWlNbatcvwLvdsoh"},"MyHoldB9":{"__uuid__":"b0rkC8MtBEsak/PyVxBqhv"},"MyHoldF1":{"__uuid__":"3eU8d3bfNDdJjR/bG/e+A9"},"MyHoldF2":{"__uuid__":"581XbRWQlGiZyKe7U/huXW"},"MyHoldF3":{"__uuid__":"44UZuqqbtAZpXPdKlbf5Ks"},"MyHoldF4":{"__uuid__":"c0isJ25rRD+Jx25oSxVutX"},"MyHoldH1":{"__uuid__":"67IRnV1rtMJYyeUlMUqwp/"},"MyHoldH2":{"__uuid__":"d3kobm0GtNx7OoJscKHwk7"},"MyHoldH3":{"__uuid__":"75zPBgUxNC2L0xu1k33TgD"},"MyHoldH4":{"__uuid__":"e6BW6pgypAqpmdqFFA9xZ4"},"MyHoldH5":{"__uuid__":"5bntvPRYVCRY01Z/oBYdXN"},"MyHoldH6":{"__uuid__":"8a+I8v5ghNeYqcUP/QZfUQ"},"MyHoldH7":{"__uuid__":"a4ArVU+eJNALfvrEDEKN5m"},"MyHoldH8":{"__uuid__":"fdV73anQJJf5PoIycQtcIw"},"MyHoldJ1":{"__uuid__":"87L/h2IdBEbJKmxzBXl5pP"},"MyHoldJ2":{"__uuid__":"6f/5rH9nZD/Z6pyfg4i97D"},"MyHoldJ3":{"__uuid__":"01Mpe1PBFOCbFO8kAfo0Vm"},"MyHoldT1":{"__uuid__":"57pBoUFK1AdY3s/sQsLmcc"},"MyHoldT2":{"__uuid__":"ae68xLesxAQ5WoGpeqf5Kl"},"MyHoldT3":{"__uuid__":"e6XEdXBGlLJLTHSvfvt0an"},"MyHoldT4":{"__uuid__":"a1F0w2aU9Boa90Jfsz8XPw"},"MyHoldT5":{"__uuid__":"66qySUMXZFJ4C8e9Bv47Hm"},"MyHoldT6":{"__uuid__":"6cV4u3Zi5KkYepA6iN+mR5"},"MyHoldT7":{"__uuid__":"63ieJJuhVLQp3zBnKl3mhh"},"MyHoldT8":{"__uuid__":"18u2ejreNNQasXfkfyfybA"},"MyHoldT9":{"__uuid__":"54zipJIfRGibIKM0JgacFV"},"MyHoldW1":{"__uuid__":"91RcCH1WBHR4faO6xp5MzG"},"MyHoldW2":{"__uuid__":"45ETC20yBCEYLjGrI2yiXK"},"MyHoldW3":{"__uuid__":"044w4GWeZJlrXVhQ3DRYTB"},"MyHoldW4":{"__uuid__":"21NPRwanBI0ZNvse6KYSb5"},"MyHoldW5":{"__uuid__":"03yBTmx8BASq5JtngRQh2X"},"MyHoldW6":{"__uuid__":"89gicP+q5DWIFFR+ExUbQE"},"MyHoldW7":{"__uuid__":"9677ZdjrhEKYbUi9HxB/Vb"},"MyHoldW8":{"__uuid__":"a66lWI5UtF4aES/B5aFcdm"},"MyHoldW9":{"__uuid__":"95bwcbqq1Dhbjxht3DMsD+"},"MyHold_kong":{"__uuid__":"7edrhKbqJAgZNWfoG9klmz"},"MyOutB1":{"__uuid__":"9b7NuKcThAE53LCi7y7AK2"},"MyOutB2":{"__uuid__":"93cAECX2ZBs7uOH0dU1KZf"},"MyOutB3":{"__uuid__":"69cvuR5gFFnbEV+vGjuxwQ"},"MyOutB4":{"__uuid__":"0dK3l3vipKVYEX8+0W/Hzm"},"MyOutB5":{"__uuid__":"61ftm7cQ9GyIv5fBYDbWah"},"MyOutB6":{"__uuid__":"dat8gzJhBG26BPojoxgtJo"},"MyOutB7":{"__uuid__":"91VIxwN0hMpY4ejbr/rQAC"},"MyOutB8":{"__uuid__":"7bL1ctYEpAzIGh5q6X7r9D"},"MyOutB9":{"__uuid__":"deFK7UQwdF+LzWQK0YPQF1"},"MyOutF1":{"__uuid__":"d0nGCvYjBIz7HkQ/7UTdxa"},"MyOutF2":{"__uuid__":"34GOzGSF9IQ5u+beDT5RmF"},"MyOutF3":{"__uuid__":"54Cb/TNI9CFqMAmFcAHGAk"},"MyOutF4":{"__uuid__":"a4VWuBMEJJPJRHdVm52re3"},"MyOutH1":{"__uuid__":"e4KQI9BvFCc5vHcWqSEfIi"},"MyOutH2":{"__uuid__":"31jcZSWWFHUZqHL4uzZu/M"},"MyOutH3":{"__uuid__":"52533n7vlOFolyab2R3Lml"},"MyOutH4":{"__uuid__":"2deXnHI2dOI4CpjMUvrdaW"},"MyOutH5":{"__uuid__":"0bzOTeYCVLn4ji+KgREPne"},"MyOutH6":{"__uuid__":"7e8sp71IlMgY1jAMEic21i"},"MyOutH7":{"__uuid__":"dbtIp8iTZEsYIBh6I6dSmR"},"MyOutH8":{"__uuid__":"7146LkQUZP3ohGXZvZqkdQ"},"MyOutJ1":{"__uuid__":"907itrarBPQrahjyOHS3/T"},"MyOutJ2":{"__uuid__":"b1F5IwCU1EBa/WvERmCiOg"},"MyOutJ3":{"__uuid__":"d5sfPzQCxI+LkGdO+cZHhm"},"MyOutT1":{"__uuid__":"ceeo6sKkRBOpUlkApaHPLl"},"MyOutT2":{"__uuid__":"07ji+SlRJD16LrnlVsqWGU"},"MyOutT3":{"__uuid__":"c2Cam5Q1VNVaEdM6P9Wvun"},"MyOutT4":{"__uuid__":"3aa5midCBMBrst1Xbc00Mb"},"MyOutT5":{"__uuid__":"6e3Q+vvvpP2K2zXLbyheoG"},"MyOutT6":{"__uuid__":"70pNznUaRD+aiIgDksKhue"},"MyOutT7":{"__uuid__":"cfSP/w95BPLJAV9sJGAErz"},"MyOutT8":{"__uuid__":"eevHT66xtPiIKvVa3SfRV1"},"MyOutT9":{"__uuid__":"1aXyDH1KhLsK6TgplPal6E"},"MyOutW1":{"__uuid__":"89JIxS3KFNG5cnuWK9ZJm0"},"MyOutW2":{"__uuid__":"5cOB27XxdD0J3DH/gx7qcA"},"MyOutW3":{"__uuid__":"9aGFnNuNpKd6i35V+ZtLDQ"},"MyOutW4":{"__uuid__":"a9DQd4rCdLIZGsbCiCvWTo"},"MyOutW5":{"__uuid__":"31DJL5U8dMGojr6qQ5LgsS"},"MyOutW6":{"__uuid__":"0aTj5L/OFFMJPvcXJk7PYn"},"MyOutW7":{"__uuid__":"ffB5ETyXhP361E7bfuDvlQ"},"MyOutW8":{"__uuid__":"51k4xD3xhD3rHqx3dno1Y9"},"MyOutW9":{"__uuid__":"e6bSAfOpVOwolXDBOXbPTG"},"MyOut_bei":{"__uuid__":"53S72T6J9Hh7UB92eC3mcP"},"MyOut_kong":{"__uuid__":"f62R42autAMaq8J6luO9/N"},"MyUpHold":{"__uuid__":"f6GQA7wjpCaLbogXZbuBkG"},"MyUpPengB1":{"__uuid__":"8443/zFNRJn482bKd85Thn"},"MyUpPengB2":{"__uuid__":"f4/h6IB1ZDlIGCp0hBGHzf"},"MyUpPengB3":{"__uuid__":"0cGQcvgZ1Az4Pyv4FRNrTF"},"MyUpPengB4":{"__uuid__":"a01mobPDNNg7gMP8Qa2LZm"},"MyUpPengB5":{"__uuid__":"5dCZr248xCTojJMrJiE/R7"},"MyUpPengB6":{"__uuid__":"cbBc9Yg05F94U5d2y+/zsP"},"MyUpPengB7":{"__uuid__":"61A7CfK9JALbnx0i7QAtaX"},"MyUpPengB8":{"__uuid__":"e4OAxW3UJI45U0pjTzycVx"},"MyUpPengB9":{"__uuid__":"b3XV9/yQFCi6Hi/t6Tm2vh"},"MyUpPengF1":{"__uuid__":"90RwRRQ5hOdbhCM2/PJUxS"},"MyUpPengF2":{"__uuid__":"96ODalwGxK8YRCNwP2fYcv"},"MyUpPengF3":{"__uuid__":"15TqNp4dRBu7Wj1afENz8Q"},"MyUpPengF4":{"__uuid__":"69RmT6SblE9rKirCP4C86I"},"MyUpPengH1":{"__uuid__":"8815q5syxAfrJoVCTtnBME"},"MyUpPengH2":{"__uuid__":"34RlYn/qxPsq5Vv32oePLa"},"MyUpPengH3":{"__uuid__":"e7GjBP72lKroMMxYMlC+H6"},"MyUpPengH4":{"__uuid__":"3ansHha8xGy69PyjbinLae"},"MyUpPengH5":{"__uuid__":"6f3sLBdbhJd7i1joh2oftK"},"MyUpPengH6":{"__uuid__":"fdQKgRBWREqJS6FllUuiAM"},"MyUpPengH7":{"__uuid__":"dbKEQXt8VHWr63uTFJ1JHF"},"MyUpPengH8":{"__uuid__":"18qSMkwHRKXYoRb1eDjyDm"},"MyUpPengJ1":{"__uuid__":"0dVz0CHAtNIosS7ctCdc29"},"MyUpPengJ2":{"__uuid__":"28520f+PBFx7O3dd+ZpwjN"},"MyUpPengJ3":{"__uuid__":"dei+76pxROFJwxabhOFuW3"},"MyUpPengT1":{"__uuid__":"c1DFTzcbFBjKZom4IgiKoZ"},"MyUpPengT2":{"__uuid__":"76GCNZKT1IUY0ejGNw7IaS"},"MyUpPengT3":{"__uuid__":"7a/PC9yD9Il4YA/6nuYpKR"},"MyUpPengT4":{"__uuid__":"37elmd+9NI55h2CsQ/eXts"},"MyUpPengT5":{"__uuid__":"b0fmMKZkdGP7Z9Z0CmMFf1"},"MyUpPengT6":{"__uuid__":"ca4VTd6jFOG5KZ5wWTkoSs"},"MyUpPengT7":{"__uuid__":"24T7Azo2NHArvBYAbUpWNB"},"MyUpPengT8":{"__uuid__":"b8K13bLl9GHJrVnsRp26Wd"},"MyUpPengT9":{"__uuid__":"a9GYArB51JdK19w116sooU"},"MyUpPengW1":{"__uuid__":"8b2GHGoFZFyoHNXc5WEIck"},"MyUpPengW2":{"__uuid__":"2c6uM+5xNGF6YIv+mOJIBo"},"MyUpPengW3":{"__uuid__":"c32lgdRUtDr6TWnUi7Jawd"},"MyUpPengW4":{"__uuid__":"2638YtF/RN8bWj7J3TbbVk"},"MyUpPengW5":{"__uuid__":"37a05i4zROp5A2hzNI4U4z"},"MyUpPengW6":{"__uuid__":"c7jslfEqZAJqDoc9xx3sYg"},"MyUpPengW7":{"__uuid__":"f3JOAum2RA27P7vIKow2lk"},"MyUpPengW8":{"__uuid__":"76Y8jUPjNMNKTxN4JhBvNT"},"MyUpPengW9":{"__uuid__":"63mvVJ0I5Kzp8OZyFGy8X+"},"MyUpPeng_kong":{"__uuid__":"9854sRtfNNN5lEeCsXDtdF"},"MyholdpengB1":{"__uuid__":"076w2BmwpOUpcITHUfJWYb"},"MyholdpengB2":{"__uuid__":"a6xqIQ2p5InJ9ImNIuxIIL"},"MyholdpengB3":{"__uuid__":"e7U6hWaAVCEJwuP0rCZIB4"},"MyholdpengB4":{"__uuid__":"93uJHXFdZGGJ4uwnG8I8Y6"},"MyholdpengB5":{"__uuid__":"4clg9v1aZJNY/k1LTbyQAf"},"MyholdpengB6":{"__uuid__":"d50Ctrm5NEQ56aee+I0AhR"},"MyholdpengB7":{"__uuid__":"c2vSxhIRVAXq+Ms+1kGoRQ"},"MyholdpengB8":{"__uuid__":"f6ADm1Zu9BmouqCArBIzko"},"MyholdpengB9":{"__uuid__":"2bdN9eVqtM15b956gE+Aav"},"MyholdpengF1":{"__uuid__":"93/V47hkJGAJKyVraaTqsa"},"MyholdpengF2":{"__uuid__":"84R75Lqe5Pe7nyangaMvXY"},"MyholdpengF3":{"__uuid__":"2c+2/9M31JUIHUvwHDeLcu"},"MyholdpengF4":{"__uuid__":"d46OCs2mZHEpURIo9XO+pM"},"MyholdpengH1":{"__uuid__":"9cLWIocEtMrZJ3AdR3dTeb"},"MyholdpengH2":{"__uuid__":"c4Sp1vAqBBYIKTgo6Gajqu"},"MyholdpengH3":{"__uuid__":"e4WZ0Q0KxOx6KzeEc0o/5L"},"MyholdpengH4":{"__uuid__":"4cHv9DGwJHJYdzlj1XHIOQ"},"MyholdpengH5":{"__uuid__":"bbwMuB5jZKHrBbPz3++WHj"},"MyholdpengH6":{"__uuid__":"479bmsFFlBU4WLR+nb4H4J"},"MyholdpengH7":{"__uuid__":"5cyPv2I0FOtof462o/6/ts"},"MyholdpengH8":{"__uuid__":"57zBV2a8BEq52E0wgLeOTp"},"MyholdpengJ1":{"__uuid__":"7cYPnkBSNGl52oSEMjenhw"},"MyholdpengJ2":{"__uuid__":"0dGExdBKJJV5fpvZNiarjX"},"MyholdpengJ3":{"__uuid__":"65LGokAQVNRY1z0o3jzFc1"},"MyholdpengT1":{"__uuid__":"3fIwNExUBDo6uCLQOl56+3"},"MyholdpengT2":{"__uuid__":"73IgzeLQ9D/6TH47gXP+nN"},"MyholdpengT3":{"__uuid__":"f8hto6KUNEVpk376ovwhn+"},"MyholdpengT4":{"__uuid__":"ebXmK9b6FKkYZAV2k+Zh+V"},"MyholdpengT5":{"__uuid__":"f8kXVTpXpBdLAHednvEw/D"},"MyholdpengT6":{"__uuid__":"89aq3pTzxI67AGpXAYsHB5"},"MyholdpengT7":{"__uuid__":"58u53njAhHPYEqnRmJvADi"},"MyholdpengT8":{"__uuid__":"c4WkG8p8tJXIs85xoGMbMX"},"MyholdpengT9":{"__uuid__":"a8dlSTqURMx78upr141lHj"},"MyholdpengW1":{"__uuid__":"1bAf1ZcU9KSriv1QAcLbOI"},"MyholdpengW2":{"__uuid__":"3efCL/hU9HTKK+xCwsVXQt"},"MyholdpengW3":{"__uuid__":"bdrLbgPWpBjqH9cQU2FH09"},"MyholdpengW4":{"__uuid__":"123+XneH1A55zVrRLdzO9x"},"MyholdpengW5":{"__uuid__":"f4GSSPi3REmauhmJkejsp+"},"MyholdpengW6":{"__uuid__":"87EHO/UwFG0rAnfQ2UYvvW"},"MyholdpengW7":{"__uuid__":"22ubhpEsdNd5BXU4P0Tb+e"},"MyholdpengW8":{"__uuid__":"88VEhTdKxAipQaG8SZlWxC"},"MyholdpengW9":{"__uuid__":"b0Wd62IlxE3KnqvUzfHhNh"},"Myholdpeng_bei":{"__uuid__":"53UgfoCHdPWZIyVC4F6xvR"},"Myholdpeng_kong":{"__uuid__":"52xQ1+MpVFObIpLI98qWhL"},"bao":{"__uuid__":"5fYMYYQiJEK7VJfrQeMo40"},"bao2":{"__uuid__":"3bO9n+aoZNfKUqfJsY3Y53"},"leftPengB1":{"__uuid__":"28bi89mgtBy6o8mIzNjr9m"},"leftPengB2":{"__uuid__":"0dOzs+gPNBcKHMrpYNQPGw"},"leftPengB3":{"__uuid__":"a09kkJUfRDk7GCn4mSvh6H"},"leftPengB4":{"__uuid__":"62tMfJh89KN5SpeIaVhFds"},"leftPengB5":{"__uuid__":"04p5vW/IlAq7zUM+epyUW3"},"leftPengB6":{"__uuid__":"e4ZD6wbIVDeohRceL1aVol"},"leftPengB7":{"__uuid__":"c1VE+iSwBLhJnGvLyW963r"},"leftPengB8":{"__uuid__":"964jmatw1ABKiR0kEZXELB"},"leftPengB9":{"__uuid__":"abWY3VUKxMjZ+YhnjyTN4w"},"leftPengF1":{"__uuid__":"feJQzK2YJNtaFhQfrlwYhg"},"leftPengF2":{"__uuid__":"c14k7FXxFDDLOIwdnRLcma"},"leftPengF3":{"__uuid__":"61YTt2WxZJ+YpmgGf9g+IV"},"leftPengF4":{"__uuid__":"1adeiaFC5EWqKoFpNdPohn"},"leftPengH1":{"__uuid__":"efVO7L3exLaLQGtYvJt+fB"},"leftPengH2":{"__uuid__":"c7H+ZIx7FNu7AoAgaEKlRY"},"leftPengH3":{"__uuid__":"3dZwyYTXBHjY0Qqu4Nz3Ni"},"leftPengH4":{"__uuid__":"7fPMEzRUxG4YfMcLvD0l6a"},"leftPengH5":{"__uuid__":"7c6DsvTFFH0a/GvjHxqWdm"},"leftPengH6":{"__uuid__":"bcRPwRj8NFMoXWvCCyVe7j"},"leftPengH7":{"__uuid__":"f37Z3Me29G9IYEcgWAZNhW"},"leftPengH8":{"__uuid__":"58BWekrwhJPoVKXLoz6GCs"},"leftPengJ1":{"__uuid__":"c9aQGtH2ZACaPtBlmUvh8h"},"leftPengJ2":{"__uuid__":"70Z9cJRy9FxJ8kqohoN9s/"},"leftPengJ3":{"__uuid__":"a1nFirnh1Er7GVnBnF/hj7"},"leftPengT1":{"__uuid__":"b6FoGN/jVJ3oAY6mPZZFJh"},"leftPengT2":{"__uuid__":"a81SF9b5pBjKy+FpFxd/7d"},"leftPengT3":{"__uuid__":"d1knFwAZZDEoFVIK6+yF1I"},"leftPengT4":{"__uuid__":"7c6VmufvpIHqMKe9ppHIST"},"leftPengT5":{"__uuid__":"11gaQVnwFBqqb9TuB8t8YQ"},"leftPengT6":{"__uuid__":"32uMcELI9Eyo4ZlUeh4Wsq"},"leftPengT7":{"__uuid__":"2fg+qC7CFHuJzgp0Fh5uTV"},"leftPengT8":{"__uuid__":"96uKlOedRC7L3aPem05shx"},"leftPengT9":{"__uuid__":"b5PlW37MRHpaMiqncGCvhs"},"leftPengW1":{"__uuid__":"85zcX1dX5Cs5fIffeL4Jbk"},"leftPengW2":{"__uuid__":"34Sx75ciBJJbHjIBAa4G6K"},"leftPengW3":{"__uuid__":"30FUKASPtOeIJVOPUn7Lhe"},"leftPengW4":{"__uuid__":"54YVk1XvlOgJlsp+13eWka"},"leftPengW5":{"__uuid__":"b19P8v3IdI7Kasw6evNXdJ"},"leftPengW6":{"__uuid__":"dbTh03c4JE0JsMEXYWRUkc"},"leftPengW7":{"__uuid__":"7cL98BhSJAnqTE+BGCCjzR"},"leftPengW8":{"__uuid__":"106/+of5hJxoI4pzmSI7yl"},"leftPengW9":{"__uuid__":"d6s8BO6IBMdK1ZAAozD2wT"},"leftPeng_bei":{"__uuid__":"4c7dKhxQ9BAKCqW20XygTB"},"leftPeng_kong":{"__uuid__":"154r78E9FNDr8STQMKiE1F"},"lefthold":{"__uuid__":"1c+JCyhZxILZd+PE2jinlM"},"rightPengB1":{"__uuid__":"89CbheN1xNMK8CW7kkeU3n"},"rightPengB2":{"__uuid__":"861HazLidGkrOB6BrhgzFN"},"rightPengB3":{"__uuid__":"1djUdbXahHMoWmkvAUrrOZ"},"rightPengB4":{"__uuid__":"a4k9GUIBVNyqzoGciv2uVz"},"rightPengB5":{"__uuid__":"86UioBVXlN8aqY9JsmBkSA"},"rightPengB6":{"__uuid__":"31TwhjXLdNp4omg4aDdtFK"},"rightPengB7":{"__uuid__":"46UhZj5MdOG4VyuqJ56itb"},"rightPengB8":{"__uuid__":"6emx8DFm5Ibra79AVvQ2zo"},"rightPengB9":{"__uuid__":"6fuS1ZvTNJs5Tge8bk5NmC"},"rightPengF1":{"__uuid__":"cdrA5wGQdMk4Sh36LiMs02"},"rightPengF2":{"__uuid__":"efyMTp345N3Kru8GysZabz"},"rightPengF3":{"__uuid__":"cfGumsx4NOXotIXX0rZEtM"},"rightPengF4":{"__uuid__":"16ClQwpjZPhrhpGUmOrsqe"},"rightPengH1":{"__uuid__":"3aoTL2mXVEOJSx4kr+C+DL"},"rightPengH2":{"__uuid__":"d6HBDo469B8oEaxPKRZrgG"},"rightPengH3":{"__uuid__":"2b3MBdle9DKIk4cU0a9Kd8"},"rightPengH4":{"__uuid__":"9dTwnokGNC86Ubcpx1+pf9"},"rightPengH5":{"__uuid__":"281sTENllHNawVNHmCqGi7"},"rightPengH6":{"__uuid__":"e1sZulNElD0aFGjVeUU07E"},"rightPengH7":{"__uuid__":"e2gxSmo5lPYbujMMKQ7Nh1"},"rightPengH8":{"__uuid__":"f6KM2CTzRGpaauCSCdSRUg"},"rightPengJ1":{"__uuid__":"fdhXs5xnhCTbL+XjJmVvik"},"rightPengJ2":{"__uuid__":"f5qUNyQalPJJ3YBcqjCQ/K"},"rightPengJ3":{"__uuid__":"bd8NG8n1VN+YsNCX+0ZH4k"},"rightPengT1":{"__uuid__":"b5UOHARLNHdIQDoXytiaKY"},"rightPengT2":{"__uuid__":"06i2fkVj5K2ZbX/KF8AxaE"},"rightPengT3":{"__uuid__":"8fJM0+nXFEqZuPEScHT0W9"},"rightPengT4":{"__uuid__":"d6BV8KFApIAIyA/A7edQ64"},"rightPengT5":{"__uuid__":"a6yJJ0yM1Ae4xEk3MwVXhe"},"rightPengT6":{"__uuid__":"19M7LoUJJIhK5X+DGuYQfz"},"rightPengT7":{"__uuid__":"a0kkvPK1tAQZC/umbyVBbX"},"rightPengT8":{"__uuid__":"2doPo4Qh9L2b/Kw8i6A+K9"},"rightPengT9":{"__uuid__":"f97WLrEihDArSkjL/E/OuM"},"rightPengW1":{"__uuid__":"acSCr6gC9MK4yedHs6t0Kv"},"rightPengW2":{"__uuid__":"f676JNGndHub97kUIj6znY"},"rightPengW3":{"__uuid__":"3bIyMZuw5M8rdQDRQ/Z3C6"},"rightPengW4":{"__uuid__":"03+NcyhMVJh7DsG09RAiXV"},"rightPengW5":{"__uuid__":"a4QiEk2GJPjZgAXOHR7dD2"},"rightPengW6":{"__uuid__":"01GHEK+idKK7Qg9du91epX"},"rightPengW7":{"__uuid__":"30q9YbBNZPi5wg8g8tf30X"},"rightPengW8":{"__uuid__":"87k55FAslD4aNJshmWcN5b"},"rightPengW9":{"__uuid__":"56kmbsQsxMM46WEwXI4ESw"},"rightPeng_bei":{"__uuid__":"0eQAaVRr1NBolltp9sXnwu"},"rightPeng_kong":{"__uuid__":"ffjEYrR4tEyIsxHLGPezDT"},"righthold":{"__uuid__":"15qPvU0qxO35CVWKg2xCuT"}}},{"__type__":"cc.SpriteFrame","content":{"name":"MyOutB9","texture":"77VvyAWx5BTKthW/r0x4Uv","rect":[0,388,31,46],"offset":[0,0],"originalSize":[31,46],"capInsets":[0,0,0,0]}},{"__type__":"cc.SpriteFrame","content":{"name":"MyUpPengJ3","texture":"77VvyAWx5BTKthW/r0x4Uv","rect":[93,250,31,46],"offset":[0,0],"originalSize":[31,46],"capInsets":[0,0,0,0]}},{"__type__":"cc.SpriteFrame","content":{"name":"rightPengH6","texture":"77VvyAWx5BTKthW/r0x4Uv","rect":[38,204,38,34],"offset":[0,0],"originalSize":[38,34],"capInsets":[0,0,0,0]}},{"__type__":"cc.SpriteFrame","content":{"name":"rightPengH7","texture":"77VvyAWx5BTKthW/r0x4Uv","rect":[152,204,38,34],"offset":[0,0],"originalSize":[38,34],"capInsets":[0,0,0,0]}},{"__type__":"cc.SpriteFrame","content":{"name":"MyOutH1","texture":"77VvyAWx5BTKthW/r0x4Uv","rect":[372,342,31,46],"offset":[0,0],"originalSize":[31,46],"capInsets":[0,0,0,0]}},{"__type__":"cc.SpriteFrame","content":{"name":"MyUpPengB8","texture":"77VvyAWx5BTKthW/r0x4Uv","rect":[310,388,31,46],"offset":[0,0],"originalSize":[31,46],"capInsets":[0,0,0,0]}},{"__type__":"cc.SpriteFrame","content":{"name":"MyholdpengH3","texture":"77VvyAWx5BTKthW/r0x4Uv","rect":[373,480,51,78],"offset":[0,0],"originalSize":[51,78],"capInsets":[0,0,0,0]}},{"__type__":"cc.SpriteFrame","content":{"name":"leftPengB6","texture":"77VvyAWx5BTKthW/r0x4Uv","rect":[76,34,38,34],"offset":[0,0],"originalSize":[38,34],"capInsets":[0,0,0,0]}},{"__type__":"cc.SpriteFrame","content":{"name":"MyHoldH4","texture":"77VvyAWx5BTKthW/r0x4Uv","rect":[102,873,51,81],"offset":[0,0],"originalSize":[51,81],"capInsets":[0,0,0,0]}},{"__type__":"cc.SpriteFrame","content":{"name":"MyHoldT3","texture":"77VvyAWx5BTKthW/r0x4Uv","rect":[153,1116,51,81],"offset":[0,0],"originalSize":[51,81],"capInsets":[0,0,0,0]}},{"__type__":"cc.SpriteFrame","content":{"name":"MyOutW9","texture":"77VvyAWx5BTKthW/r0x4Uv","rect":[403,434,31,46],"offset":[0,0],"originalSize":[31,46],"capInsets":[0,0,0,0]}},{"__type__":"cc.SpriteFrame","content":{"name":"MyUpPengH3","texture":"77VvyAWx5BTKthW/r0x4Uv","rect":[62,434,31,46],"offset":[0,0],"originalSize":[31,46],"capInsets":[0,0,0,0]}},{"__type__":"cc.SpriteFrame","content":{"name":"MyholdpengB3","texture":"77VvyAWx5BTKthW/r0x4Uv","rect":[169,480,51,78],"offset":[0,0],"originalSize":[51,78],"capInsets":[0,0,0,0]}},{"__type__":"cc.SpriteFrame","content":{"name":"MyholdpengT4","texture":"77VvyAWx5BTKthW/r0x4Uv","rect":[51,792,51,78],"offset":[0,0],"originalSize":[51,78],"capInsets":[0,0,0,0]}},{"__type__":"cc.SpriteFrame","content":{"name":"MyHoldB7","texture":"77VvyAWx5BTKthW/r0x4Uv","rect":[408,873,51,81],"offset":[0,0],"originalSize":[51,81],"capInsets":[0,0,0,0]}},{"__type__":"cc.SpriteFrame","content":{"name":"MyOutT8","texture":"77VvyAWx5BTKthW/r0x4Uv","rect":[341,296,31,46],"offset":[0,0],"originalSize":[31,46],"capInsets":[0,0,0,0]}},{"__type__":"cc.SpriteFrame","content":{"name":"leftPengH1","texture":"77VvyAWx5BTKthW/r0x4Uv","rect":[380,0,38,34],"offset":[0,0],"originalSize":[38,34],"capInsets":[0,0,0,0]}},{"__type__":"cc.SpriteFrame","content":{"name":"rightPengF2","texture":"77VvyAWx5BTKthW/r0x4Uv","rect":[152,170,38,34],"offset":[0,0],"originalSize":[38,34],"capInsets":[0,0,0,0]}},{"__type__":"cc.SpriteFrame","content":{"name":"MyUpPengW7","texture":"77VvyAWx5BTKthW/r0x4Uv","rect":[217,250,31,46],"offset":[0,0],"originalSize":[31,46],"capInsets":[0,0,0,0]}},{"__type__":"cc.SpriteFrame","content":{"name":"leftPengH7","texture":"77VvyAWx5BTKthW/r0x4Uv","rect":[304,0,38,34],"offset":[0,0],"originalSize":[38,34],"capInsets":[0,0,0,0]}},{"__type__":"cc.SpriteFrame","content":{"name":"MyholdpengW5","texture":"77VvyAWx5BTKthW/r0x4Uv","rect":[0,714,51,78],"offset":[0,0],"originalSize":[51,78],"capInsets":[0,0,0,0]}},{"__type__":"cc.SpriteFrame","content":{"name":"MyUpPengB2","texture":"77VvyAWx5BTKthW/r0x4Uv","rect":[0,480,31,46],"offset":[0,0],"originalSize":[31,46],"capInsets":[0,0,0,0]}},{"__type__":"cc.SpriteFrame","content":{"name":"rightPengJ2","texture":"77VvyAWx5BTKthW/r0x4Uv","rect":[456,170,38,34],"offset":[0,0],"originalSize":[38,34],"capInsets":[0,0,0,0]}},{"__type__":"cc.SpriteFrame","content":{"name":"MyholdpengB8","texture":"77VvyAWx5BTKthW/r0x4Uv","rect":[204,636,51,78],"offset":[0,0],"originalSize":[51,78],"capInsets":[0,0,0,0]}},{"__type__":"cc.SpriteFrame","content":{"name":"MyUpHold","texture":"77VvyAWx5BTKthW/r0x4Uv","rect":[465,434,31,46],"offset":[0,0],"originalSize":[31,46],"capInsets":[0,0,0,0]}},{"__type__":"cc.SpriteFrame","content":{"name":"rightPengH8","texture":"77VvyAWx5BTKthW/r0x4Uv","rect":[114,204,38,34],"offset":[0,0],"originalSize":[38,34],"capInsets":[0,0,0,0]}},{"__type__":"cc.SpriteFrame","content":{"name":"MyOut_kong","texture":"77VvyAWx5BTKthW/r0x4Uv","rect":[31,480,31,46],"offset":[0,0],"originalSize":[31,46],"capInsets":[0,0,0,0]}},{"__type__":"cc.SpriteFrame","content":{"name":"rightPengW2","texture":"77VvyAWx5BTKthW/r0x4Uv","rect":[38,170,38,34],"offset":[0,0],"originalSize":[38,34],"capInsets":[0,0,0,0]}},{"__type__":"cc.SpriteFrame","content":{"name":"MyholdpengT3","texture":"77VvyAWx5BTKthW/r0x4Uv","rect":[0,792,51,78],"offset":[0,0],"originalSize":[51,78],"capInsets":[0,0,0,0]}},{"__type__":"cc.SpriteFrame","content":{"name":"MyholdpengT5","texture":"77VvyAWx5BTKthW/r0x4Uv","rect":[459,714,51,78],"offset":[0,0],"originalSize":[51,78],"capInsets":[0,0,0,0]}},{"__type__":"cc.SpriteFrame","content":{"name":"rightPengT9","texture":"77VvyAWx5BTKthW/r0x4Uv","rect":[266,102,38,34],"offset":[0,0],"originalSize":[38,34],"capInsets":[0,0,0,0]}},{"__type__":"cc.SpriteFrame","content":{"name":"MyUpPengH6","texture":"77VvyAWx5BTKthW/r0x4Uv","rect":[403,388,31,46],"offset":[0,0],"originalSize":[31,46],"capInsets":[0,0,0,0]}},{"__type__":"cc.SpriteFrame","content":{"name":"MyHoldH8","texture":"77VvyAWx5BTKthW/r0x4Uv","rect":[204,873,51,81],"offset":[0,0],"originalSize":[51,81],"capInsets":[0,0,0,0]}},{"__type__":"cc.SpriteFrame","content":{"name":"rightPengJ1","texture":"77VvyAWx5BTKthW/r0x4Uv","rect":[76,204,38,34],"offset":[0,0],"originalSize":[38,34],"capInsets":[0,0,0,0]}},{"__type__":"cc.SpriteFrame","content":{"name":"leftPengF1","texture":"77VvyAWx5BTKthW/r0x4Uv","rect":[190,34,38,34],"offset":[0,0],"originalSize":[38,34],"capInsets":[0,0,0,0]}},{"__type__":"cc.SpriteFrame","content":{"name":"MyOutW7","texture":"77VvyAWx5BTKthW/r0x4Uv","rect":[186,434,31,46],"offset":[0,0],"originalSize":[31,46],"capInsets":[0,0,0,0]}},{"__type__":"cc.SpriteFrame","content":{"name":"rightPeng_kong","texture":"77VvyAWx5BTKthW/r0x4Uv","rect":[266,136,38,34],"offset":[0,0],"originalSize":[38,34],"capInsets":[0,0,0,0]}}]