{"__type__":"dragonBones.DragonBonesAtlasAsset","_name":"xymjdh_gang_tex","_atlasJson":"{\"width\":512,\"imagePath\":\"xymjdh_gang_tex.png\",\"height\":512,\"name\":\"xymjdh_gang\",\"SubTexture\":[{\"frameHeight\":132,\"y\":1,\"frameX\":-3,\"width\":119,\"frameY\":-4,\"height\":125,\"name\":\"peng_m3\",\"frameWidth\":125,\"x\":373},{\"frameHeight\":132,\"y\":333,\"frameX\":-2,\"width\":120,\"frameY\":-4,\"height\":125,\"name\":\"peng_m2\",\"frameWidth\":125,\"x\":331},{\"frameHeight\":132,\"y\":128,\"frameX\":-4,\"width\":115,\"frameY\":-4,\"height\":120,\"name\":\"peng_m1\",\"frameWidth\":125,\"x\":373},{\"width\":370,\"y\":1,\"height\":330,\"name\":\"gang_jug\",\"x\":1},{\"width\":142,\"y\":333,\"height\":134,\"name\":\"gang_gz\",\"x\":187},{\"width\":184,\"y\":333,\"height\":169,\"name\":\"gang_huangg\",\"x\":1}]}","_texture":{"__uuid__":"9bsmxeQPNI+aSRe5mSY1Ql"},"texture":{"__uuid__":"9bsmxeQPNI+aSRe5mSY1Ql"}}