[{"__type__":"cc.SpriteFrame","content":{"name":"zhanjidixiugai","texture":"1aUf0gRulOsrep9gBkC6Sv","rect":[0,0,44,44],"offset":[0,0],"originalSize":[44,44],"capInsets":[19,15,18,19]}},[{"__type__":"cc.Prefab","_name":"logitem","data":{"__id__":1}},{"__type__":"cc.Node","_name":"logitem","_children":[{"__id__":2},{"__id__":8}],"_level":1,"_components":[{"__type__":"cc.Sprite","node":{"__id__":1},"_spriteFrame":{"__uuid__":"28b3tse2JI5pQGptfax2ek"},"_type":1,"_sizeMode":0},{"__type__":"483b626Of9EPKTYqTBny3J5","node":{"__id__":1},"pContent":{"__id__":7},"pTime":{"__id__":9}}],"_prefab":{"__type__":"cc.PrefabInfo","root":{"__id__":1},"asset":{"__uuid__":"b92rMLCXpIRL1nkM41Z9vE"},"fileId":"61fgV8aiFG154AkRGx92rs"},"_contentSize":{"__type__":"cc.Size","width":983,"height":64},"_position":{"__type__":"cc.Vec3","x":481,"y":94},"_scale":{"__type__":"cc.Vec3","x":1,"y":1,"z":1}},{"__type__":"cc.Node","_name":"richtext","_parent":{"__id__":1},"_children":[{"__id__":3},{"__id__":4},{"__id__":5},{"__id__":6}],"_level":4,"_components":[{"__id__":7}],"_prefab":{"__type__":"cc.PrefabInfo","root":{"__id__":1},"asset":{"__uuid__":"b92rMLCXpIRL1nkM41Z9vE"},"fileId":"2ctJDd7LxHYJ8PR1PprALH"},"_color":{"__type__":"cc.Color","r":131,"g":91,"b":53},"_contentSize":{"__type__":"cc.Size","width":373.45,"height":30},"_anchorPoint":{"__type__":"cc.Vec2","y":0.5},"_position":{"__type__":"cc.Vec3","x":-469,"y":5},"_scale":{"__type__":"cc.Vec3","x":1,"y":1,"z":1}},{"__type__":"cc.PrivateNode","_name":"RICHTEXT_CHILD","_parent":{"__id__":2},"_level":5,"_components":[{"__type__":"cc.Label","node":{"__id__":3},"_srcBlendFactor":1,"_string":"adfsd","_N$string":"adfsd","_fontSize":30,"_lineHeight":30,"_N$verticalAlign":1}],"_prefab":{"__type__":"cc.PrefabInfo","root":{"__id__":1},"asset":{"__uuid__":"b92rMLCXpIRL1nkM41Z9vE"},"fileId":"3eHDQwfaZG1KIFGIKz4sbl"},"_color":{"__type__":"cc.Color","r":255,"g":255},"_contentSize":{"__type__":"cc.Size","width":73.39,"height":30},"_anchorPoint":{"__type__":"cc.Vec2"},"_position":{"__type__":"cc.Vec3","y":-15},"_scale":{"__type__":"cc.Vec3","x":1,"y":1,"z":1},"_zIndex":-32768},{"__type__":"cc.PrivateNode","_name":"RICHTEXT_CHILD","_parent":{"__id__":2},"_level":5,"_components":[{"__type__":"cc.Label","node":{"__id__":4},"_srcBlendFactor":1,"_string":"贤惠美","_N$string":"贤惠美","_fontSize":30,"_lineHeight":30,"_N$verticalAlign":1}],"_prefab":{"__type__":"cc.PrefabInfo","root":{"__id__":1},"asset":{"__uuid__":"b92rMLCXpIRL1nkM41Z9vE"},"fileId":"b30ag87DNDgbhJr/x1ihrZ"},"_color":{"__type__":"cc.Color","g":255},"_contentSize":{"__type__":"cc.Size","width":90,"height":30},"_anchorPoint":{"__type__":"cc.Vec2"},"_position":{"__type__":"cc.Vec3","x":73.39,"y":-15},"_scale":{"__type__":"cc.Vec3","x":1,"y":1,"z":1},"_zIndex":-32768},{"__type__":"cc.PrivateNode","_name":"RICHTEXT_CHILD","_parent":{"__id__":2},"_level":5,"_components":[{"__type__":"cc.Label","node":{"__id__":5},"_srcBlendFactor":1,"_string":"Text","_N$string":"Text","_fontSize":30,"_lineHeight":30,"_N$verticalAlign":1}],"_prefab":{"__type__":"cc.PrefabInfo","root":{"__id__":1},"asset":{"__uuid__":"b92rMLCXpIRL1nkM41Z9vE"},"fileId":"a0RvcLi5dHYqZ2BmDY9kwR"},"_color":{"__type__":"cc.Color","r":15,"g":255,"b":255},"_contentSize":{"__type__":"cc.Size","width":55.02,"height":30},"_anchorPoint":{"__type__":"cc.Vec2"},"_position":{"__type__":"cc.Vec3","x":163.39,"y":-15},"_scale":{"__type__":"cc.Vec3","x":1,"y":1,"z":1},"_zIndex":-32768},{"__type__":"cc.PrivateNode","_name":"RICHTEXT_CHILD","_parent":{"__id__":2},"_level":5,"_components":[{"__type__":"cc.Label","node":{"__id__":6},"_srcBlendFactor":1,"_string":"士大夫fasdf","_N$string":"士大夫fasdf","_fontSize":30,"_lineHeight":30,"_N$verticalAlign":1}],"_prefab":{"__type__":"cc.PrefabInfo","root":{"__id__":1},"asset":{"__uuid__":"b92rMLCXpIRL1nkM41Z9vE"},"fileId":"cftW5BR8BMV6yk6yBUDlW1"},"_color":{"__type__":"cc.Color","r":255,"g":255},"_contentSize":{"__type__":"cc.Size","width":155.04,"height":30},"_anchorPoint":{"__type__":"cc.Vec2"},"_position":{"__type__":"cc.Vec3","x":218.41,"y":-15},"_scale":{"__type__":"cc.Vec3","x":1,"y":1,"z":1},"_zIndex":-32768},{"__type__":"cc.RichText","node":{"__id__":2},"_N$string":"<color=#ffff00>adfsd<color=#00ff00>贤惠美</c><color=#0fffff>Text</color>士大夫fasdf</c>","_N$fontSize":30,"_N$lineHeight":30},{"__type__":"cc.Node","_name":"label","_parent":{"__id__":1},"_level":4,"_components":[{"__id__":9}],"_prefab":{"__type__":"cc.PrefabInfo","root":{"__id__":1},"asset":{"__uuid__":"b92rMLCXpIRL1nkM41Z9vE"},"fileId":"1fImSx61hAnr1vPmSVxiAH"},"_color":{"__type__":"cc.Color","r":131,"g":91,"b":53},"_contentSize":{"__type__":"cc.Size","width":224.55,"height":20},"_anchorPoint":{"__type__":"cc.Vec2","x":1,"y":0.5},"_position":{"__type__":"cc.Vec3","x":466,"y":1},"_scale":{"__type__":"cc.Vec3","x":1,"y":1,"z":1}},{"__type__":"cc.Label","node":{"__id__":8},"_srcBlendFactor":1,"_useOriginalSize":false,"_string":"2017-03-04                      ","_N$string":"2017-03-04                      ","_fontSize":20,"_lineHeight":20,"_N$horizontalAlign":1,"_N$verticalAlign":1}]]