[{"__type__":"cc.SpriteAtlas","_name":"xymjdh_vipindicatorblue0.plist","_spriteFrames":{"ccmjdh_vipindicator (6)":{"__uuid__":"9aJl928A5LNJKpMe9/HTbA"},"ccmjdh_vipindicator (4)":{"__uuid__":"e3CAU0X1RKpL33wjNv9krz"},"ccmjdh_vipindicator (3)":{"__uuid__":"8609E6LMpEu5oybeIUelh7"},"ccmjdh_vipindicator (2)":{"__uuid__":"cdWMhpav1NRIBMfXuqWPZ4"},"ccmjdh_vipindicator (5)":{"__uuid__":"76kQZ3eLZDK6uOyg0I99Z/"}}},{"__type__":"cc.SpriteFrame","content":{"name":"ccmjdh_vipindicator (5)","texture":"bdLVWEoNpH/anksVOwDdun","rect":[344,0,84,84],"offset":[0,0],"originalSize":[84,84],"capInsets":[0,0,0,0]}},{"__type__":"cc.SpriteFrame","content":{"name":"ccmjdh_vipindicator (3)","texture":"bdLVWEoNpH/anksVOwDdun","rect":[172,0,84,84],"offset":[0,0],"originalSize":[84,84],"capInsets":[0,0,0,0]}},{"__type__":"cc.SpriteFrame","content":{"name":"ccmjdh_vipindicator (6)","texture":"bdLVWEoNpH/anksVOwDdun","rect":[0,0,84,84],"offset":[0,0],"originalSize":[84,84],"capInsets":[0,0,0,0]}},{"__type__":"cc.SpriteFrame","content":{"name":"ccmjdh_vipindicator (2)","texture":"bdLVWEoNpH/anksVOwDdun","rect":[258,0,84,84],"offset":[0,0],"originalSize":[84,84],"capInsets":[0,0,0,0]}},{"__type__":"cc.SpriteFrame","content":{"name":"ccmjdh_vipindicator (4)","texture":"bdLVWEoNpH/anksVOwDdun","rect":[86,0,84,84],"offset":[0,0],"originalSize":[84,84],"capInsets":[0,0,0,0]}}]