[{"__type__":"cc.SpriteFrame","content":{"name":"jiarufangjianshuzi","texture":"fc65zyWuJPfLcK9xzPA/BR","rect":[2,1,376,45],"offset":[0,0],"originalSize":[380,47],"capInsets":[0,0,0,0]}},{"__type__":"cc.LabelAtlas","_name":"number","spriteFrame":{"__uuid__":"60bO4G6yZKiqrQbjYCBdok"},"fontSize":41.36,"_fntConfig":{"commonHeight":47,"fontSize":41,"atlasName":"jiarufangjianshuzi","fontDefDictionary":{"48":{"rect":{"x":0,"y":0,"width":38,"height":47},"xOffset":0,"yOffset":0,"xAdvance":38},"49":{"rect":{"x":38,"y":0,"width":38,"height":47},"xOffset":0,"yOffset":0,"xAdvance":38},"50":{"rect":{"x":76,"y":0,"width":38,"height":47},"xOffset":0,"yOffset":0,"xAdvance":38},"51":{"rect":{"x":114,"y":0,"width":38,"height":47},"xOffset":0,"yOffset":0,"xAdvance":38},"52":{"rect":{"x":152,"y":0,"width":38,"height":47},"xOffset":0,"yOffset":0,"xAdvance":38},"53":{"rect":{"x":190,"y":0,"width":38,"height":47},"xOffset":0,"yOffset":0,"xAdvance":38},"54":{"rect":{"x":228,"y":0,"width":38,"height":47},"xOffset":0,"yOffset":0,"xAdvance":38},"55":{"rect":{"x":266,"y":0,"width":38,"height":47},"xOffset":0,"yOffset":0,"xAdvance":38},"56":{"rect":{"x":304,"y":0,"width":38,"height":47},"xOffset":0,"yOffset":0,"xAdvance":38},"57":{"rect":{"x":342,"y":0,"width":38,"height":47},"xOffset":0,"yOffset":0,"xAdvance":38}},"kerningDict":{}}}]