[{"__type__":"cc.SpriteFrame","content":{"name":"touxiang","texture":"d18MUvyXVPzLk9qaYuNr26","rect":[0,0,70,70],"offset":[0,0],"originalSize":[70,70],"capInsets":[0,0,0,0]}},{"__type__":"cc.SpriteFrame","content":{"name":"zifangjianhao","texture":"1d6D/xM9lMFYyhrsEeFLro","rect":[0,0,100,32],"offset":[0,0],"originalSize":[100,32],"capInsets":[0,0,0,0]}},[{"__type__":"cc.Prefab","_name":"roomItem","data":{"__id__":1}},{"__type__":"cc.Node","_name":"roomItem","_objFlags":512,"_children":[{"__id__":2},{"__id__":4},{"__id__":5},{"__id__":8},{"__id__":9},{"__id__":46}],"_level":1,"_components":[{"__type__":"cc.Sprite","node":{"__id__":1},"_spriteFrame":{"__uuid__":"235eBWvHBIkoukOjGNHiED"},"_type":1,"_sizeMode":0},{"__type__":"557abChCpJM5rKxJkHTwC0U","node":{"__id__":1},"pRoomID":{"__id__":7},"pRoundState":{"__id__":3},"pDissmissNode":{"__id__":46},"pBtnCover":{"__id__":8},"vNames":[{"__id__":20},{"__id__":28},{"__id__":36},{"__id__":44}],"vHeadIcon":[{"__id__":21},{"__id__":29},{"__id__":37},{"__id__":45}],"pWaiting":{"__id__":4},"vSeats":[{"__id__":11},{"__id__":10},{"__id__":12},{"__id__":13}]}],"_prefab":{"__type__":"cc.PrefabInfo","root":{"__id__":1},"asset":{"__uuid__":"15T7p2p5tGpLuCemmpWP+Q"},"fileId":"c3wknACmhFxp2o10dwZ53B"},"_contentSize":{"__type__":"cc.Size","width":491,"height":230},"_position":{"__type__":"cc.Vec3","x":437,"y":298},"_scale":{"__type__":"cc.Vec3","x":1,"y":1,"z":1}},{"__type__":"cc.Node","_name":"roundState","_parent":{"__id__":1},"_level":3,"_components":[{"__id__":3}],"_prefab":{"__type__":"cc.PrefabInfo","root":{"__id__":1},"asset":{"__uuid__":"15T7p2p5tGpLuCemmpWP+Q"},"fileId":"favc4aH9dGSbMMFM2oFrl7"},"_contentSize":{"__type__":"cc.Size","width":119,"height":40},"_position":{"__type__":"cc.Vec3","x":167,"y":78},"_scale":{"__type__":"cc.Vec3","x":1,"y":1,"z":1}},{"__type__":"cc.Label","node":{"__id__":2},"_useOriginalSize":false,"_string":"10/20局","_N$string":"10/20局","_fontSize":32,"_N$file":{"__uuid__":"74H77dM/NBioLFS3w6taEr"},"_isSystemFontUsed":false,"_N$horizontalAlign":1,"_N$verticalAlign":1},{"__type__":"cc.Node","_name":"wait_start","_parent":{"__id__":1},"_level":3,"_components":[{"__type__":"cc.Sprite","node":{"__id__":4},"_spriteFrame":{"__uuid__":"9b6WsTuehMKrBke9PlAOdL"}}],"_prefab":{"__type__":"cc.PrefabInfo","root":{"__id__":1},"asset":{"__uuid__":"15T7p2p5tGpLuCemmpWP+Q"},"fileId":"99k5gljv9GH5EmW8gqE3eI"},"_contentSize":{"__type__":"cc.Size","width":90,"height":32},"_position":{"__type__":"cc.Vec3","x":174,"y":84},"_scale":{"__type__":"cc.Vec3","x":1,"y":1,"z":1}},{"__type__":"cc.Node","_name":"room_ID_tiltle","_parent":{"__id__":1},"_children":[{"__id__":6}],"_level":3,"_components":[{"__type__":"cc.Sprite","node":{"__id__":5},"_spriteFrame":{"__uuid__":"10Ogx+xDtAg55Ng9LhCadk"}}],"_prefab":{"__type__":"cc.PrefabInfo","root":{"__id__":1},"asset":{"__uuid__":"15T7p2p5tGpLuCemmpWP+Q"},"fileId":"74EMoTBQVFOo9ufu3NqGYz"},"_contentSize":{"__type__":"cc.Size","width":100,"height":32},"_position":{"__type__":"cc.Vec3","x":-169,"y":85},"_scale":{"__type__":"cc.Vec3","x":1,"y":1,"z":1}},{"__type__":"cc.Node","_name":"roomID","_parent":{"__id__":5},"_level":4,"_components":[{"__id__":7}],"_prefab":{"__type__":"cc.PrefabInfo","root":{"__id__":1},"asset":{"__uuid__":"15T7p2p5tGpLuCemmpWP+Q"},"fileId":"71n3oYDkJMFrcoVJZv/rl4"},"_contentSize":{"__type__":"cc.Size","width":108,"height":40},"_position":{"__type__":"cc.Vec3","x":121,"y":-8},"_scale":{"__type__":"cc.Vec3","x":1,"y":1,"z":1}},{"__type__":"cc.Label","node":{"__id__":6},"_useOriginalSize":false,"_string":"666668","_N$string":"666668","_fontSize":32,"_N$file":{"__uuid__":"74H77dM/NBioLFS3w6taEr"},"_isSystemFontUsed":false,"_N$horizontalAlign":1,"_N$verticalAlign":1},{"__type__":"cc.Node","_name":"btn_enterRoom","_parent":{"__id__":1},"_level":2,"_components":[{"__type__":"cc.Sprite","node":{"__id__":8},"_type":1,"_sizeMode":0},{"__type__":"cc.Button","node":{"__id__":8},"transition":3,"pressedColor":{"__type__":"cc.Color","r":255,"g":255,"b":255},"zoomScale":1,"clickEvents":[{"__type__":"cc.ClickEvent","target":{"__id__":1},"component":"roomItem","handler":"onClickRoomItem"}],"_N$normalColor":{"__type__":"cc.Color","r":255,"g":255,"b":255},"_N$disabledColor":{"__type__":"cc.Color","r":255,"g":255,"b":255},"_N$pressedSprite":{"__uuid__":"e97GVMl6JHh5Ml5qEDdSGa"},"pressedSprite":{"__uuid__":"e97GVMl6JHh5Ml5qEDdSGa"},"_N$hoverSprite":{"__uuid__":"f0BIwQ8D5Ml7nTNQbh1YlS"},"hoverSprite":{"__uuid__":"f0BIwQ8D5Ml7nTNQbh1YlS"},"_N$disabledSprite":{"__uuid__":"29FYIk+N1GYaeWH/q1NxQO"},"_N$target":{"__id__":8}}],"_prefab":{"__type__":"cc.PrefabInfo","root":{"__id__":1},"asset":{"__uuid__":"15T7p2p5tGpLuCemmpWP+Q"},"fileId":"56b5p71ldAipvtjeNJ5Gih"},"_contentSize":{"__type__":"cc.Size","width":450,"height":177},"_position":{"__type__":"cc.Vec3","x":-5,"y":7},"_scale":{"__type__":"cc.Vec3","x":1,"y":1,"z":1}},{"__type__":"cc.Node","_name":"seats","_parent":{"__id__":1},"_children":[{"__id__":10},{"__id__":11},{"__id__":12},{"__id__":13},{"__id__":14},{"__id__":22},{"__id__":30},{"__id__":38}],"_level":3,"_prefab":{"__type__":"cc.PrefabInfo","root":{"__id__":1},"asset":{"__uuid__":"15T7p2p5tGpLuCemmpWP+Q"},"fileId":"eaeD6cETNEJKMyNHEo59mh"},"_scale":{"__type__":"cc.Vec3","x":1,"y":1,"z":1}},{"__type__":"cc.Node","_name":"touixiangdi_1","_parent":{"__id__":9},"_level":4,"_components":[{"__type__":"cc.Sprite","node":{"__id__":10},"_spriteFrame":{"__uuid__":"d1xTzckA5JcLotNvnss6fv"}}],"_prefab":{"__type__":"cc.PrefabInfo","root":{"__id__":1},"asset":{"__uuid__":"15T7p2p5tGpLuCemmpWP+Q"},"fileId":"1e9f2FpGNMYLLXodtM30tm"},"_contentSize":{"__type__":"cc.Size","width":88,"height":88},"_position":{"__type__":"cc.Vec3","x":-57,"y":-8},"_scale":{"__type__":"cc.Vec3","x":1,"y":1,"z":1}},{"__type__":"cc.Node","_name":"touixiangdi_0","_parent":{"__id__":9},"_level":4,"_components":[{"__type__":"cc.Sprite","node":{"__id__":11},"_spriteFrame":{"__uuid__":"d1xTzckA5JcLotNvnss6fv"}}],"_prefab":{"__type__":"cc.PrefabInfo","root":{"__id__":1},"asset":{"__uuid__":"15T7p2p5tGpLuCemmpWP+Q"},"fileId":"65wYnSxmtAMb+yMWv3D+p2"},"_contentSize":{"__type__":"cc.Size","width":88,"height":88},"_position":{"__type__":"cc.Vec3","x":-170.5,"y":-7.4},"_scale":{"__type__":"cc.Vec3","x":1,"y":1,"z":1}},{"__type__":"cc.Node","_name":"touixiangdi_2","_parent":{"__id__":9},"_level":4,"_components":[{"__type__":"cc.Sprite","node":{"__id__":12},"_spriteFrame":{"__uuid__":"d1xTzckA5JcLotNvnss6fv"}}],"_prefab":{"__type__":"cc.PrefabInfo","root":{"__id__":1},"asset":{"__uuid__":"15T7p2p5tGpLuCemmpWP+Q"},"fileId":"eagbvRbW9CDqXOHCVRIGjw"},"_contentSize":{"__type__":"cc.Size","width":88,"height":88},"_position":{"__type__":"cc.Vec3","x":58.3,"y":-8},"_scale":{"__type__":"cc.Vec3","x":1,"y":1,"z":1}},{"__type__":"cc.Node","_name":"touixiangdi_3","_parent":{"__id__":9},"_level":4,"_components":[{"__type__":"cc.Sprite","node":{"__id__":13},"_spriteFrame":{"__uuid__":"d1xTzckA5JcLotNvnss6fv"}}],"_prefab":{"__type__":"cc.PrefabInfo","root":{"__id__":1},"asset":{"__uuid__":"15T7p2p5tGpLuCemmpWP+Q"},"fileId":"60dCxW+/hNtZvAF4GiZ0AX"},"_contentSize":{"__type__":"cc.Size","width":88,"height":88},"_position":{"__type__":"cc.Vec3","x":170.8,"y":-8},"_scale":{"__type__":"cc.Vec3","x":1,"y":1,"z":1}},{"__type__":"cc.Node","_name":"photoItem_0","_parent":{"__id__":9},"_children":[{"__id__":15},{"__id__":17},{"__id__":19}],"_level":4,"_components":[{"__type__":"cc.Mask","node":{"__id__":14},"_enabled":false,"_type":2},{"__id__":21}],"_prefab":{"__type__":"cc.PrefabInfo","root":{"__id__":1},"asset":{"__uuid__":"15T7p2p5tGpLuCemmpWP+Q"},"fileId":"7eGYxlPA5JdKN6JG+HXIaX"},"_contentSize":{"__type__":"cc.Size","width":91.2,"height":89.5},"_position":{"__type__":"cc.Vec3","x":-171.9,"y":-8},"_scale":{"__type__":"cc.Vec3","x":1,"y":1,"z":1}},{"__type__":"cc.Node","_name":"defaultImg","_parent":{"__id__":14},"_level":3,"_components":[{"__id__":16},{"__type__":"cc.Widget","node":{"__id__":15},"_alignFlags":45,"_left":2,"_right":2,"_top":2,"_bottom":2,"_originalWidth":70,"_originalHeight":70}],"_prefab":{"__type__":"cc.PrefabInfo","root":{"__id__":1},"asset":{"__uuid__":"15T7p2p5tGpLuCemmpWP+Q"},"fileId":"aeSpCajXVEFYx70C3XTE3M"},"_contentSize":{"__type__":"cc.Size","width":87.2,"height":85.5},"_scale":{"__type__":"cc.Vec3","x":1,"y":1,"z":1}},{"__type__":"cc.Sprite","node":{"__id__":15},"_spriteFrame":{"__uuid__":"0aT9tAGgpHzZUfr/pYZpvW"},"_sizeMode":0},{"__type__":"cc.Node","_name":"imgFrame","_parent":{"__id__":14},"_level":3,"_components":[{"__id__":18},{"__type__":"cc.Widget","node":{"__id__":17},"_alignFlags":45,"_originalWidth":70,"_originalHeight":70}],"_prefab":{"__type__":"cc.PrefabInfo","root":{"__id__":1},"asset":{"__uuid__":"15T7p2p5tGpLuCemmpWP+Q"},"fileId":"06GtEh3Z1HB7RXHUkKqzu9"},"_contentSize":{"__type__":"cc.Size","width":91.2,"height":89.5},"_scale":{"__type__":"cc.Vec3","x":1,"y":1,"z":1}},{"__type__":"cc.Sprite","node":{"__id__":17},"_spriteFrame":{"__uuid__":"a0A3B5aIJIY5cp+yCg5ZzE"},"_sizeMode":0},{"__type__":"cc.Node","_name":"name","_parent":{"__id__":14},"_level":5,"_components":[{"__id__":20}],"_prefab":{"__type__":"cc.PrefabInfo","root":{"__id__":1},"asset":{"__uuid__":"15T7p2p5tGpLuCemmpWP+Q"},"fileId":"3fPPN+xVVFB7IwU1L666tQ"},"_color":{"__type__":"cc.Color","r":131,"g":91,"b":53},"_contentSize":{"__type__":"cc.Size","width":60,"height":20},"_position":{"__type__":"cc.Vec3","x":-0.8,"y":-65.2},"_scale":{"__type__":"cc.Vec3","x":1,"y":1,"z":1}},{"__type__":"cc.Label","node":{"__id__":19},"_srcBlendFactor":1,"_useOriginalSize":false,"_string":"贤惠美","_N$string":"贤惠美","_fontSize":20,"_lineHeight":20,"_N$horizontalAlign":1,"_N$verticalAlign":1},{"__type__":"c422bc+UdREi7laXw4OL66Y","node":{"__id__":14},"pPhotoSprite":{"__id__":16},"pPhotoFrame":{"__id__":18}},{"__type__":"cc.Node","_name":"photoItem_1","_parent":{"__id__":9},"_children":[{"__id__":23},{"__id__":25},{"__id__":27}],"_level":4,"_components":[{"__type__":"cc.Mask","node":{"__id__":22},"_enabled":false,"_type":2},{"__id__":29}],"_prefab":{"__type__":"cc.PrefabInfo","root":{"__id__":1},"asset":{"__uuid__":"15T7p2p5tGpLuCemmpWP+Q"},"fileId":"09m82XA25AW4DtSfIylLHD"},"_contentSize":{"__type__":"cc.Size","width":91.2,"height":89.5},"_position":{"__type__":"cc.Vec3","x":-55,"y":-8},"_scale":{"__type__":"cc.Vec3","x":1,"y":1,"z":1}},{"__type__":"cc.Node","_name":"defaultImg","_parent":{"__id__":22},"_level":3,"_components":[{"__id__":24},{"__type__":"cc.Widget","node":{"__id__":23},"_alignFlags":45,"_left":2,"_right":2,"_top":2,"_bottom":2,"_originalWidth":70,"_originalHeight":70}],"_prefab":{"__type__":"cc.PrefabInfo","root":{"__id__":1},"asset":{"__uuid__":"15T7p2p5tGpLuCemmpWP+Q"},"fileId":"0f6kIrOuRIK77geeHsXu+x"},"_contentSize":{"__type__":"cc.Size","width":87.2,"height":85.5},"_scale":{"__type__":"cc.Vec3","x":1,"y":1,"z":1}},{"__type__":"cc.Sprite","node":{"__id__":23},"_spriteFrame":{"__uuid__":"0aT9tAGgpHzZUfr/pYZpvW"},"_sizeMode":0},{"__type__":"cc.Node","_name":"imgFrame","_parent":{"__id__":22},"_level":3,"_components":[{"__id__":26},{"__type__":"cc.Widget","node":{"__id__":25},"_alignFlags":45,"_originalWidth":70,"_originalHeight":70}],"_prefab":{"__type__":"cc.PrefabInfo","root":{"__id__":1},"asset":{"__uuid__":"15T7p2p5tGpLuCemmpWP+Q"},"fileId":"34hTqparVPlqXBzhDvMnWr"},"_contentSize":{"__type__":"cc.Size","width":91.2,"height":89.5},"_scale":{"__type__":"cc.Vec3","x":1,"y":1,"z":1}},{"__type__":"cc.Sprite","node":{"__id__":25},"_spriteFrame":{"__uuid__":"a0A3B5aIJIY5cp+yCg5ZzE"},"_sizeMode":0},{"__type__":"cc.Node","_name":"name","_parent":{"__id__":22},"_level":5,"_components":[{"__id__":28}],"_prefab":{"__type__":"cc.PrefabInfo","root":{"__id__":1},"asset":{"__uuid__":"15T7p2p5tGpLuCemmpWP+Q"},"fileId":"acCojfm/5GMI7kbvWMi800"},"_color":{"__type__":"cc.Color","r":131,"g":91,"b":53},"_contentSize":{"__type__":"cc.Size","width":60,"height":20},"_position":{"__type__":"cc.Vec3","x":-0.8,"y":-65.2},"_scale":{"__type__":"cc.Vec3","x":1,"y":1,"z":1}},{"__type__":"cc.Label","node":{"__id__":27},"_srcBlendFactor":1,"_useOriginalSize":false,"_string":"贤惠美","_N$string":"贤惠美","_fontSize":20,"_lineHeight":20,"_N$horizontalAlign":1,"_N$verticalAlign":1},{"__type__":"c422bc+UdREi7laXw4OL66Y","node":{"__id__":22},"pPhotoSprite":{"__id__":24},"pPhotoFrame":{"__id__":26}},{"__type__":"cc.Node","_name":"photoItem_2","_parent":{"__id__":9},"_children":[{"__id__":31},{"__id__":33},{"__id__":35}],"_level":4,"_components":[{"__type__":"cc.Mask","node":{"__id__":30},"_enabled":false,"_type":2},{"__id__":37}],"_prefab":{"__type__":"cc.PrefabInfo","root":{"__id__":1},"asset":{"__uuid__":"15T7p2p5tGpLuCemmpWP+Q"},"fileId":"965ba3BCBD+r1GoKJw/cym"},"_contentSize":{"__type__":"cc.Size","width":91.2,"height":89.5},"_position":{"__type__":"cc.Vec3","x":61.8,"y":-8},"_scale":{"__type__":"cc.Vec3","x":1,"y":1,"z":1}},{"__type__":"cc.Node","_name":"defaultImg","_parent":{"__id__":30},"_level":3,"_components":[{"__id__":32},{"__type__":"cc.Widget","node":{"__id__":31},"_alignFlags":45,"_left":2,"_right":2,"_top":2,"_bottom":2,"_originalWidth":70,"_originalHeight":70}],"_prefab":{"__type__":"cc.PrefabInfo","root":{"__id__":1},"asset":{"__uuid__":"15T7p2p5tGpLuCemmpWP+Q"},"fileId":"5aFUfmSxtJ6ooKWDv0bW24"},"_contentSize":{"__type__":"cc.Size","width":87.2,"height":85.5},"_scale":{"__type__":"cc.Vec3","x":1,"y":1,"z":1}},{"__type__":"cc.Sprite","node":{"__id__":31},"_spriteFrame":{"__uuid__":"0aT9tAGgpHzZUfr/pYZpvW"},"_sizeMode":0},{"__type__":"cc.Node","_name":"imgFrame","_parent":{"__id__":30},"_level":3,"_components":[{"__id__":34},{"__type__":"cc.Widget","node":{"__id__":33},"_alignFlags":45,"_originalWidth":70,"_originalHeight":70}],"_prefab":{"__type__":"cc.PrefabInfo","root":{"__id__":1},"asset":{"__uuid__":"15T7p2p5tGpLuCemmpWP+Q"},"fileId":"32jYNnGc1HZIqv2Uqd37JC"},"_contentSize":{"__type__":"cc.Size","width":91.2,"height":89.5},"_scale":{"__type__":"cc.Vec3","x":1,"y":1,"z":1}},{"__type__":"cc.Sprite","node":{"__id__":33},"_spriteFrame":{"__uuid__":"a0A3B5aIJIY5cp+yCg5ZzE"},"_sizeMode":0},{"__type__":"cc.Node","_name":"name","_parent":{"__id__":30},"_level":5,"_components":[{"__id__":36}],"_prefab":{"__type__":"cc.PrefabInfo","root":{"__id__":1},"asset":{"__uuid__":"15T7p2p5tGpLuCemmpWP+Q"},"fileId":"4fhzjUn8BCUbKM+4SqEhQA"},"_color":{"__type__":"cc.Color","r":131,"g":91,"b":53},"_contentSize":{"__type__":"cc.Size","width":60,"height":20},"_position":{"__type__":"cc.Vec3","x":-0.8,"y":-65.2},"_scale":{"__type__":"cc.Vec3","x":1,"y":1,"z":1}},{"__type__":"cc.Label","node":{"__id__":35},"_srcBlendFactor":1,"_useOriginalSize":false,"_string":"贤惠美","_N$string":"贤惠美","_fontSize":20,"_lineHeight":20,"_N$horizontalAlign":1,"_N$verticalAlign":1},{"__type__":"c422bc+UdREi7laXw4OL66Y","node":{"__id__":30},"pPhotoSprite":{"__id__":32},"pPhotoFrame":{"__id__":34}},{"__type__":"cc.Node","_name":"photoItem_3","_parent":{"__id__":9},"_children":[{"__id__":39},{"__id__":41},{"__id__":43}],"_level":4,"_components":[{"__type__":"cc.Mask","node":{"__id__":38},"_enabled":false,"_type":2},{"__id__":45}],"_prefab":{"__type__":"cc.PrefabInfo","root":{"__id__":1},"asset":{"__uuid__":"15T7p2p5tGpLuCemmpWP+Q"},"fileId":"f1+eiuVnhHmaVcfg7fOrL1"},"_contentSize":{"__type__":"cc.Size","width":91.2,"height":89.5},"_position":{"__type__":"cc.Vec3","x":173.6,"y":-8},"_scale":{"__type__":"cc.Vec3","x":1,"y":1,"z":1}},{"__type__":"cc.Node","_name":"defaultImg","_parent":{"__id__":38},"_level":3,"_components":[{"__id__":40},{"__type__":"cc.Widget","node":{"__id__":39},"_alignFlags":45,"_left":2,"_right":2,"_top":2,"_bottom":2,"_originalWidth":70,"_originalHeight":70}],"_prefab":{"__type__":"cc.PrefabInfo","root":{"__id__":1},"asset":{"__uuid__":"15T7p2p5tGpLuCemmpWP+Q"},"fileId":"7ftI8me29BfYaS2gAc+vFH"},"_contentSize":{"__type__":"cc.Size","width":87.2,"height":85.5},"_scale":{"__type__":"cc.Vec3","x":1,"y":1,"z":1}},{"__type__":"cc.Sprite","node":{"__id__":39},"_spriteFrame":{"__uuid__":"0aT9tAGgpHzZUfr/pYZpvW"},"_sizeMode":0},{"__type__":"cc.Node","_name":"imgFrame","_parent":{"__id__":38},"_level":3,"_components":[{"__id__":42},{"__type__":"cc.Widget","node":{"__id__":41},"_alignFlags":45,"_originalWidth":70,"_originalHeight":70}],"_prefab":{"__type__":"cc.PrefabInfo","root":{"__id__":1},"asset":{"__uuid__":"15T7p2p5tGpLuCemmpWP+Q"},"fileId":"90/xvW2AFFgZRcc03og1i1"},"_contentSize":{"__type__":"cc.Size","width":91.2,"height":89.5},"_scale":{"__type__":"cc.Vec3","x":1,"y":1,"z":1}},{"__type__":"cc.Sprite","node":{"__id__":41},"_spriteFrame":{"__uuid__":"a0A3B5aIJIY5cp+yCg5ZzE"},"_sizeMode":0},{"__type__":"cc.Node","_name":"name","_parent":{"__id__":38},"_level":5,"_components":[{"__id__":44}],"_prefab":{"__type__":"cc.PrefabInfo","root":{"__id__":1},"asset":{"__uuid__":"15T7p2p5tGpLuCemmpWP+Q"},"fileId":"8ae903wQlOv4if2qsd8t5m"},"_color":{"__type__":"cc.Color","r":131,"g":91,"b":53},"_contentSize":{"__type__":"cc.Size","width":60,"height":20},"_position":{"__type__":"cc.Vec3","x":-0.8,"y":-65.2},"_scale":{"__type__":"cc.Vec3","x":1,"y":1,"z":1}},{"__type__":"cc.Label","node":{"__id__":43},"_srcBlendFactor":1,"_useOriginalSize":false,"_string":"贤惠美","_N$string":"贤惠美","_fontSize":20,"_lineHeight":20,"_N$horizontalAlign":1,"_N$verticalAlign":1},{"__type__":"c422bc+UdREi7laXw4OL66Y","node":{"__id__":38},"pPhotoSprite":{"__id__":40},"pPhotoFrame":{"__id__":42}},{"__type__":"cc.Node","_name":"dissmiss_node","_parent":{"__id__":1},"_children":[{"__id__":47},{"__id__":48}],"_active":false,"_level":3,"_prefab":{"__type__":"cc.PrefabInfo","root":{"__id__":1},"asset":{"__uuid__":"15T7p2p5tGpLuCemmpWP+Q"},"fileId":"70aJR4CwJFpLsPkARhXtiZ"},"_scale":{"__type__":"cc.Vec3","x":1,"y":1,"z":1}},{"__type__":"cc.Node","_name":"singleColor","_parent":{"__id__":46},"_level":4,"_components":[{"__type__":"cc.Sprite","node":{"__id__":47},"_spriteFrame":{"__uuid__":"41D7kWhyFGY7q4NDlzkazn"},"_sizeMode":0}],"_prefab":{"__type__":"cc.PrefabInfo","root":{"__id__":1},"asset":{"__uuid__":"15T7p2p5tGpLuCemmpWP+Q"},"fileId":"7dYnPGnXBI47ksFrCe2lWE"},"_opacity":125,"_color":{"__type__":"cc.Color"},"_contentSize":{"__type__":"cc.Size","width":473.4,"height":212.7},"_position":{"__type__":"cc.Vec3","x":-0.5,"y":4.7},"_scale":{"__type__":"cc.Vec3","x":1,"y":1,"z":1}},{"__type__":"cc.Node","_name":"btn_dissmiss","_parent":{"__id__":46},"_level":4,"_components":[{"__type__":"cc.Sprite","node":{"__id__":48},"_spriteFrame":{"__uuid__":"f7vl117/lIBqnClnp0MlGy"},"_type":1,"_sizeMode":2},{"__type__":"cc.Button","node":{"__id__":48},"transition":3,"pressedColor":{"__type__":"cc.Color","r":255,"g":255,"b":255},"zoomScale":1.1,"clickEvents":[{"__type__":"cc.ClickEvent","target":{"__id__":1},"component":"roomItem","handler":"onClickDismiss"}],"_N$normalColor":{"__type__":"cc.Color","r":255,"g":255,"b":255},"_N$disabledColor":{"__type__":"cc.Color","r":255,"g":255,"b":255},"_N$normalSprite":{"__uuid__":"f7vl117/lIBqnClnp0MlGy"},"_N$pressedSprite":{"__uuid__":"e97GVMl6JHh5Ml5qEDdSGa"},"pressedSprite":{"__uuid__":"e97GVMl6JHh5Ml5qEDdSGa"},"_N$hoverSprite":{"__uuid__":"f0BIwQ8D5Ml7nTNQbh1YlS"},"hoverSprite":{"__uuid__":"f0BIwQ8D5Ml7nTNQbh1YlS"},"_N$disabledSprite":{"__uuid__":"29FYIk+N1GYaeWH/q1NxQO"},"_N$target":{"__id__":48}}],"_prefab":{"__type__":"cc.PrefabInfo","root":{"__id__":1},"asset":{"__uuid__":"15T7p2p5tGpLuCemmpWP+Q"},"fileId":"685Tqha7FPLovhHWS4Ncmx"},"_contentSize":{"__type__":"cc.Size","width":165,"height":67},"_position":{"__type__":"cc.Vec3","x":-0.5,"y":4.7},"_scale":{"__type__":"cc.Vec3","x":1,"y":1,"z":1}}],{"__type__":"cc.SpriteFrame","content":{"name":"fangjiandi","texture":"d3/X8eublBG5A87CNrPolg","rect":[0,0,491,103],"offset":[0,0],"originalSize":[491,103],"capInsets":[0,66,0,28]}},{"__type__":"cc.SpriteFrame","content":{"name":"default_btn_disabled","texture":"71VhFCTINJM6/Ky3oX9nBT","rect":[0,0,40,40],"offset":[0,0],"originalSize":[40,40],"capInsets":[12,12,12,12]}},{"__type__":"cc.SpriteFrame","content":{"name":"singleColor","texture":"a8Anh32NZGRZegUtSgEj26","rect":[0,0,2,2],"offset":[0,0],"originalSize":[2,2],"capInsets":[0,0,0,0]}},{"__type__":"cc.SpriteFrame","content":{"name":"dengdaizhong","texture":"444zZUe55H27JxTcGWjBQv","rect":[0,0,90,32],"offset":[0,0],"originalSize":[90,32],"capInsets":[0,0,0,0]}},{"__type__":"cc.SpriteFrame","content":{"name":"touxiangkuang","texture":"3bz7ZdnTVN84gBrIPsjHOq","rect":[0,0,70,70],"offset":[0,0],"originalSize":[70,70],"capInsets":[0,0,0,0]}},{"__type__":"cc.SpriteFrame","content":{"name":"touixiangdi","texture":"62fIizsidAzrmTa0VPrZO7","rect":[0,0,88,88],"offset":[0,0],"originalSize":[88,88],"capInsets":[0,0,0,0]}},{"__type__":"cc.SpriteFrame","content":{"name":"default_btn_pressed","texture":"b4P/PCArtIdIH38t6mlw8Y","rect":[0,0,40,40],"offset":[0,0],"originalSize":[40,40],"capInsets":[12,12,12,12]}},{"__type__":"cc.SpriteFrame","content":{"name":"default_btn_normal","texture":"e8Ueib+qJEhL6mXAHdnwbi","rect":[0,0,40,40],"offset":[0,0],"originalSize":[40,40],"capInsets":[12,12,12,12]}},{"__type__":"cc.SpriteFrame","content":{"name":"anniuqianzhijisan","texture":"2fctVMDftGX7CoAIWxchFn","rect":[0,0,165,67],"offset":[0,0],"originalSize":[165,67],"capInsets":[0,0,0,0]}}]