[[{"__type__":"cc.Prefab","_name":"LeftRightEatPengGang","data":{"__id__":1}},{"__type__":"cc.Node","_name":"LeftRightEatPengGang","_children":[{"__id__":2},{"__id__":4},{"__id__":12}],"_level":1,"_components":[{"__type__":"cc.Layout","node":{"__id__":1},"_layoutSize":{"__type__":"cc.Size","width":38,"height":86},"_resize":1,"_N$layoutType":2,"_N$spacingY":-8},{"__type__":"5bedcCHx2tE14+zD8+6LbqL","node":{"__id__":1},"pDirection":{"__id__":10},"vCard":[{"__id__":3},{"__id__":11},{"__id__":13},{"__id__":7}],"pMingGangCover":{"__id__":6},"pAnGangCover":{"__id__":5}}],"_prefab":{"__type__":"cc.PrefabInfo","root":{"__id__":1},"asset":{"__uuid__":"33G9CRDLpKcbZMGBOAf23e"},"fileId":"8ctZscZ8FFjYMW+U+fYvzL"},"_contentSize":{"__type__":"cc.Size","width":38,"height":86},"_position":{"__type__":"cc.Vec3","y":22},"_scale":{"__type__":"cc.Vec3","x":1,"y":1,"z":1}},{"__type__":"cc.Node","_name":"MyholdpengB1","_parent":{"__id__":1},"_level":2,"_components":[{"__id__":3}],"_prefab":{"__type__":"cc.PrefabInfo","root":{"__id__":1},"asset":{"__uuid__":"33G9CRDLpKcbZMGBOAf23e"},"fileId":"5ccgGqKhxISIE4l0HKmqBv"},"_contentSize":{"__type__":"cc.Size","width":38,"height":34},"_position":{"__type__":"cc.Vec3","y":26},"_scale":{"__type__":"cc.Vec3","x":1,"y":1,"z":1}},{"__type__":"cc.Sprite","node":{"__id__":2},"_spriteFrame":{"__uuid__":"52tyPPCF1D8oMQOZNqCORU"},"_sizeMode":2},{"__type__":"cc.Node","_name":"MyholdpengB2","_parent":{"__id__":1},"_children":[{"__id__":5},{"__id__":6},{"__id__":8}],"_level":2,"_components":[{"__id__":11}],"_prefab":{"__type__":"cc.PrefabInfo","root":{"__id__":1},"asset":{"__uuid__":"33G9CRDLpKcbZMGBOAf23e"},"fileId":"faWU4uG5FGr7qa5Uca6dzz"},"_contentSize":{"__type__":"cc.Size","width":38,"height":34},"_scale":{"__type__":"cc.Vec3","x":1,"y":1,"z":1}},{"__type__":"cc.Node","_name":"anGangCover","_parent":{"__id__":4},"_active":false,"_level":3,"_components":[{"__type__":"cc.Sprite","node":{"__id__":5},"_spriteFrame":{"__uuid__":"40z5qzkClODYTh3hSPU8yv"},"_sizeMode":2}],"_prefab":{"__type__":"cc.PrefabInfo","root":{"__id__":1},"asset":{"__uuid__":"33G9CRDLpKcbZMGBOAf23e"},"fileId":"2bXND42UhIVYBakwRbNc+T"},"_contentSize":{"__type__":"cc.Size","width":38,"height":34},"_position":{"__type__":"cc.Vec3","x":0.7,"y":5.4},"_scale":{"__type__":"cc.Vec3","x":1,"y":1,"z":1}},{"__type__":"cc.Node","_name":"mingGangCover","_parent":{"__id__":4},"_level":3,"_components":[{"__id__":7}],"_prefab":{"__type__":"cc.PrefabInfo","root":{"__id__":1},"asset":{"__uuid__":"33G9CRDLpKcbZMGBOAf23e"},"fileId":"3ecrVzieRKzoJ4CRlHTcDq"},"_contentSize":{"__type__":"cc.Size","width":38,"height":34},"_position":{"__type__":"cc.Vec3","x":0.7,"y":7.4},"_scale":{"__type__":"cc.Vec3","x":1,"y":1,"z":1}},{"__type__":"cc.Sprite","node":{"__id__":6},"_spriteFrame":{"__uuid__":"52tyPPCF1D8oMQOZNqCORU"},"_sizeMode":2},{"__type__":"cc.Node","_name":"rote","_parent":{"__id__":4},"_children":[{"__id__":9}],"_level":3,"_prefab":{"__type__":"cc.PrefabInfo","root":{"__id__":1},"asset":{"__uuid__":"33G9CRDLpKcbZMGBOAf23e"},"fileId":"6bRd+9be1Jo6HZA1R0CuFF"},"_position":{"__type__":"cc.Vec3","x":1,"y":9.1},"_scale":{"__type__":"cc.Vec3","x":1,"y":1,"z":1},"_rotationX":90,"_rotationY":90,"_quat":{"__type__":"cc.Quat","z":-0.7071067811865475,"w":0.7071067811865476}},{"__type__":"cc.Node","_name":"jiantou","_parent":{"__id__":8},"_level":4,"_components":[{"__id__":10}],"_prefab":{"__type__":"cc.PrefabInfo","root":{"__id__":1},"asset":{"__uuid__":"33G9CRDLpKcbZMGBOAf23e"},"fileId":"d2qDT1c7VFXLFYPNnv2y/9"},"_contentSize":{"__type__":"cc.Size","width":27,"height":36},"_scale":{"__type__":"cc.Vec3","x":1,"y":1,"z":1}},{"__type__":"cc.Sprite","node":{"__id__":9},"_spriteFrame":{"__uuid__":"adebZCQKdFcaoOSgA08I6T"}},{"__type__":"cc.Sprite","node":{"__id__":4},"_spriteFrame":{"__uuid__":"52tyPPCF1D8oMQOZNqCORU"},"_sizeMode":2},{"__type__":"cc.Node","_name":"MyholdpengB3","_parent":{"__id__":1},"_level":2,"_components":[{"__id__":13}],"_prefab":{"__type__":"cc.PrefabInfo","root":{"__id__":1},"asset":{"__uuid__":"33G9CRDLpKcbZMGBOAf23e"},"fileId":"60unl2iBhJE4zJDGBYnt5c"},"_contentSize":{"__type__":"cc.Size","width":38,"height":34},"_position":{"__type__":"cc.Vec3","y":-26},"_scale":{"__type__":"cc.Vec3","x":1,"y":1,"z":1}},{"__type__":"cc.Sprite","node":{"__id__":12},"_spriteFrame":{"__uuid__":"52tyPPCF1D8oMQOZNqCORU"},"_sizeMode":2}],{"__type__":"cc.SpriteFrame","content":{"name":"leftPeng_bei","texture":"9dMyQrkMJDz79gSRWDq7Y9","rect":[190,68,38,34],"offset":[0,0],"originalSize":[38,34],"capInsets":[0,0,0,0]}},{"__type__":"cc.SpriteFrame","content":{"name":"leftPengB1","texture":"9dMyQrkMJDz79gSRWDq7Y9","rect":[228,136,38,34],"offset":[0,0],"originalSize":[38,34],"capInsets":[0,0,0,0]}},{"__type__":"cc.SpriteFrame","content":{"name":"jiantou","texture":"daIYQHGehDOZ04nbVfWLpL","rect":[0,0,27,36],"offset":[0,0],"originalSize":[27,36],"capInsets":[0,0,0,0]}}]