[{"__type__":"cc.SpriteFrame","content":{"name":"zitishi","texture":"2c8xAujPlIGZ6SN+JxhYfD","rect":[0,0,86,45],"offset":[0,0],"originalSize":[86,45],"capInsets":[0,0,0,0]}},{"__type__":"cc.SpriteFrame","content":{"name":"default_btn_disabled","texture":"71VhFCTINJM6/Ky3oX9nBT","rect":[0,0,40,40],"offset":[0,0],"originalSize":[40,40],"capInsets":[12,12,12,12]}},{"__type__":"cc.SpriteFrame","content":{"name":"beijingtu","texture":"c3V2+E9XtB4arMU6E+K/+w","rect":[0,0,1280,720],"offset":[0,0],"originalSize":[1280,720],"capInsets":[0,0,0,0]}},{"__type__":"cc.SpriteFrame","content":{"name":"default_progressbar","texture":"cf73jxyN9Jt47QTJU6ziYh","rect":[0,0,30,15],"offset":[0,0],"originalSize":[30,15],"capInsets":[10,4,10,4]}},{"__type__":"cc.SpriteFrame","content":{"name":"queding","texture":"88PTd5s5pLvKCbM/kLQF5L","rect":[0,0,264,90],"offset":[0,0],"originalSize":[264,90],"capInsets":[0,0,0,0]}},{"__type__":"cc.SpriteFrame","content":{"name":"guanbi","texture":"0dOUSsrbdB9LWB/n/ciaXE","rect":[0,0,79,83],"offset":[0,0],"originalSize":[79,83],"capInsets":[0,0,0,0]}},{"__type__":"cc.SpriteFrame","content":{"name":"kuangdi","texture":"03MjzONrBLYbTaCQ1bY3sl","rect":[0,0,333,316],"offset":[0,0],"originalSize":[333,316],"capInsets":[102,116,107,96]}},{"__type__":"cc.SpriteFrame","content":{"name":"quxiao","texture":"a90fU/5JNN67NqOsI0Kiw/","rect":[0,0,264,90],"offset":[0,0],"originalSize":[264,90],"capInsets":[0,0,0,0]}},{"__type__":"cc.SpriteFrame","content":{"name":"default_progressbar_bg","texture":"99FwsL0hBG8bITfZ4/IwmK","rect":[0,0,60,15],"offset":[0,0],"originalSize":[60,15],"capInsets":[10,4,10,4]}},[{"__type__":"cc.SceneAsset","_name":"loading","scene":{"__id__":1},"asyncLoadAssets":null},{"__type__":"cc.Scene","_name":"New Node","_children":[{"__id__":2},{"__id__":5}],"_anchorPoint":{"__type__":"cc.Vec2"},"_scale":{"__type__":"cc.Vec3","x":0.60155029296875,"y":0.60155029296875,"z":1},"autoReleaseAssets":false},{"__type__":"cc.Node","_name":"Canvas","_parent":{"__id__":1},"_children":[{"__id__":3},{"__id__":4}],"_components":[{"__type__":"cc.Canvas","node":{"__id__":2},"_designResolution":{"__type__":"cc.Size","width":1280,"height":720},"_fitHeight":false},{"__type__":"0b1827Pqw5ILJZmKfw9vQ5N","node":{"__id__":2},"pNodePersite":{"__id__":5}}],"_contentSize":{"__type__":"cc.Size","width":1280,"height":720},"_position":{"__type__":"cc.Vec3","x":640,"y":360},"_scale":{"__type__":"cc.Vec3","x":1,"y":1,"z":1},"_id":"0aXdNZJeZHw4nnhan0nStB"},{"__type__":"cc.Node","_name":"Main Camera","_parent":{"__id__":2},"_level":1,"_components":[{"__type__":"cc.Camera","node":{"__id__":3},"_clearFlags":7,"_depth":-1}],"_scale":{"__type__":"cc.Vec3","x":1,"y":1,"z":1}},{"__type__":"cc.Node","_name":"beijingtu","_parent":{"__id__":2},"_level":1,"_components":[{"__type__":"cc.Sprite","node":{"__id__":4},"_spriteFrame":{"__uuid__":"666mA0juhAWYEietzFIKrL"},"_sizeMode":0},{"__type__":"cc.Widget","node":{"__id__":4},"_alignFlags":45,"_originalWidth":1280,"_originalHeight":720}],"_contentSize":{"__type__":"cc.Size","width":1280,"height":720},"_scale":{"__type__":"cc.Vec3","x":1,"y":1,"z":1}},{"__type__":"cc.Node","_name":"persisteNode","_parent":{"__id__":1},"_children":[{"__id__":6},{"__id__":9},{"__id__":19}],"_level":1,"_components":[{"__type__":"cc.Widget","node":{"__id__":5},"_alignFlags":45},{"__type__":"d8319hIowtLFqbv8/SEwtGS","node":{"__id__":5},"pPromptDlg":{"__id__":18},"pPromptTextPrefab":{"__uuid__":"a5p72dLMpA/JTu4+re0MYu"}}],"_contentSize":{"__type__":"cc.Size","width":1280,"height":720},"_position":{"__type__":"cc.Vec3","x":640,"y":360},"_scale":{"__type__":"cc.Vec3","x":1,"y":1,"z":1},"_id":"0bCX+dM9ZLmKQqI27v7luy"},{"__type__":"cc.Node","_name":"ClientNetwork","_parent":{"__id__":5},"_children":[{"__id__":7}],"_level":2,"_components":[{"__type__":"ada68wwqaZNf7PofE0RhyAF","node":{"__id__":6},"pTip":{"__id__":8},"pRootNode":{"__id__":6}},{"__type__":"cc.Widget","node":{"__id__":6},"_alignFlags":45}],"_contentSize":{"__type__":"cc.Size","width":1280,"height":720},"_scale":{"__type__":"cc.Vec3","x":1,"y":1,"z":1}},{"__type__":"cc.Node","_name":"label","_parent":{"__id__":6},"_level":3,"_components":[{"__id__":8}],"_contentSize":{"__type__":"cc.Size","width":284.45,"height":40},"_position":{"__type__":"cc.Vec3","x":2,"y":-235},"_scale":{"__type__":"cc.Vec3","x":1,"y":1,"z":1}},{"__type__":"cc.Label","node":{"__id__":7},"_srcBlendFactor":1,"_useOriginalSize":false,"_string":"正在重新登录....","_N$string":"正在重新登录....","_N$horizontalAlign":1,"_N$verticalAlign":1},{"__type__":"cc.Node","_name":"promptDlg","_parent":{"__id__":5},"_children":[{"__id__":10},{"__id__":12},{"__id__":14},{"__id__":15},{"__id__":16},{"__id__":17}],"_active":false,"_level":2,"_components":[{"__type__":"cc.Sprite","node":{"__id__":9},"_spriteFrame":{"__uuid__":"6d8m1qIgpEq7B3Zr0ePa2Y"},"_type":1,"_sizeMode":0},{"__id__":18}],"_contentSize":{"__type__":"cc.Size","width":908,"height":566},"_position":{"__type__":"cc.Vec3","x":1},"_scale":{"__type__":"cc.Vec3","x":1,"y":1,"z":1}},{"__type__":"cc.Node","_name":"biaotidi","_parent":{"__id__":9},"_children":[{"__id__":11}],"_level":3,"_components":[{"__type__":"cc.Sprite","node":{"__id__":10},"_spriteFrame":{"__uuid__":"f2yYfkBk5Mfb3eEcEMVWb7"}},{"__type__":"cc.Widget","node":{"__id__":10},"_alignFlags":1,"_top":5.400000000000006}],"_contentSize":{"__type__":"cc.Size","width":456,"height":76},"_position":{"__type__":"cc.Vec3","y":239.60000000000002},"_scale":{"__type__":"cc.Vec3","x":1,"y":1,"z":1}},{"__type__":"cc.Node","_name":"zitishi","_parent":{"__id__":10},"_level":4,"_components":[{"__type__":"cc.Sprite","node":{"__id__":11},"_spriteFrame":{"__uuid__":"070K06MANGv4Qx9NKkki32"}}],"_contentSize":{"__type__":"cc.Size","width":86,"height":45},"_position":{"__type__":"cc.Vec3","y":-0.2999999999999998},"_scale":{"__type__":"cc.Vec3","x":1,"y":1,"z":1}},{"__type__":"cc.Node","_name":"contentText","_parent":{"__id__":9},"_level":3,"_components":[{"__id__":13}],"_color":{"__type__":"cc.Color","r":148,"g":62,"b":62},"_contentSize":{"__type__":"cc.Size","width":718,"height":40},"_position":{"__type__":"cc.Vec3","y":23},"_scale":{"__type__":"cc.Vec3","x":1,"y":1,"z":1}},{"__type__":"cc.Label","node":{"__id__":12},"_srcBlendFactor":1,"_useOriginalSize":false,"_string":"这里是顺利的话噶似的 ","_N$string":"这里是顺利的话噶似的 ","_N$horizontalAlign":1,"_N$verticalAlign":1,"_N$overflow":3},{"__type__":"cc.Node","_name":"btnClose","_parent":{"__id__":9},"_level":3,"_components":[{"__type__":"cc.Sprite","node":{"__id__":14},"_spriteFrame":{"__uuid__":"6bYlAeof5A3KFnRLBAbNB+"},"_type":1,"_sizeMode":2},{"__type__":"cc.Button","node":{"__id__":14},"transition":3,"pressedColor":{"__type__":"cc.Color","r":255,"g":255,"b":255},"zoomScale":1.1,"clickEvents":[{"__type__":"cc.ClickEvent","target":{"__id__":9},"component":"PromptDlg","handler":"closeDlg"}],"_N$normalColor":{"__type__":"cc.Color","r":255,"g":255,"b":255},"_N$disabledColor":{"__type__":"cc.Color","r":255,"g":255,"b":255},"_N$normalSprite":{"__uuid__":"f0BIwQ8D5Ml7nTNQbh1YlS"},"_N$pressedSprite":{"__uuid__":"e97GVMl6JHh5Ml5qEDdSGa"},"pressedSprite":{"__uuid__":"e97GVMl6JHh5Ml5qEDdSGa"},"_N$hoverSprite":{"__uuid__":"f0BIwQ8D5Ml7nTNQbh1YlS"},"hoverSprite":{"__uuid__":"f0BIwQ8D5Ml7nTNQbh1YlS"},"_N$disabledSprite":{"__uuid__":"29FYIk+N1GYaeWH/q1NxQO"},"_N$target":{"__id__":14}},{"__type__":"cc.Widget","node":{"__id__":14},"_alignFlags":33,"_right":-11.5,"_top":-20.5}],"_contentSize":{"__type__":"cc.Size","width":79,"height":83},"_position":{"__type__":"cc.Vec3","x":426,"y":262},"_scale":{"__type__":"cc.Vec3","x":1,"y":1,"z":1}},{"__type__":"cc.Node","_name":"btnMiddleOk","_parent":{"__id__":9},"_level":3,"_components":[{"__type__":"cc.Sprite","node":{"__id__":15},"_spriteFrame":{"__uuid__":"6aKLa1spBFEITJxnwvyTVS"},"_type":1,"_sizeMode":2},{"__type__":"cc.Button","node":{"__id__":15},"transition":3,"pressedColor":{"__type__":"cc.Color","r":255,"g":255,"b":255},"zoomScale":1.1,"clickEvents":[{"__type__":"cc.ClickEvent","target":{"__id__":9},"component":"PromptDlg","handler":"onClickOk"}],"_N$normalColor":{"__type__":"cc.Color","r":255,"g":255,"b":255},"_N$disabledColor":{"__type__":"cc.Color","r":255,"g":255,"b":255},"_N$normalSprite":{"__uuid__":"f0BIwQ8D5Ml7nTNQbh1YlS"},"_N$pressedSprite":{"__uuid__":"e97GVMl6JHh5Ml5qEDdSGa"},"pressedSprite":{"__uuid__":"e97GVMl6JHh5Ml5qEDdSGa"},"_N$hoverSprite":{"__uuid__":"f0BIwQ8D5Ml7nTNQbh1YlS"},"hoverSprite":{"__uuid__":"f0BIwQ8D5Ml7nTNQbh1YlS"},"_N$disabledSprite":{"__uuid__":"29FYIk+N1GYaeWH/q1NxQO"},"_N$target":{"__id__":15}},{"__type__":"cc.Widget","node":{"__id__":15},"_alignFlags":20,"_right":322,"_top":402.5,"_bottom":46,"_originalHeight":90}],"_contentSize":{"__type__":"cc.Size","width":264,"height":90},"_position":{"__type__":"cc.Vec3","y":-192},"_scale":{"__type__":"cc.Vec3","x":1,"y":1,"z":1}},{"__type__":"cc.Node","_name":"btnOk","_parent":{"__id__":9},"_active":false,"_level":3,"_components":[{"__type__":"cc.Sprite","node":{"__id__":16},"_spriteFrame":{"__uuid__":"6aKLa1spBFEITJxnwvyTVS"},"_type":1,"_sizeMode":2},{"__type__":"cc.Button","node":{"__id__":16},"transition":3,"pressedColor":{"__type__":"cc.Color","r":255,"g":255,"b":255},"zoomScale":1.1,"clickEvents":[{"__type__":"cc.ClickEvent","target":{"__id__":9},"component":"PromptDlg","handler":"onClickOk"}],"_N$normalColor":{"__type__":"cc.Color","r":255,"g":255,"b":255},"_N$disabledColor":{"__type__":"cc.Color","r":255,"g":255,"b":255},"_N$normalSprite":{"__uuid__":"f0BIwQ8D5Ml7nTNQbh1YlS"},"_N$pressedSprite":{"__uuid__":"e97GVMl6JHh5Ml5qEDdSGa"},"pressedSprite":{"__uuid__":"e97GVMl6JHh5Ml5qEDdSGa"},"_N$hoverSprite":{"__uuid__":"f0BIwQ8D5Ml7nTNQbh1YlS"},"hoverSprite":{"__uuid__":"f0BIwQ8D5Ml7nTNQbh1YlS"},"_N$disabledSprite":{"__uuid__":"29FYIk+N1GYaeWH/q1NxQO"},"_N$target":{"__id__":16}},{"__type__":"cc.Widget","node":{"__id__":16},"_alignFlags":36,"_right":117,"_top":430,"_bottom":46}],"_contentSize":{"__type__":"cc.Size","width":264,"height":90},"_position":{"__type__":"cc.Vec3","x":205,"y":-192},"_scale":{"__type__":"cc.Vec3","x":1,"y":1,"z":1}},{"__type__":"cc.Node","_name":"btnCanncel","_parent":{"__id__":9},"_active":false,"_level":3,"_components":[{"__type__":"cc.Sprite","node":{"__id__":17},"_spriteFrame":{"__uuid__":"79fCF4OhpHVJzyOIi5qJaC"},"_type":1,"_sizeMode":2},{"__type__":"cc.Button","node":{"__id__":17},"transition":3,"pressedColor":{"__type__":"cc.Color","r":255,"g":255,"b":255},"zoomScale":1.1,"clickEvents":[{"__type__":"cc.ClickEvent","target":{"__id__":9},"component":"PromptDlg","handler":"onClickCanncel"}],"_N$normalColor":{"__type__":"cc.Color","r":255,"g":255,"b":255},"_N$disabledColor":{"__type__":"cc.Color","r":255,"g":255,"b":255},"_N$normalSprite":{"__uuid__":"f0BIwQ8D5Ml7nTNQbh1YlS"},"_N$pressedSprite":{"__uuid__":"e97GVMl6JHh5Ml5qEDdSGa"},"pressedSprite":{"__uuid__":"e97GVMl6JHh5Ml5qEDdSGa"},"_N$hoverSprite":{"__uuid__":"f0BIwQ8D5Ml7nTNQbh1YlS"},"hoverSprite":{"__uuid__":"f0BIwQ8D5Ml7nTNQbh1YlS"},"_N$disabledSprite":{"__uuid__":"29FYIk+N1GYaeWH/q1NxQO"},"_N$target":{"__id__":17}},{"__type__":"cc.Widget","node":{"__id__":17},"_alignFlags":12,"_left":114,"_right":530,"_top":430,"_bottom":46,"_originalWidth":264,"_originalHeight":90}],"_contentSize":{"__type__":"cc.Size","width":264,"height":90},"_position":{"__type__":"cc.Vec3","x":-208,"y":-192},"_scale":{"__type__":"cc.Vec3","x":1,"y":1,"z":1}},{"__type__":"a5e22fff1RLray4ViQvurFh","node":{"__id__":9},"pRootNode":{"__id__":9},"pBgImgArea":{"__id__":9},"isPopout":true,"pLabel":{"__id__":13},"pBtnCanncel":{"__id__":17},"pBtnOk":{"__id__":16},"pBtnMiddleOk":{"__id__":15}},{"__type__":"cc.Node","_name":"hotUpdate","_parent":{"__id__":5},"_children":[{"__id__":20}],"_level":2,"_components":[{"__type__":"af8440bhdBHULJY5IdzzhW1","node":{"__id__":19},"pProgressInfo":{"__id__":28},"manifestUrl":{"__uuid__":"10g6snhQpFnJ3qejrGpuAM"},"pBtnRetry":{"__id__":25},"pBtnUpdateRightNow":{"__id__":29},"pHotUpdatePannel":{"__id__":20},"pProgress":{"__id__":24}}],"_prefab":{"__type__":"cc.PrefabInfo","root":{"__id__":19},"asset":{"__uuid__":"f3CRobdfdMWJaQSZCXHVXo"},"fileId":"7aIgR9UvtBkqwH0sOEBka8"},"_scale":{"__type__":"cc.Vec3","x":1,"y":1,"z":1}},{"__type__":"cc.Node","_name":"pannel","_parent":{"__id__":19},"_children":[{"__id__":21},{"__id__":25},{"__id__":27},{"__id__":29}],"_active":false,"_level":3,"_components":[{"__type__":"cc.Sprite","node":{"__id__":20},"_spriteFrame":{"__uuid__":"6d8m1qIgpEq7B3Zr0ePa2Y"},"_type":1,"_sizeMode":0}],"_prefab":{"__type__":"cc.PrefabInfo","root":{"__id__":19},"asset":{"__uuid__":"f3CRobdfdMWJaQSZCXHVXo"},"fileId":"8bJUr8fmNJxZ69VrfaDavf"},"_contentSize":{"__type__":"cc.Size","width":822,"height":476},"_position":{"__type__":"cc.Vec3","x":3,"y":-6},"_scale":{"__type__":"cc.Vec3","x":1,"y":1,"z":1}},{"__type__":"cc.Node","_name":"progressBar","_parent":{"__id__":20},"_children":[{"__id__":22}],"_level":4,"_components":[{"__type__":"cc.Sprite","node":{"__id__":21},"_spriteFrame":{"__uuid__":"8855/VlrRKd6H0MSRnFxAU"},"_type":1,"_sizeMode":0},{"__id__":24}],"_prefab":{"__type__":"cc.PrefabInfo","root":{"__id__":19},"asset":{"__uuid__":"f3CRobdfdMWJaQSZCXHVXo"},"fileId":"8911YthedPAYAfBf6vTnTu"},"_contentSize":{"__type__":"cc.Size","width":300,"height":15},"_position":{"__type__":"cc.Vec3","x":-21,"y":-117},"_scale":{"__type__":"cc.Vec3","x":1,"y":1,"z":1}},{"__type__":"cc.Node","_name":"bar","_parent":{"__id__":21},"_components":[{"__id__":23}],"_prefab":{"__type__":"cc.PrefabInfo","root":{"__id__":19},"asset":{"__uuid__":"f3CRobdfdMWJaQSZCXHVXo"},"fileId":"70oNXDPwBPdbJBD0qcgA5a"},"_contentSize":{"__type__":"cc.Size","width":150,"height":15},"_anchorPoint":{"__type__":"cc.Vec2","y":0.5},"_position":{"__type__":"cc.Vec3","x":-150},"_scale":{"__type__":"cc.Vec3","x":1,"y":1,"z":1}},{"__type__":"cc.Sprite","node":{"__id__":22},"_spriteFrame":{"__uuid__":"675ovJ2tVK2aLYfgPUWOMv"},"_type":1,"_sizeMode":0},{"__type__":"cc.ProgressBar","node":{"__id__":21},"_N$totalLength":100,"_N$barSprite":{"__id__":23},"_N$progress":0.5},{"__type__":"cc.Node","_name":"btn_retry","_parent":{"__id__":20},"_children":[{"__id__":26}],"_level":4,"_components":[{"__type__":"cc.Sprite","node":{"__id__":25},"_spriteFrame":{"__uuid__":"f0BIwQ8D5Ml7nTNQbh1YlS"},"_type":1,"_sizeMode":0},{"__type__":"cc.Button","node":{"__id__":25},"transition":2,"pressedColor":{"__type__":"cc.Color","r":255,"g":255,"b":255},"clickEvents":[{"__type__":"cc.ClickEvent","target":{"__id__":19},"component":"CheckHotUpdate","handler":"retry"}],"_N$normalColor":{"__type__":"cc.Color","r":255,"g":255,"b":255},"_N$disabledColor":{"__type__":"cc.Color","r":255,"g":255,"b":255},"_N$normalSprite":{"__uuid__":"f0BIwQ8D5Ml7nTNQbh1YlS"},"_N$pressedSprite":{"__uuid__":"e97GVMl6JHh5Ml5qEDdSGa"},"pressedSprite":{"__uuid__":"e97GVMl6JHh5Ml5qEDdSGa"},"_N$hoverSprite":{"__uuid__":"f0BIwQ8D5Ml7nTNQbh1YlS"},"hoverSprite":{"__uuid__":"f0BIwQ8D5Ml7nTNQbh1YlS"},"_N$disabledSprite":{"__uuid__":"29FYIk+N1GYaeWH/q1NxQO"},"_N$target":{"__id__":25}}],"_prefab":{"__type__":"cc.PrefabInfo","root":{"__id__":19},"asset":{"__uuid__":"f3CRobdfdMWJaQSZCXHVXo"},"fileId":"66BbQjtpNHHbYfsDTBxE+H"},"_contentSize":{"__type__":"cc.Size","width":100,"height":40},"_position":{"__type__":"cc.Vec3","x":-13,"y":-39},"_scale":{"__type__":"cc.Vec3","x":1,"y":1,"z":1}},{"__type__":"cc.Node","_name":"Label","_parent":{"__id__":25},"_components":[{"__type__":"cc.Label","node":{"__id__":26},"_srcBlendFactor":1,"_useOriginalSize":false,"_string":"重试","_N$string":"重试","_fontSize":20,"_enableWrapText":false,"_N$horizontalAlign":1,"_N$verticalAlign":1,"_N$overflow":1}],"_prefab":{"__type__":"cc.PrefabInfo","root":{"__id__":19},"asset":{"__uuid__":"f3CRobdfdMWJaQSZCXHVXo"},"fileId":"c8qSaYH81KHpa58YgAdz7V"},"_color":{"__type__":"cc.Color"},"_contentSize":{"__type__":"cc.Size","width":100,"height":40},"_scale":{"__type__":"cc.Vec3","x":1,"y":1,"z":1}},{"__type__":"cc.Node","_name":"stateinfo","_parent":{"__id__":20},"_level":4,"_components":[{"__id__":28}],"_prefab":{"__type__":"cc.PrefabInfo","root":{"__id__":19},"asset":{"__uuid__":"f3CRobdfdMWJaQSZCXHVXo"},"fileId":"eaHjzAhUxDPacr8o/jSlDs"},"_color":{"__type__":"cc.Color"},"_contentSize":{"__type__":"cc.Size","width":240,"height":40},"_position":{"__type__":"cc.Vec3","x":-18,"y":35},"_scale":{"__type__":"cc.Vec3","x":1,"y":1,"z":1}},{"__type__":"cc.Label","node":{"__id__":27},"_srcBlendFactor":1,"_useOriginalSize":false,"_string":"正在更新资源","_N$string":"正在更新资源","_N$horizontalAlign":1,"_N$verticalAlign":1},{"__type__":"cc.Node","_name":"btn_doUpdate","_parent":{"__id__":20},"_children":[{"__id__":30}],"_level":4,"_components":[{"__type__":"cc.Sprite","node":{"__id__":29},"_spriteFrame":{"__uuid__":"f0BIwQ8D5Ml7nTNQbh1YlS"},"_type":1,"_sizeMode":0},{"__type__":"cc.Button","node":{"__id__":29},"transition":2,"pressedColor":{"__type__":"cc.Color","r":255,"g":255,"b":255},"clickEvents":[{"__type__":"cc.ClickEvent","target":{"__id__":19},"component":"CheckHotUpdate","handler":"doUpdate"}],"_N$normalColor":{"__type__":"cc.Color","r":255,"g":255,"b":255},"_N$disabledColor":{"__type__":"cc.Color","r":255,"g":255,"b":255},"_N$normalSprite":{"__uuid__":"f0BIwQ8D5Ml7nTNQbh1YlS"},"_N$pressedSprite":{"__uuid__":"e97GVMl6JHh5Ml5qEDdSGa"},"pressedSprite":{"__uuid__":"e97GVMl6JHh5Ml5qEDdSGa"},"_N$hoverSprite":{"__uuid__":"f0BIwQ8D5Ml7nTNQbh1YlS"},"hoverSprite":{"__uuid__":"f0BIwQ8D5Ml7nTNQbh1YlS"},"_N$disabledSprite":{"__uuid__":"29FYIk+N1GYaeWH/q1NxQO"},"_N$target":{"__id__":29}}],"_prefab":{"__type__":"cc.PrefabInfo","root":{"__id__":19},"asset":{"__uuid__":"f3CRobdfdMWJaQSZCXHVXo"},"fileId":"cdHQ/D5DdGyqxigz0JlLTH"},"_contentSize":{"__type__":"cc.Size","width":100,"height":40},"_position":{"__type__":"cc.Vec3","x":-13,"y":-39},"_scale":{"__type__":"cc.Vec3","x":1,"y":1,"z":1}},{"__type__":"cc.Node","_name":"Label","_parent":{"__id__":29},"_components":[{"__type__":"cc.Label","node":{"__id__":30},"_srcBlendFactor":1,"_useOriginalSize":false,"_string":"立即更新","_N$string":"立即更新","_fontSize":20,"_enableWrapText":false,"_N$horizontalAlign":1,"_N$verticalAlign":1,"_N$overflow":1}],"_prefab":{"__type__":"cc.PrefabInfo","root":{"__id__":19},"asset":{"__uuid__":"f3CRobdfdMWJaQSZCXHVXo"},"fileId":"88+OdjMRVDDbeFHbfl0XNZ"},"_color":{"__type__":"cc.Color"},"_contentSize":{"__type__":"cc.Size","width":100,"height":40},"_scale":{"__type__":"cc.Vec3","x":1,"y":1,"z":1}}],{"__type__":"cc.SpriteFrame","content":{"name":"default_btn_pressed","texture":"b4P/PCArtIdIH38t6mlw8Y","rect":[0,0,40,40],"offset":[0,0],"originalSize":[40,40],"capInsets":[12,12,12,12]}},{"__type__":"cc.SpriteFrame","content":{"name":"default_btn_normal","texture":"e8Ueib+qJEhL6mXAHdnwbi","rect":[0,0,40,40],"offset":[0,0],"originalSize":[40,40],"capInsets":[12,12,12,12]}},{"__type__":"cc.SpriteFrame","content":{"name":"biaotidi","texture":"baejpY5m1J4LAQVOz83yz4","rect":[0,0,456,76],"offset":[0,0],"originalSize":[456,76],"capInsets":[0,0,0,0]}}]