{"__type__":"dragonBones.DragonBonesAsset","_name":"xymjdh_gang_ske","_dragonBonesJson":"{\"frameRate\":60,\"isGlobal\":0,\"armature\":[{\"bone\":[{\"name\":\"root\",\"transform\":{}},{\"inheritScale\":false,\"transform\":{},\"name\":\"gang\",\"parent\":\"root\"},{\"inheritScale\":false,\"transform\":{\"y\":-20,\"x\":10},\"name\":\"ju\",\"parent\":\"root\"},{\"inheritScale\":false,\"transform\":{},\"name\":\"Layer6\",\"parent\":\"root\"},{\"inheritScale\":false,\"transform\":{},\"name\":\"gang_Copy9\",\"parent\":\"root\"},{\"inheritScale\":false,\"transform\":{\"y\":-7.6733,\"x\":1.5},\"name\":\"huang\",\"parent\":\"root\"}],\"type\":\"Armature\",\"ik\":[],\"animation\":[{\"ik\":[],\"bone\":[{\"rotateFrame\":[{\"tweenEasing\":0,\"duration\":16},{\"tweenEasing\":0,\"duration\":4},{\"tweenEasing\":0,\"duration\":4},{\"tweenEasing\":0,\"duration\":9},{\"tweenEasing\":0,\"duration\":28},{\"duration\":2}],\"scaleFrame\":[{\"tweenEasing\":0,\"duration\":16},{\"tweenEasing\":0,\"duration\":4},{\"y\":1.2,\"tweenEasing\":0,\"duration\":4,\"x\":1.2},{\"y\":1.8,\"tweenEasing\":0,\"duration\":9,\"x\":1.8},{\"y\":3.5,\"tweenEasing\":0,\"duration\":28,\"x\":3.5},{\"y\":3.5,\"duration\":2,\"x\":3.5}],\"name\":\"huang\",\"translateFrame\":[{\"tweenEasing\":0,\"duration\":16},{\"tweenEasing\":0,\"duration\":4},{\"tweenEasing\":0,\"duration\":4},{\"tweenEasing\":0,\"duration\":9},{\"tweenEasing\":0,\"duration\":28},{\"duration\":2}]},{\"rotateFrame\":[{\"tweenEasing\":0,\"duration\":26},{\"tweenEasing\":0,\"duration\":9},{\"tweenEasing\":0,\"duration\":28},{\"duration\":0}],\"scaleFrame\":[{\"tweenEasing\":0,\"duration\":26},{\"y\":1.6,\"tweenEasing\":0,\"duration\":9,\"x\":1.6},{\"y\":3.5,\"tweenEasing\":0,\"duration\":28,\"x\":3.5},{\"y\":3.5,\"duration\":0,\"x\":3.5}],\"name\":\"gang_Copy9\",\"translateFrame\":[{\"tweenEasing\":0,\"duration\":26},{\"tweenEasing\":0,\"duration\":9},{\"tweenEasing\":0,\"duration\":28},{\"duration\":0}]},{\"rotateFrame\":[{\"tweenEasing\":0,\"duration\":2},{\"tweenEasing\":0,\"duration\":4},{\"tweenEasing\":0,\"duration\":4},{\"tweenEasing\":0,\"duration\":4},{\"tweenEasing\":0,\"duration\":4},{\"tweenEasing\":0,\"duration\":4},{\"tweenEasing\":0,\"duration\":9},{\"tweenEasing\":0,\"duration\":4},{\"tweenEasing\":0,\"duration\":19},{\"tweenEasing\":0,\"duration\":4},{\"duration\":5}],\"scaleFrame\":[{\"y\":1.8,\"tweenEasing\":0,\"duration\":2,\"x\":1.8},{\"y\":1.8,\"tweenEasing\":0,\"duration\":4,\"x\":1.8},{\"y\":1.8,\"tweenEasing\":0,\"duration\":4,\"x\":1.8},{\"y\":1.7,\"tweenEasing\":0,\"duration\":4,\"x\":1.7},{\"y\":0.6,\"tweenEasing\":0,\"duration\":4,\"x\":0.6},{\"y\":1.2,\"tweenEasing\":0,\"duration\":4,\"x\":1.2},{\"y\":1.2,\"tweenEasing\":0,\"duration\":9,\"x\":1.2},{\"y\":0.8,\"tweenEasing\":0,\"duration\":4,\"x\":0.8},{\"y\":0.8,\"tweenEasing\":0,\"duration\":19,\"x\":0.8},{\"y\":0.8,\"tweenEasing\":0,\"duration\":4,\"x\":0.8},{\"y\":0.8,\"duration\":5,\"x\":0.8}],\"name\":\"gang\",\"translateFrame\":[{\"tweenEasing\":0,\"duration\":2},{\"tweenEasing\":0,\"duration\":4},{\"tweenEasing\":0,\"duration\":4},{\"tweenEasing\":0,\"duration\":4},{\"tweenEasing\":0,\"duration\":4},{\"tweenEasing\":0,\"duration\":4},{\"tweenEasing\":0,\"duration\":9},{\"tweenEasing\":0,\"duration\":4},{\"tweenEasing\":0,\"duration\":19},{\"tweenEasing\":0,\"duration\":4},{\"duration\":5}]},{\"rotateFrame\":[{\"tweenEasing\":0,\"duration\":2},{\"tweenEasing\":0,\"duration\":4},{\"tweenEasing\":0,\"duration\":4},{\"tweenEasing\":0,\"duration\":52},{\"duration\":1}],\"scaleFrame\":[{\"y\":1.2,\"tweenEasing\":0,\"duration\":2,\"x\":1.2},{\"y\":1.2,\"tweenEasing\":0,\"duration\":4,\"x\":1.2},{\"tweenEasing\":0,\"duration\":4},{\"tweenEasing\":0,\"duration\":52},{\"duration\":1}],\"name\":\"ju\",\"translateFrame\":[{\"tweenEasing\":0,\"duration\":2},{\"tweenEasing\":0,\"duration\":4},{\"tweenEasing\":0,\"duration\":4},{\"tweenEasing\":0,\"duration\":52},{\"duration\":1}]},{\"rotateFrame\":[{\"tweenEasing\":0,\"duration\":2},{\"tweenEasing\":0,\"duration\":38},{\"tweenEasing\":0,\"duration\":4},{\"tweenEasing\":0,\"duration\":4},{\"tweenEasing\":0,\"duration\":4},{\"tweenEasing\":0,\"duration\":9},{\"duration\":2}],\"scaleFrame\":[{\"tweenEasing\":0,\"duration\":2},{\"tweenEasing\":0,\"duration\":38},{\"tweenEasing\":0,\"duration\":4},{\"tweenEasing\":0,\"duration\":4},{\"tweenEasing\":0,\"duration\":4},{\"tweenEasing\":0,\"duration\":9},{\"duration\":2}],\"name\":\"Layer6\",\"translateFrame\":[{\"tweenEasing\":0,\"duration\":2},{\"tweenEasing\":0,\"duration\":38},{\"tweenEasing\":0,\"duration\":4},{\"tweenEasing\":0,\"duration\":4},{\"tweenEasing\":0,\"duration\":4},{\"tweenEasing\":0,\"duration\":9},{\"duration\":2}]},{\"rotateFrame\":[],\"scaleFrame\":[],\"name\":\"root\",\"translateFrame\":[]}],\"slot\":[{\"colorFrame\":[{\"tweenEasing\":0,\"duration\":16},{\"tweenEasing\":0,\"duration\":4},{\"tweenEasing\":0,\"duration\":4},{\"tweenEasing\":0,\"duration\":9},{\"tweenEasing\":0,\"color\":{\"aM\":0},\"duration\":28},{\"color\":{\"aM\":0},\"duration\":2}],\"displayFrame\":[{\"value\":-1,\"duration\":16},{\"duration\":4},{\"duration\":4},{\"duration\":9},{\"duration\":28},{\"duration\":2}],\"name\":\"huang\"},{\"colorFrame\":[{\"tweenEasing\":0,\"duration\":26},{\"tweenEasing\":0,\"color\":{\"aM\":78},\"duration\":9},{\"tweenEasing\":0,\"color\":{\"aM\":0},\"duration\":28},{\"color\":{\"aM\":0},\"duration\":0}],\"displayFrame\":[{\"value\":-1,\"duration\":26},{\"duration\":9},{\"duration\":28},{\"duration\":0}],\"name\":\"gang_Copy9\"},{\"colorFrame\":[{\"tweenEasing\":0,\"duration\":2},{\"tweenEasing\":0,\"duration\":4},{\"tweenEasing\":0,\"duration\":4},{\"tweenEasing\":0,\"duration\":4},{\"tweenEasing\":0,\"duration\":4},{\"tweenEasing\":0,\"duration\":4},{\"tweenEasing\":0,\"duration\":9},{\"tweenEasing\":0,\"duration\":4},{\"tweenEasing\":0,\"duration\":19},{\"tweenEasing\":0,\"duration\":4},{\"color\":{\"aM\":0},\"duration\":5}],\"displayFrame\":[{\"value\":-1,\"duration\":2},{\"duration\":4},{\"duration\":4},{\"duration\":4},{\"duration\":4},{\"duration\":4},{\"duration\":9},{\"duration\":4},{\"duration\":19},{\"duration\":4},{\"duration\":5}],\"name\":\"gang\"},{\"colorFrame\":[{\"tweenEasing\":0,\"duration\":2},{\"tweenEasing\":0,\"duration\":4},{\"tweenEasing\":0,\"duration\":4},{\"tweenEasing\":0,\"color\":{\"aM\":0},\"duration\":52},{\"color\":{\"aM\":0},\"duration\":1}],\"displayFrame\":[{\"value\":-1,\"duration\":2},{\"duration\":4},{\"duration\":4},{\"duration\":52},{\"duration\":1}],\"name\":\"ju\"},{\"colorFrame\":[{\"tweenEasing\":0,\"duration\":2},{\"tweenEasing\":0,\"duration\":38},{\"tweenEasing\":0,\"duration\":4},{\"tweenEasing\":0,\"duration\":4},{\"tweenEasing\":0,\"duration\":4},{\"tweenEasing\":0,\"color\":{\"aM\":0},\"duration\":9},{\"color\":{\"aM\":0},\"duration\":2}],\"displayFrame\":[{\"value\":-1,\"duration\":2},{\"value\":2,\"duration\":38},{\"duration\":4},{\"value\":1,\"duration\":4},{\"value\":2,\"duration\":4},{\"value\":2,\"duration\":9},{\"value\":2,\"duration\":2}],\"name\":\"Layer6\"}],\"ffd\":[],\"frame\":[],\"name\":\"play\",\"duration\":63}],\"skin\":[{\"slot\":[{\"display\":[{\"path\":\"gang_gz\",\"type\":\"image\",\"name\":\"gang_gz\",\"transform\":{}}],\"name\":\"gang\"},{\"display\":[{\"path\":\"gang_jug\",\"type\":\"image\",\"name\":\"gang_jug\",\"transform\":{}}],\"name\":\"ju\"},{\"display\":[{\"path\":\"peng_m1\",\"type\":\"image\",\"name\":\"peng_m1\",\"transform\":{}},{\"path\":\"peng_m2\",\"type\":\"image\",\"name\":\"peng_m2\",\"transform\":{}},{\"path\":\"peng_m3\",\"type\":\"image\",\"name\":\"peng_m3\",\"transform\":{}}],\"name\":\"Layer6\"},{\"display\":[{\"path\":\"gang_huangg\",\"type\":\"image\",\"name\":\"gang_huangg\",\"transform\":{}}],\"name\":\"huang\"},{\"display\":[{\"path\":\"gang_gz\",\"type\":\"image\",\"name\":\"gang_gz\",\"transform\":{}}],\"name\":\"gang_Copy9\"}],\"name\":\"\"}],\"defaultActions\":[{\"gotoAndPlay\":\"play\"}],\"aabb\":{\"width\":370,\"y\":-185,\"height\":330,\"x\":-175},\"slot\":[{\"name\":\"Layer6\",\"parent\":\"Layer6\",\"color\":{}},{\"z\":1,\"name\":\"ju\",\"parent\":\"ju\",\"color\":{}},{\"z\":2,\"name\":\"gang\",\"parent\":\"gang\",\"color\":{}},{\"z\":3,\"name\":\"gang_Copy9\",\"parent\":\"gang_Copy9\",\"color\":{}},{\"z\":4,\"name\":\"huang\",\"parent\":\"huang\",\"color\":{}}],\"name\":\"armatureName\",\"frameRate\":60}],\"name\":\"xymjdh_gang\",\"version\":\"5.5\"}"}