[{"__type__":"cc.SpriteFrame","content":{"name":"MyUpHold","texture":"9dMyQrkMJDz79gSRWDq7Y9","rect":[0,480,31,46],"offset":[0,0],"originalSize":[31,46],"capInsets":[0,0,0,0]}},[{"__type__":"cc.Prefab","_name":"singleCard","data":{"__id__":1}},{"__type__":"cc.Node","_name":"singleCard","_level":1,"_components":[{"__id__":2},{"__type__":"5bedcCHx2tE14+zD8+6LbqL","node":{"__id__":1},"vCard":[{"__id__":2}]}],"_prefab":{"__type__":"cc.PrefabInfo","root":{"__id__":1},"asset":{"__id__":0},"fileId":"1dxlhF+vRME5YvlIiOatnP"},"_contentSize":{"__type__":"cc.Size","width":31,"height":46},"_position":{"__type__":"cc.Vec3","x":530,"y":453},"_scale":{"__type__":"cc.Vec3","x":1,"y":1,"z":1}},{"__type__":"cc.Sprite","node":{"__id__":1},"_spriteFrame":{"__uuid__":"86upG0capDTr0+hqvnE5gN"},"_sizeMode":2}]]