[{"__type__":"cc.SpriteFrame","content":{"name":"yinpin0005","texture":"518n5qcBdCmpNp7Vi1Finb","rect":[750,0,148,119],"offset":[0,0],"originalSize":[148,119],"capInsets":[0,0,0,0]}},{"__type__":"cc.SpriteFrame","content":{"name":"yinpin0009","texture":"518n5qcBdCmpNp7Vi1Finb","rect":[150,0,148,119],"offset":[0,0],"originalSize":[148,119],"capInsets":[0,0,0,0]}},{"__type__":"cc.SpriteFrame","content":{"name":"yinpin0008","texture":"518n5qcBdCmpNp7Vi1Finb","rect":[300,0,148,119],"offset":[0,0],"originalSize":[148,119],"capInsets":[0,0,0,0]}},{"__type__":"cc.SpriteFrame","content":{"name":"yinpin0007","texture":"518n5qcBdCmpNp7Vi1Finb","rect":[450,0,148,119],"offset":[0,0],"originalSize":[148,119],"capInsets":[0,0,0,0]}},{"__type__":"cc.AnimationClip","_name":"playerSpeaking","_duration":0.23333333333333334,"speed":0.7,"wrapMode":"22","curveData":{"comps":{"cc.Sprite":{"spriteFrame":[{"frame":0.016666666666666666,"value":{"__uuid__":"748I8GkRNJVaveUOrONvqS"}},{"frame":0.03333333333333333,"value":{"__uuid__":"d97GPbvaBC+5xhxZit2o5e"}},{"frame":0.05,"value":{"__uuid__":"34zMmU4kFOPqRvBhoqCaKj"}},{"frame":0.06666666666666667,"value":{"__uuid__":"40QOQ5lEdMY7QrbluMURkZ"}},{"frame":0.08333333333333333,"value":{"__uuid__":"4aHvOC6JdHnbSmKfprB0CH"}},{"frame":0.1,"value":{"__uuid__":"14V4AyER5Pr4aZiSId4+sq"}},{"frame":0.11666666666666667,"value":{"__uuid__":"d7TYAAwYpHiqOVLgRfY2DT"}},{"frame":0.13333333333333333,"value":{"__uuid__":"312fGHraBMDrd4J0e3jgeS"}},{"frame":0.15,"value":{"__uuid__":"21o5RHQglG960DC5ecxd0L"}},{"frame":0.16666666666666666,"value":{"__uuid__":"18LOQJc/5L3pAY7zehh83l"}},{"frame":0.18333333333333332,"value":{"__uuid__":"388owkrkRFjJ+6JQjVCjiZ"}}]}},"paths":{"yinpin0002":{"comps":{"cc.Sprite":{"spriteFrame":[{"frame":0.05,"value":{"__uuid__":"748I8GkRNJVaveUOrONvqS"}},{"frame":0.06666666666666667,"value":{"__uuid__":"d97GPbvaBC+5xhxZit2o5e"}},{"frame":0.08333333333333333,"value":{"__uuid__":"34zMmU4kFOPqRvBhoqCaKj"}},{"frame":0.1,"value":{"__uuid__":"40QOQ5lEdMY7QrbluMURkZ"}},{"frame":0.11666666666666667,"value":{"__uuid__":"4aHvOC6JdHnbSmKfprB0CH"}},{"frame":0.13333333333333333,"value":{"__uuid__":"14V4AyER5Pr4aZiSId4+sq"}},{"frame":0.15,"value":{"__uuid__":"d7TYAAwYpHiqOVLgRfY2DT"}},{"frame":0.16666666666666666,"value":{"__uuid__":"312fGHraBMDrd4J0e3jgeS"}},{"frame":0.18333333333333332,"value":{"__uuid__":"21o5RHQglG960DC5ecxd0L"}},{"frame":0.2,"value":{"__uuid__":"18LOQJc/5L3pAY7zehh83l"}},{"frame":0.21666666666666667,"value":{"__uuid__":"388owkrkRFjJ+6JQjVCjiZ"}}]}}}}}},{"__type__":"cc.SpriteFrame","content":{"name":"yinpin0002","texture":"518n5qcBdCmpNp7Vi1Finb","rect":[1200,0,148,119],"offset":[0,0],"originalSize":[148,119],"capInsets":[0,0,0,0]}},{"__type__":"cc.SpriteFrame","content":{"name":"yinpin0010","texture":"518n5qcBdCmpNp7Vi1Finb","rect":[0,0,148,119],"offset":[0,0],"originalSize":[148,119],"capInsets":[0,0,0,0]}},{"__type__":"cc.SpriteFrame","content":{"name":"yinpin0003","texture":"518n5qcBdCmpNp7Vi1Finb","rect":[1050,0,148,119],"offset":[0,0],"originalSize":[148,119],"capInsets":[0,0,0,0]}},{"__type__":"cc.SpriteFrame","content":{"name":"yinpin0004","texture":"518n5qcBdCmpNp7Vi1Finb","rect":[900,0,148,119],"offset":[0,0],"originalSize":[148,119],"capInsets":[0,0,0,0]}},{"__type__":"cc.SpriteFrame","content":{"name":"yinpin0000","texture":"518n5qcBdCmpNp7Vi1Finb","rect":[1500,0,148,119],"offset":[0,0],"originalSize":[148,119],"capInsets":[0,0,0,0]}},{"__type__":"cc.SpriteFrame","content":{"name":"yinpin0006","texture":"518n5qcBdCmpNp7Vi1Finb","rect":[600,0,148,119],"offset":[0,0],"originalSize":[148,119],"capInsets":[0,0,0,0]}},{"__type__":"cc.SpriteFrame","content":{"name":"yinpin0001","texture":"518n5qcBdCmpNp7Vi1Finb","rect":[1350,0,148,119],"offset":[0,0],"originalSize":[148,119],"capInsets":[0,0,0,0]}}]