[{"__type__":"cc.SpriteFrame","content":{"name":"sjjian","texture":"7cQ6Ed4QxHPqVrXBUbYJXI","rect":[0,0,70,70],"offset":[0,0],"originalSize":[70,70],"capInsets":[0,0,0,0]}},{"__type__":"cc.SpriteFrame","content":{"name":"anniushenqingjiesan","texture":"d7T+OMncFHOIDRZQeJAfPu","rect":[0,0,281,92],"offset":[0,0],"originalSize":[281,92],"capInsets":[0,0,0,0]}},{"__type__":"cc.SpriteFrame","content":{"name":"default_btn_disabled","texture":"71VhFCTINJM6/Ky3oX9nBT","rect":[0,0,40,40],"offset":[0,0],"originalSize":[40,40],"capInsets":[12,12,12,12]}},{"__type__":"cc.SpriteFrame","content":{"name":"szjindidi","texture":"f0jHTlSxVC6o/+5pdwbNQI","rect":[0,2,434,35],"offset":[-0.5,0],"originalSize":[435,39],"capInsets":[0,0,0,0]}},{"__type__":"cc.SpriteFrame","content":{"name":"szjindutiao","texture":"87QbAFBghNhIRCSDjszBlA","rect":[2,4,430,31],"offset":[-0.5,0],"originalSize":[435,39],"capInsets":[0,0,0,0]}},{"__type__":"cc.SpriteFrame","content":{"name":"huang","texture":"39ZCG2fSNMR4+SwhHCoDCt","rect":[0,0,31,46],"offset":[0,0],"originalSize":[31,46],"capInsets":[0,0,0,0]}},{"__type__":"cc.SpriteFrame","content":{"name":"lv","texture":"e6vE6bKAFJyqBua3R53MRC","rect":[0,0,31,46],"offset":[0,0],"originalSize":[31,46],"capInsets":[0,0,0,0]}},{"__type__":"cc.SpriteFrame","content":{"name":"shengyin","texture":"5cCpQcq6ZGFao5IMbXHNgh","rect":[0,0,36,29],"offset":[0,0],"originalSize":[36,29],"capInsets":[0,0,0,0]}},{"__type__":"cc.SpriteFrame","content":{"name":"guanbi","texture":"0dOUSsrbdB9LWB/n/ciaXE","rect":[0,0,79,83],"offset":[0,0],"originalSize":[79,83],"capInsets":[0,0,0,0]}},{"__type__":"cc.SpriteFrame","content":{"name":"kuangdi","texture":"03MjzONrBLYbTaCQ1bY3sl","rect":[0,0,333,316],"offset":[0,0],"originalSize":[333,316],"capInsets":[102,116,107,96]}},{"__type__":"cc.SpriteFrame","content":{"name":"lan","texture":"41K9nR/ApJBL7QdVK7M9ZZ","rect":[0,0,31,46],"offset":[0,0],"originalSize":[31,46],"capInsets":[0,0,0,0]}},{"__type__":"cc.SpriteFrame","content":{"name":"huadong","texture":"50J7F8ryJJdZFacnOnuoe6","rect":[0,0,92,62],"offset":[0,0],"originalSize":[92,62],"capInsets":[0,0,0,0]}},{"__type__":"cc.SpriteFrame","content":{"name":"default_panel","texture":"d8HsitJHxOYqo801xBk8ev","rect":[0,0,20,20],"offset":[0,0],"originalSize":[20,20],"capInsets":[6,6,6,6]}},{"__type__":"cc.SpriteFrame","content":{"name":"yinyue","texture":"32MMPBOwFDYbiA2xhjhyEs","rect":[0,0,31,31],"offset":[0,0],"originalSize":[31,31],"capInsets":[0,0,0,0]}},{"__type__":"cc.SpriteFrame","content":{"name":"shezhibioati","texture":"00ISyJCjRP25IOIB2zmalq","rect":[0,2,86,44],"offset":[-0.5,-0.5],"originalSize":[87,47],"capInsets":[0,0,0,0]}},{"__type__":"cc.SpriteFrame","content":{"name":"changguiweixuan","texture":"9a2wzo9vtAbZer3ohGAUnQ","rect":[2,2,51,51],"offset":[0,0],"originalSize":[55,55],"capInsets":[0,0,0,0]}},{"__type__":"cc.SpriteFrame","content":{"name":"anniutuichudenglu","texture":"521gIMBlJHXLGuirDqpzfN","rect":[0,0,249,92],"offset":[0,0],"originalSize":[249,92],"capInsets":[0,0,0,0]}},[{"__type__":"cc.Prefab","_name":"dlgSetting","data":{"__id__":1}},{"__type__":"cc.Node","_name":"dlgSetting","_children":[{"__id__":2},{"__id__":3}],"_level":2,"_components":[{"__type__":"7aa4dr8HZxI7ZvZGWNrHJfe","node":{"__id__":1},"pRootNode":{"__id__":1},"pBgImgArea":{"__id__":3},"isPopout":true,"isInMainScene":true,"pBtnLogout":{"__id__":102},"pBtnApplyDismiss":{"__id__":101},"pLabelVersion":{"__id__":100},"pEffectVoluem":{"__id__":88},"pMusicVolume":{"__id__":98},"vMusicType":[{"__id__":22},{"__id__":28},{"__id__":34}],"vDeskBg":[{"__id__":41},{"__id__":47},{"__id__":53},{"__id__":59}],"vMJBg":[{"__id__":66},{"__id__":72},{"__id__":78}]}],"_prefab":{"__type__":"cc.PrefabInfo","root":{"__id__":1},"asset":{"__id__":0},"fileId":"e9mZPYfgZG7a3Qp1WQPjK9"},"_scale":{"__type__":"cc.Vec3","x":1,"y":1,"z":1}},{"__type__":"cc.Node","_name":"blackMask","_parent":{"__id__":1},"_level":2,"_components":[{"__type__":"cc.Sprite","node":{"__id__":2},"_spriteFrame":{"__uuid__":"9bvaMerUlDyary99mJa6xp"},"_type":1,"_sizeMode":0}],"_prefab":{"__type__":"cc.PrefabInfo","root":{"__id__":1},"asset":{"__id__":0},"fileId":"241ukT7xFHfL5wMjeX+6ED"},"_opacity":113,"_color":{"__type__":"cc.Color"},"_contentSize":{"__type__":"cc.Size","width":2000,"height":1300},"_scale":{"__type__":"cc.Vec3","x":1,"y":1,"z":1}},{"__type__":"cc.Node","_name":"dlg_bg","_parent":{"__id__":1},"_children":[{"__id__":4},{"__id__":5},{"__id__":7},{"__id__":16},{"__id__":35},{"__id__":60},{"__id__":79},{"__id__":89},{"__id__":99},{"__id__":101},{"__id__":102}],"_level":2,"_components":[{"__type__":"cc.Sprite","node":{"__id__":3},"_spriteFrame":{"__uuid__":"6d8m1qIgpEq7B3Zr0ePa2Y"},"_type":1,"_sizeMode":0}],"_prefab":{"__type__":"cc.PrefabInfo","root":{"__id__":1},"asset":{"__id__":0},"fileId":"8eRQVw3m1B451fXVVSmHGJ"},"_contentSize":{"__type__":"cc.Size","width":1014,"height":634.6},"_position":{"__type__":"cc.Vec3","x":4,"y":-12.7},"_scale":{"__type__":"cc.Vec3","x":1,"y":1,"z":1}},{"__type__":"cc.Node","_name":"btnClose","_parent":{"__id__":3},"_level":3,"_components":[{"__type__":"cc.Sprite","node":{"__id__":4},"_spriteFrame":{"__uuid__":"6bYlAeof5A3KFnRLBAbNB+"},"_sizeMode":2},{"__type__":"cc.Button","node":{"__id__":4},"transition":3,"pressedColor":{"__type__":"cc.Color","r":255,"g":255,"b":255},"zoomScale":1.1,"clickEvents":[{"__type__":"cc.ClickEvent","target":{"__id__":1},"component":"dlgSetting","handler":"closeDlg"}],"_N$normalColor":{"__type__":"cc.Color","r":255,"g":255,"b":255},"_N$disabledColor":{"__type__":"cc.Color","r":255,"g":255,"b":255},"_N$normalSprite":{"__uuid__":"6bYlAeof5A3KFnRLBAbNB+"},"_N$pressedSprite":{"__uuid__":"e97GVMl6JHh5Ml5qEDdSGa"},"pressedSprite":{"__uuid__":"e97GVMl6JHh5Ml5qEDdSGa"},"_N$hoverSprite":{"__uuid__":"f0BIwQ8D5Ml7nTNQbh1YlS"},"hoverSprite":{"__uuid__":"f0BIwQ8D5Ml7nTNQbh1YlS"},"_N$disabledSprite":{"__uuid__":"29FYIk+N1GYaeWH/q1NxQO"},"_N$target":{"__id__":4}}],"_prefab":{"__type__":"cc.PrefabInfo","root":{"__id__":1},"asset":{"__id__":0},"fileId":"5fO9qhC4RJ3YHdS42jYNVS"},"_contentSize":{"__type__":"cc.Size","width":79,"height":83},"_position":{"__type__":"cc.Vec3","x":473,"y":290.7},"_scale":{"__type__":"cc.Vec3","x":1,"y":1,"z":1}},{"__type__":"cc.Node","_name":"biaotidi","_parent":{"__id__":3},"_children":[{"__id__":6}],"_level":3,"_components":[{"__type__":"cc.Sprite","node":{"__id__":5},"_spriteFrame":{"__uuid__":"f2yYfkBk5Mfb3eEcEMVWb7"}}],"_prefab":{"__type__":"cc.PrefabInfo","root":{"__id__":1},"asset":{"__id__":0},"fileId":"a9DGfQDaRC0LBj6oB+vlrF"},"_contentSize":{"__type__":"cc.Size","width":456,"height":76},"_position":{"__type__":"cc.Vec3","y":274.9},"_scale":{"__type__":"cc.Vec3","x":1,"y":1,"z":1}},{"__type__":"cc.Node","_name":"shezhibioati","_parent":{"__id__":5},"_level":4,"_components":[{"__type__":"cc.Sprite","node":{"__id__":6},"_spriteFrame":{"__uuid__":"b02LY7eRtFPJYWLI27CHhX"}}],"_prefab":{"__type__":"cc.PrefabInfo","root":{"__id__":1},"asset":{"__id__":0},"fileId":"3epINikLxNW6ldAPvIMUrr"},"_contentSize":{"__type__":"cc.Size","width":86,"height":44},"_scale":{"__type__":"cc.Vec3","x":1,"y":1,"z":1}},{"__type__":"cc.Node","_name":"titleLabel","_parent":{"__id__":3},"_children":[{"__id__":8},{"__id__":9},{"__id__":10},{"__id__":11},{"__id__":12},{"__id__":13},{"__id__":14},{"__id__":15}],"_level":3,"_prefab":{"__type__":"cc.PrefabInfo","root":{"__id__":1},"asset":{"__id__":0},"fileId":"9c2m3sE+dJsID5ivflm28w"},"_scale":{"__type__":"cc.Vec3","x":1,"y":1,"z":1}},{"__type__":"cc.Node","_name":"label","_parent":{"__id__":7},"_level":4,"_components":[{"__type__":"cc.Label","node":{"__id__":8},"_srcBlendFactor":1,"_useOriginalSize":false,"_string":"音效开关:","_N$string":"音效开关:","_fontSize":30,"_lineHeight":30,"_N$horizontalAlign":1,"_N$verticalAlign":1}],"_prefab":{"__type__":"cc.PrefabInfo","root":{"__id__":1},"asset":{"__id__":0},"fileId":"57NHYRtN9Oc4NUr/5E5oeb"},"_color":{"__type__":"cc.Color","r":131,"g":91,"b":53},"_contentSize":{"__type__":"cc.Size","width":128.33,"height":30},"_position":{"__type__":"cc.Vec3","x":-325.7,"y":159.3},"_scale":{"__type__":"cc.Vec3","x":1,"y":1,"z":1}},{"__type__":"cc.Node","_name":"label","_parent":{"__id__":7},"_level":4,"_components":[{"__type__":"cc.Label","node":{"__id__":9},"_srcBlendFactor":1,"_useOriginalSize":false,"_string":"背景音乐:","_N$string":"背景音乐:","_fontSize":30,"_lineHeight":30,"_N$horizontalAlign":1,"_N$verticalAlign":1}],"_prefab":{"__type__":"cc.PrefabInfo","root":{"__id__":1},"asset":{"__id__":0},"fileId":"ecQdo2GClF05w3yeGLKtVW"},"_color":{"__type__":"cc.Color","r":131,"g":91,"b":53},"_contentSize":{"__type__":"cc.Size","width":128.33,"height":30},"_position":{"__type__":"cc.Vec3","x":-324,"y":82},"_scale":{"__type__":"cc.Vec3","x":1,"y":1,"z":1}},{"__type__":"cc.Node","_name":"label","_parent":{"__id__":7},"_level":4,"_components":[{"__type__":"cc.Label","node":{"__id__":10},"_srcBlendFactor":1,"_useOriginalSize":false,"_string":"音乐类型:","_N$string":"音乐类型:","_fontSize":30,"_lineHeight":30,"_N$horizontalAlign":1,"_N$verticalAlign":1}],"_prefab":{"__type__":"cc.PrefabInfo","root":{"__id__":1},"asset":{"__id__":0},"fileId":"15yWYCcoFKErwGn64hFlki"},"_color":{"__type__":"cc.Color","r":131,"g":91,"b":53},"_contentSize":{"__type__":"cc.Size","width":128.33,"height":30},"_position":{"__type__":"cc.Vec3","x":-324,"y":-3},"_scale":{"__type__":"cc.Vec3","x":1,"y":1,"z":1}},{"__type__":"cc.Node","_name":"label","_parent":{"__id__":7},"_level":4,"_components":[{"__type__":"cc.Label","node":{"__id__":11},"_srcBlendFactor":1,"_useOriginalSize":false,"_string":"背景选择:","_N$string":"背景选择:","_fontSize":30,"_lineHeight":30,"_N$horizontalAlign":1,"_N$verticalAlign":1}],"_prefab":{"__type__":"cc.PrefabInfo","root":{"__id__":1},"asset":{"__id__":0},"fileId":"17P3O1ogpJR7W2hN+tBcAr"},"_color":{"__type__":"cc.Color","r":131,"g":91,"b":53},"_contentSize":{"__type__":"cc.Size","width":128.33,"height":30},"_position":{"__type__":"cc.Vec3","x":-324,"y":-70},"_scale":{"__type__":"cc.Vec3","x":1,"y":1,"z":1}},{"__type__":"cc.Node","_name":"label","_parent":{"__id__":7},"_level":4,"_components":[{"__type__":"cc.Label","node":{"__id__":12},"_srcBlendFactor":1,"_useOriginalSize":false,"_string":"麻将选择:","_N$string":"麻将选择:","_fontSize":30,"_lineHeight":30,"_N$horizontalAlign":1,"_N$verticalAlign":1}],"_prefab":{"__type__":"cc.PrefabInfo","root":{"__id__":1},"asset":{"__id__":0},"fileId":"c6ODTGkaJFLo4k9TcWDyrf"},"_color":{"__type__":"cc.Color","r":131,"g":91,"b":53},"_contentSize":{"__type__":"cc.Size","width":128.33,"height":30},"_position":{"__type__":"cc.Vec3","x":-324,"y":-134},"_scale":{"__type__":"cc.Vec3","x":1,"y":1,"z":1}},{"__type__":"cc.Node","_name":"label","_parent":{"__id__":7},"_level":4,"_components":[{"__type__":"cc.Label","node":{"__id__":13},"_srcBlendFactor":1,"_useOriginalSize":false,"_string":"当前版本:","_N$string":"当前版本:","_fontSize":30,"_lineHeight":30,"_N$horizontalAlign":1,"_N$verticalAlign":1}],"_prefab":{"__type__":"cc.PrefabInfo","root":{"__id__":1},"asset":{"__id__":0},"fileId":"dbRZpGPqtNXIgfnVOJrPwA"},"_color":{"__type__":"cc.Color","r":131,"g":91,"b":53},"_contentSize":{"__type__":"cc.Size","width":128.33,"height":30},"_position":{"__type__":"cc.Vec3","x":262,"y":-233},"_scale":{"__type__":"cc.Vec3","x":1,"y":1,"z":1}},{"__type__":"cc.Node","_name":"yinyue","_parent":{"__id__":7},"_level":4,"_components":[{"__type__":"cc.Sprite","node":{"__id__":14},"_spriteFrame":{"__uuid__":"9cM2cGJClETL274BegJA/n"}}],"_prefab":{"__type__":"cc.PrefabInfo","root":{"__id__":1},"asset":{"__id__":0},"fileId":"e972Ztpx9Cio+9R+/qcu6V"},"_contentSize":{"__type__":"cc.Size","width":31,"height":31},"_position":{"__type__":"cc.Vec3","x":306,"y":81},"_scale":{"__type__":"cc.Vec3","x":1,"y":1,"z":1}},{"__type__":"cc.Node","_name":"shengyin","_parent":{"__id__":7},"_level":4,"_components":[{"__type__":"cc.Sprite","node":{"__id__":15},"_spriteFrame":{"__uuid__":"62ZXQWBuJAlphZ8jA5HL/N"}}],"_prefab":{"__type__":"cc.PrefabInfo","root":{"__id__":1},"asset":{"__id__":0},"fileId":"9aybxQQG1A/oUYndwie3Nl"},"_contentSize":{"__type__":"cc.Size","width":36,"height":29},"_position":{"__type__":"cc.Vec3","x":310,"y":169},"_scale":{"__type__":"cc.Vec3","x":1,"y":1,"z":1}},{"__type__":"cc.Node","_name":"toggle_musicType","_parent":{"__id__":3},"_children":[{"__id__":17},{"__id__":23},{"__id__":29}],"_level":3,"_components":[{"__type__":"cc.ToggleContainer","node":{"__id__":16}}],"_prefab":{"__type__":"cc.PrefabInfo","root":{"__id__":1},"asset":{"__id__":0},"fileId":"3axsqpAlVFK6nVi5zclG/6"},"_contentSize":{"__type__":"cc.Size","width":221,"height":61},"_scale":{"__type__":"cc.Vec3","x":1,"y":1,"z":1}},{"__type__":"cc.Node","_name":"toggle_relax","_parent":{"__id__":16},"_children":[{"__id__":18},{"__id__":19},{"__id__":21}],"_components":[{"__id__":22}],"_prefab":{"__type__":"cc.PrefabInfo","root":{"__id__":1},"asset":{"__id__":0},"fileId":"f2E4MtmU9DfZ0K2v2aHpBz"},"_contentSize":{"__type__":"cc.Size","width":41,"height":28},"_position":{"__type__":"cc.Vec3","x":-202,"y":-0.9},"_scale":{"__type__":"cc.Vec3","x":1,"y":1,"z":1}},{"__type__":"cc.Node","_name":"Background","_parent":{"__id__":17},"_components":[{"__type__":"cc.Sprite","node":{"__id__":18},"_spriteFrame":{"__uuid__":"baoN4ZqIZHs6ATJHj9Z4/s"},"_sizeMode":2,"_isTrimmedMode":false}],"_prefab":{"__type__":"cc.PrefabInfo","root":{"__id__":1},"asset":{"__id__":0},"fileId":"2f56Lh0rVFLYUVLsm1QWRI"},"_contentSize":{"__type__":"cc.Size","width":55,"height":55},"_scale":{"__type__":"cc.Vec3","x":1,"y":1,"z":1}},{"__type__":"cc.Node","_name":"checkmark","_parent":{"__id__":17},"_components":[{"__id__":20}],"_prefab":{"__type__":"cc.PrefabInfo","root":{"__id__":1},"asset":{"__id__":0},"fileId":"13VskHOWpPS4CqQCIaESu9"},"_contentSize":{"__type__":"cc.Size","width":50,"height":51},"_scale":{"__type__":"cc.Vec3","x":1,"y":1,"z":1}},{"__type__":"cc.Sprite","node":{"__id__":19},"_spriteFrame":{"__uuid__":"e2YwpimFtHbqpj/z+vA1nj"},"_sizeMode":2,"_isTrimmedMode":false},{"__type__":"cc.Node","_name":"label","_parent":{"__id__":17},"_level":1,"_components":[{"__type__":"cc.Label","node":{"__id__":21},"_srcBlendFactor":1,"_useOriginalSize":false,"_string":"轻松","_N$string":"轻松","_fontSize":30,"_lineHeight":30,"_N$horizontalAlign":1,"_N$verticalAlign":1}],"_prefab":{"__type__":"cc.PrefabInfo","root":{"__id__":1},"asset":{"__id__":0},"fileId":"10pakDHj5B27XiDrDyl3U1"},"_color":{"__type__":"cc.Color","r":180,"g":131,"b":88},"_contentSize":{"__type__":"cc.Size","width":60,"height":30},"_position":{"__type__":"cc.Vec3","x":68,"y":-2},"_scale":{"__type__":"cc.Vec3","x":1,"y":1,"z":1}},{"__type__":"cc.Toggle","node":{"__id__":17},"transition":3,"zoomScale":1,"_N$target":{"__id__":17},"checkMark":{"__id__":20},"checkEvents":[{"__type__":"cc.ClickEvent","target":{"__id__":1},"component":"dlgSetting","handler":"onToggleMusicType","customEventData":"0"}]},{"__type__":"cc.Node","_name":"toggle_idle","_parent":{"__id__":16},"_children":[{"__id__":24},{"__id__":25},{"__id__":27}],"_level":4,"_components":[{"__id__":28}],"_prefab":{"__type__":"cc.PrefabInfo","root":{"__id__":1},"asset":{"__id__":0},"fileId":"b6EvHKdFFO9oNUvFQaU093"},"_contentSize":{"__type__":"cc.Size","width":41,"height":28},"_position":{"__type__":"cc.Vec3","x":-33,"y":-1},"_scale":{"__type__":"cc.Vec3","x":1,"y":1,"z":1}},{"__type__":"cc.Node","_name":"Background","_parent":{"__id__":23},"_components":[{"__type__":"cc.Sprite","node":{"__id__":24},"_spriteFrame":{"__uuid__":"baoN4ZqIZHs6ATJHj9Z4/s"},"_sizeMode":2,"_isTrimmedMode":false}],"_prefab":{"__type__":"cc.PrefabInfo","root":{"__id__":1},"asset":{"__id__":0},"fileId":"2fD8ZEs9pA+pHuMSaPsowY"},"_contentSize":{"__type__":"cc.Size","width":55,"height":55},"_scale":{"__type__":"cc.Vec3","x":1,"y":1,"z":1}},{"__type__":"cc.Node","_name":"checkmark","_parent":{"__id__":23},"_active":false,"_components":[{"__id__":26}],"_prefab":{"__type__":"cc.PrefabInfo","root":{"__id__":1},"asset":{"__id__":0},"fileId":"3b+Hj5xJZB3aVqot3g4upS"},"_contentSize":{"__type__":"cc.Size","width":50,"height":51},"_scale":{"__type__":"cc.Vec3","x":1,"y":1,"z":1}},{"__type__":"cc.Sprite","node":{"__id__":25},"_spriteFrame":{"__uuid__":"e2YwpimFtHbqpj/z+vA1nj"},"_sizeMode":2,"_isTrimmedMode":false},{"__type__":"cc.Node","_name":"label","_parent":{"__id__":23},"_level":1,"_components":[{"__type__":"cc.Label","node":{"__id__":27},"_srcBlendFactor":1,"_useOriginalSize":false,"_string":"悠闲","_N$string":"悠闲","_fontSize":30,"_lineHeight":30,"_N$horizontalAlign":1,"_N$verticalAlign":1}],"_prefab":{"__type__":"cc.PrefabInfo","root":{"__id__":1},"asset":{"__id__":0},"fileId":"45UbDRCI9OXZxo3aNJPZ8G"},"_color":{"__type__":"cc.Color","r":180,"g":131,"b":88},"_contentSize":{"__type__":"cc.Size","width":60,"height":30},"_position":{"__type__":"cc.Vec3","x":68,"y":-2},"_scale":{"__type__":"cc.Vec3","x":1,"y":1,"z":1}},{"__type__":"cc.Toggle","node":{"__id__":23},"transition":3,"zoomScale":1,"_N$target":{"__id__":23},"checkMark":{"__id__":26},"checkEvents":[{"__type__":"cc.ClickEvent","target":{"__id__":1},"component":"dlgSetting","handler":"onToggleMusicType","customEventData":"1"}],"_N$isChecked":false},{"__type__":"cc.Node","_name":"toggle_classic","_parent":{"__id__":16},"_children":[{"__id__":30},{"__id__":31},{"__id__":33}],"_level":4,"_components":[{"__id__":34}],"_prefab":{"__type__":"cc.PrefabInfo","root":{"__id__":1},"asset":{"__id__":0},"fileId":"06HtepIBlBGZtRykOnSot9"},"_contentSize":{"__type__":"cc.Size","width":41,"height":28},"_position":{"__type__":"cc.Vec3","x":135,"y":-1},"_scale":{"__type__":"cc.Vec3","x":1,"y":1,"z":1}},{"__type__":"cc.Node","_name":"Background","_parent":{"__id__":29},"_components":[{"__type__":"cc.Sprite","node":{"__id__":30},"_spriteFrame":{"__uuid__":"baoN4ZqIZHs6ATJHj9Z4/s"},"_sizeMode":2,"_isTrimmedMode":false}],"_prefab":{"__type__":"cc.PrefabInfo","root":{"__id__":1},"asset":{"__id__":0},"fileId":"510EY0BVBJO7bZtgO1CYzV"},"_contentSize":{"__type__":"cc.Size","width":55,"height":55},"_scale":{"__type__":"cc.Vec3","x":1,"y":1,"z":1}},{"__type__":"cc.Node","_name":"checkmark","_parent":{"__id__":29},"_active":false,"_components":[{"__id__":32}],"_prefab":{"__type__":"cc.PrefabInfo","root":{"__id__":1},"asset":{"__id__":0},"fileId":"4dRfF/CGZDJoD/lWjL3Mnc"},"_contentSize":{"__type__":"cc.Size","width":50,"height":51},"_scale":{"__type__":"cc.Vec3","x":1,"y":1,"z":1}},{"__type__":"cc.Sprite","node":{"__id__":31},"_spriteFrame":{"__uuid__":"e2YwpimFtHbqpj/z+vA1nj"},"_sizeMode":2,"_isTrimmedMode":false},{"__type__":"cc.Node","_name":"label","_parent":{"__id__":29},"_level":1,"_components":[{"__type__":"cc.Label","node":{"__id__":33},"_srcBlendFactor":1,"_useOriginalSize":false,"_string":"经典","_N$string":"经典","_fontSize":30,"_lineHeight":30,"_N$horizontalAlign":1,"_N$verticalAlign":1}],"_prefab":{"__type__":"cc.PrefabInfo","root":{"__id__":1},"asset":{"__id__":0},"fileId":"29UyS4wpFHrbQ9soON3v4W"},"_color":{"__type__":"cc.Color","r":180,"g":131,"b":88},"_contentSize":{"__type__":"cc.Size","width":60,"height":30},"_position":{"__type__":"cc.Vec3","x":68,"y":-2},"_scale":{"__type__":"cc.Vec3","x":1,"y":1,"z":1}},{"__type__":"cc.Toggle","node":{"__id__":29},"transition":3,"zoomScale":1,"_N$target":{"__id__":29},"checkMark":{"__id__":32},"checkEvents":[{"__type__":"cc.ClickEvent","target":{"__id__":1},"component":"dlgSetting","handler":"onToggleMusicType","customEventData":"2"}],"_N$isChecked":false},{"__type__":"cc.Node","_name":"toggle_backgroundType","_parent":{"__id__":3},"_children":[{"__id__":36},{"__id__":42},{"__id__":48},{"__id__":54}],"_level":3,"_components":[{"__type__":"cc.ToggleContainer","node":{"__id__":35}}],"_prefab":{"__type__":"cc.PrefabInfo","root":{"__id__":1},"asset":{"__id__":0},"fileId":"7f49ypCQVHS6T/86ffx+mO"},"_contentSize":{"__type__":"cc.Size","width":221,"height":61},"_position":{"__type__":"cc.Vec3","y":-68},"_scale":{"__type__":"cc.Vec3","x":1,"y":1,"z":1}},{"__type__":"cc.Node","_name":"toggle_classic","_parent":{"__id__":35},"_children":[{"__id__":37},{"__id__":38},{"__id__":40}],"_components":[{"__id__":41}],"_prefab":{"__type__":"cc.PrefabInfo","root":{"__id__":1},"asset":{"__id__":0},"fileId":"31Ctn4aKdMCrmlxP9C53BY"},"_contentSize":{"__type__":"cc.Size","width":41,"height":28},"_position":{"__type__":"cc.Vec3","x":-202,"y":-0.9},"_scale":{"__type__":"cc.Vec3","x":1,"y":1,"z":1}},{"__type__":"cc.Node","_name":"Background","_parent":{"__id__":36},"_components":[{"__type__":"cc.Sprite","node":{"__id__":37},"_spriteFrame":{"__uuid__":"baoN4ZqIZHs6ATJHj9Z4/s"},"_sizeMode":2,"_isTrimmedMode":false}],"_prefab":{"__type__":"cc.PrefabInfo","root":{"__id__":1},"asset":{"__id__":0},"fileId":"1asAGy4AtDQqvTHhr8xGKq"},"_contentSize":{"__type__":"cc.Size","width":55,"height":55},"_scale":{"__type__":"cc.Vec3","x":1,"y":1,"z":1}},{"__type__":"cc.Node","_name":"checkmark","_parent":{"__id__":36},"_components":[{"__id__":39}],"_prefab":{"__type__":"cc.PrefabInfo","root":{"__id__":1},"asset":{"__id__":0},"fileId":"ebjOWk23dKEK9SlMYgxs/a"},"_contentSize":{"__type__":"cc.Size","width":50,"height":51},"_scale":{"__type__":"cc.Vec3","x":1,"y":1,"z":1}},{"__type__":"cc.Sprite","node":{"__id__":38},"_spriteFrame":{"__uuid__":"e2YwpimFtHbqpj/z+vA1nj"},"_sizeMode":2,"_isTrimmedMode":false},{"__type__":"cc.Node","_name":"label","_parent":{"__id__":36},"_level":1,"_components":[{"__type__":"cc.Label","node":{"__id__":40},"_srcBlendFactor":1,"_useOriginalSize":false,"_string":"经典","_N$string":"经典","_fontSize":30,"_lineHeight":30,"_N$horizontalAlign":1,"_N$verticalAlign":1}],"_prefab":{"__type__":"cc.PrefabInfo","root":{"__id__":1},"asset":{"__id__":0},"fileId":"ec3tK5Vh5OnrtRZpsMWc3n"},"_color":{"__type__":"cc.Color","r":180,"g":131,"b":88},"_contentSize":{"__type__":"cc.Size","width":60,"height":30},"_position":{"__type__":"cc.Vec3","x":68,"y":-2},"_scale":{"__type__":"cc.Vec3","x":1,"y":1,"z":1}},{"__type__":"cc.Toggle","node":{"__id__":36},"transition":3,"zoomScale":1,"_N$target":{"__id__":36},"checkMark":{"__id__":39},"checkEvents":[{"__type__":"cc.ClickEvent","target":{"__id__":1},"component":"dlgSetting","handler":"onToggleBackgroundType","customEventData":"0"}]},{"__type__":"cc.Node","_name":"toggle_blue","_parent":{"__id__":35},"_children":[{"__id__":43},{"__id__":44},{"__id__":46}],"_level":4,"_components":[{"__id__":47}],"_prefab":{"__type__":"cc.PrefabInfo","root":{"__id__":1},"asset":{"__id__":0},"fileId":"31QsQliqRHdbKyhnp0V2Xn"},"_contentSize":{"__type__":"cc.Size","width":41,"height":28},"_position":{"__type__":"cc.Vec3","x":-33,"y":-1},"_scale":{"__type__":"cc.Vec3","x":1,"y":1,"z":1}},{"__type__":"cc.Node","_name":"Background","_parent":{"__id__":42},"_components":[{"__type__":"cc.Sprite","node":{"__id__":43},"_spriteFrame":{"__uuid__":"baoN4ZqIZHs6ATJHj9Z4/s"},"_sizeMode":2,"_isTrimmedMode":false}],"_prefab":{"__type__":"cc.PrefabInfo","root":{"__id__":1},"asset":{"__id__":0},"fileId":"1bASYcCIVNtLu+Cc40Hf0H"},"_contentSize":{"__type__":"cc.Size","width":55,"height":55},"_scale":{"__type__":"cc.Vec3","x":1,"y":1,"z":1}},{"__type__":"cc.Node","_name":"checkmark","_parent":{"__id__":42},"_active":false,"_components":[{"__id__":45}],"_prefab":{"__type__":"cc.PrefabInfo","root":{"__id__":1},"asset":{"__id__":0},"fileId":"638373d3hNDq/qn5Zer5m1"},"_contentSize":{"__type__":"cc.Size","width":50,"height":51},"_scale":{"__type__":"cc.Vec3","x":1,"y":1,"z":1}},{"__type__":"cc.Sprite","node":{"__id__":44},"_spriteFrame":{"__uuid__":"e2YwpimFtHbqpj/z+vA1nj"},"_sizeMode":2,"_isTrimmedMode":false},{"__type__":"cc.Node","_name":"label","_parent":{"__id__":42},"_level":1,"_components":[{"__type__":"cc.Label","node":{"__id__":46},"_srcBlendFactor":1,"_useOriginalSize":false,"_string":"蓝色","_N$string":"蓝色","_fontSize":30,"_lineHeight":30,"_N$horizontalAlign":1,"_N$verticalAlign":1}],"_prefab":{"__type__":"cc.PrefabInfo","root":{"__id__":1},"asset":{"__id__":0},"fileId":"be8IsFqT1FtYuaTtHW/g8J"},"_color":{"__type__":"cc.Color","r":180,"g":131,"b":88},"_contentSize":{"__type__":"cc.Size","width":60,"height":30},"_position":{"__type__":"cc.Vec3","x":68,"y":-2},"_scale":{"__type__":"cc.Vec3","x":1,"y":1,"z":1}},{"__type__":"cc.Toggle","node":{"__id__":42},"transition":3,"zoomScale":1,"_N$target":{"__id__":42},"checkMark":{"__id__":45},"checkEvents":[{"__type__":"cc.ClickEvent","target":{"__id__":1},"component":"dlgSetting","handler":"onToggleBackgroundType","customEventData":"1"}],"_N$isChecked":false},{"__type__":"cc.Node","_name":"toggle_wood","_parent":{"__id__":35},"_children":[{"__id__":49},{"__id__":50},{"__id__":52}],"_level":4,"_components":[{"__id__":53}],"_prefab":{"__type__":"cc.PrefabInfo","root":{"__id__":1},"asset":{"__id__":0},"fileId":"09GLQFDYlA0b96Sn6GkmpG"},"_contentSize":{"__type__":"cc.Size","width":41,"height":28},"_position":{"__type__":"cc.Vec3","x":135,"y":-1},"_scale":{"__type__":"cc.Vec3","x":1,"y":1,"z":1}},{"__type__":"cc.Node","_name":"Background","_parent":{"__id__":48},"_components":[{"__type__":"cc.Sprite","node":{"__id__":49},"_spriteFrame":{"__uuid__":"baoN4ZqIZHs6ATJHj9Z4/s"},"_sizeMode":2,"_isTrimmedMode":false}],"_prefab":{"__type__":"cc.PrefabInfo","root":{"__id__":1},"asset":{"__id__":0},"fileId":"7fzWDqxrhChqIjqt+ASRWe"},"_contentSize":{"__type__":"cc.Size","width":55,"height":55},"_scale":{"__type__":"cc.Vec3","x":1,"y":1,"z":1}},{"__type__":"cc.Node","_name":"checkmark","_parent":{"__id__":48},"_active":false,"_components":[{"__id__":51}],"_prefab":{"__type__":"cc.PrefabInfo","root":{"__id__":1},"asset":{"__id__":0},"fileId":"36SHA/lipFcIUVKG7kBp1t"},"_contentSize":{"__type__":"cc.Size","width":50,"height":51},"_scale":{"__type__":"cc.Vec3","x":1,"y":1,"z":1}},{"__type__":"cc.Sprite","node":{"__id__":50},"_spriteFrame":{"__uuid__":"e2YwpimFtHbqpj/z+vA1nj"},"_sizeMode":2,"_isTrimmedMode":false},{"__type__":"cc.Node","_name":"label","_parent":{"__id__":48},"_level":1,"_components":[{"__type__":"cc.Label","node":{"__id__":52},"_srcBlendFactor":1,"_useOriginalSize":false,"_string":"木纹","_N$string":"木纹","_fontSize":30,"_lineHeight":30,"_N$horizontalAlign":1,"_N$verticalAlign":1}],"_prefab":{"__type__":"cc.PrefabInfo","root":{"__id__":1},"asset":{"__id__":0},"fileId":"bdBX9SIPBP4qWVHWZpvtoZ"},"_color":{"__type__":"cc.Color","r":180,"g":131,"b":88},"_contentSize":{"__type__":"cc.Size","width":60,"height":30},"_position":{"__type__":"cc.Vec3","x":64,"y":-1},"_scale":{"__type__":"cc.Vec3","x":1,"y":1,"z":1}},{"__type__":"cc.Toggle","node":{"__id__":48},"transition":3,"zoomScale":1,"_N$target":{"__id__":48},"checkMark":{"__id__":51},"checkEvents":[{"__type__":"cc.ClickEvent","target":{"__id__":1},"component":"dlgSetting","handler":"onToggleBackgroundType","customEventData":"2"}],"_N$isChecked":false},{"__type__":"cc.Node","_name":"toggle_green","_parent":{"__id__":35},"_children":[{"__id__":55},{"__id__":56},{"__id__":58}],"_level":4,"_components":[{"__id__":59}],"_prefab":{"__type__":"cc.PrefabInfo","root":{"__id__":1},"asset":{"__id__":0},"fileId":"e0+5tjG4hGq4WyX5egy9Tg"},"_contentSize":{"__type__":"cc.Size","width":41,"height":28},"_position":{"__type__":"cc.Vec3","x":300,"y":-1},"_scale":{"__type__":"cc.Vec3","x":1,"y":1,"z":1}},{"__type__":"cc.Node","_name":"Background","_parent":{"__id__":54},"_components":[{"__type__":"cc.Sprite","node":{"__id__":55},"_spriteFrame":{"__uuid__":"baoN4ZqIZHs6ATJHj9Z4/s"},"_sizeMode":2,"_isTrimmedMode":false}],"_prefab":{"__type__":"cc.PrefabInfo","root":{"__id__":1},"asset":{"__id__":0},"fileId":"19mTrowPNKz4xRB0ZhGfGP"},"_contentSize":{"__type__":"cc.Size","width":55,"height":55},"_scale":{"__type__":"cc.Vec3","x":1,"y":1,"z":1}},{"__type__":"cc.Node","_name":"checkmark","_parent":{"__id__":54},"_active":false,"_components":[{"__id__":57}],"_prefab":{"__type__":"cc.PrefabInfo","root":{"__id__":1},"asset":{"__id__":0},"fileId":"20yNafOp1OAZ2TLEePTVua"},"_contentSize":{"__type__":"cc.Size","width":50,"height":51},"_scale":{"__type__":"cc.Vec3","x":1,"y":1,"z":1}},{"__type__":"cc.Sprite","node":{"__id__":56},"_spriteFrame":{"__uuid__":"e2YwpimFtHbqpj/z+vA1nj"},"_sizeMode":2,"_isTrimmedMode":false},{"__type__":"cc.Node","_name":"label","_parent":{"__id__":54},"_level":1,"_components":[{"__type__":"cc.Label","node":{"__id__":58},"_srcBlendFactor":1,"_useOriginalSize":false,"_string":"绿色","_N$string":"绿色","_fontSize":30,"_lineHeight":30,"_N$horizontalAlign":1,"_N$verticalAlign":1}],"_prefab":{"__type__":"cc.PrefabInfo","root":{"__id__":1},"asset":{"__id__":0},"fileId":"cdNt6xeHRPdIkETqoDIksw"},"_color":{"__type__":"cc.Color","r":180,"g":131,"b":88},"_contentSize":{"__type__":"cc.Size","width":60,"height":30},"_position":{"__type__":"cc.Vec3","x":64,"y":-1},"_scale":{"__type__":"cc.Vec3","x":1,"y":1,"z":1}},{"__type__":"cc.Toggle","node":{"__id__":54},"transition":3,"zoomScale":1,"_N$target":{"__id__":54},"checkMark":{"__id__":57},"checkEvents":[{"__type__":"cc.ClickEvent","target":{"__id__":1},"component":"dlgSetting","handler":"onToggleBackgroundType","customEventData":"3"}],"_N$isChecked":false},{"__type__":"cc.Node","_name":"toggle_MJBackType","_parent":{"__id__":3},"_children":[{"__id__":61},{"__id__":67},{"__id__":73}],"_level":3,"_components":[{"__type__":"cc.ToggleContainer","node":{"__id__":60}}],"_prefab":{"__type__":"cc.PrefabInfo","root":{"__id__":1},"asset":{"__id__":0},"fileId":"1aeMnZhP1H16x6OFhYRH0t"},"_contentSize":{"__type__":"cc.Size","width":221,"height":61},"_position":{"__type__":"cc.Vec3","y":-132},"_scale":{"__type__":"cc.Vec3","x":1,"y":1,"z":1}},{"__type__":"cc.Node","_name":"toggle_blue","_parent":{"__id__":60},"_children":[{"__id__":62},{"__id__":63},{"__id__":65}],"_components":[{"__id__":66}],"_prefab":{"__type__":"cc.PrefabInfo","root":{"__id__":1},"asset":{"__id__":0},"fileId":"b0gnMOCMpDFJwnusbF056D"},"_contentSize":{"__type__":"cc.Size","width":41,"height":28},"_position":{"__type__":"cc.Vec3","x":-202,"y":-0.9},"_scale":{"__type__":"cc.Vec3","x":1,"y":1,"z":1}},{"__type__":"cc.Node","_name":"Background","_parent":{"__id__":61},"_components":[{"__type__":"cc.Sprite","node":{"__id__":62},"_spriteFrame":{"__uuid__":"baoN4ZqIZHs6ATJHj9Z4/s"},"_sizeMode":2,"_isTrimmedMode":false}],"_prefab":{"__type__":"cc.PrefabInfo","root":{"__id__":1},"asset":{"__id__":0},"fileId":"50f159IrVEE7NF0wUwpnxI"},"_contentSize":{"__type__":"cc.Size","width":55,"height":55},"_scale":{"__type__":"cc.Vec3","x":1,"y":1,"z":1}},{"__type__":"cc.Node","_name":"checkmark","_parent":{"__id__":61},"_components":[{"__id__":64}],"_prefab":{"__type__":"cc.PrefabInfo","root":{"__id__":1},"asset":{"__id__":0},"fileId":"0cylY2lJ5DAbtozBpJO/WR"},"_contentSize":{"__type__":"cc.Size","width":50,"height":51},"_scale":{"__type__":"cc.Vec3","x":1,"y":1,"z":1}},{"__type__":"cc.Sprite","node":{"__id__":63},"_spriteFrame":{"__uuid__":"e2YwpimFtHbqpj/z+vA1nj"},"_sizeMode":2,"_isTrimmedMode":false},{"__type__":"cc.Node","_name":"label","_parent":{"__id__":61},"_level":1,"_components":[{"__type__":"cc.Sprite","node":{"__id__":65},"_spriteFrame":{"__uuid__":"7cIiELgW9HWZrup5ceaIWN"},"_sizeMode":2}],"_prefab":{"__type__":"cc.PrefabInfo","root":{"__id__":1},"asset":{"__id__":0},"fileId":"90sBMmpwxPEa1fSf9Y8P6t"},"_contentSize":{"__type__":"cc.Size","width":31,"height":46},"_position":{"__type__":"cc.Vec3","x":56,"y":-7},"_scale":{"__type__":"cc.Vec3","x":1,"y":1,"z":1}},{"__type__":"cc.Toggle","node":{"__id__":61},"transition":3,"zoomScale":1,"_N$target":{"__id__":61},"checkMark":{"__id__":64},"checkEvents":[{"__type__":"cc.ClickEvent","target":{"__id__":1},"component":"dlgSetting","handler":"onToggleMJType","customEventData":"0"}]},{"__type__":"cc.Node","_name":"toggle_golden","_parent":{"__id__":60},"_children":[{"__id__":68},{"__id__":69},{"__id__":71}],"_level":4,"_components":[{"__id__":72}],"_prefab":{"__type__":"cc.PrefabInfo","root":{"__id__":1},"asset":{"__id__":0},"fileId":"a1/T4QK4BBrJAfRCFaSk1C"},"_contentSize":{"__type__":"cc.Size","width":41,"height":28},"_position":{"__type__":"cc.Vec3","x":-33,"y":-1},"_scale":{"__type__":"cc.Vec3","x":1,"y":1,"z":1}},{"__type__":"cc.Node","_name":"Background","_parent":{"__id__":67},"_components":[{"__type__":"cc.Sprite","node":{"__id__":68},"_spriteFrame":{"__uuid__":"baoN4ZqIZHs6ATJHj9Z4/s"},"_sizeMode":2,"_isTrimmedMode":false}],"_prefab":{"__type__":"cc.PrefabInfo","root":{"__id__":1},"asset":{"__id__":0},"fileId":"a3mgLnPG9Cua3qVLDO3zbw"},"_contentSize":{"__type__":"cc.Size","width":55,"height":55},"_scale":{"__type__":"cc.Vec3","x":1,"y":1,"z":1}},{"__type__":"cc.Node","_name":"checkmark","_parent":{"__id__":67},"_active":false,"_components":[{"__id__":70}],"_prefab":{"__type__":"cc.PrefabInfo","root":{"__id__":1},"asset":{"__id__":0},"fileId":"cajdHEvfZC3LhGJ2QBmlCt"},"_contentSize":{"__type__":"cc.Size","width":50,"height":51},"_scale":{"__type__":"cc.Vec3","x":1,"y":1,"z":1}},{"__type__":"cc.Sprite","node":{"__id__":69},"_spriteFrame":{"__uuid__":"e2YwpimFtHbqpj/z+vA1nj"},"_sizeMode":2,"_isTrimmedMode":false},{"__type__":"cc.Node","_name":"label","_parent":{"__id__":67},"_level":1,"_components":[{"__type__":"cc.Sprite","node":{"__id__":71},"_spriteFrame":{"__uuid__":"5e9t+1n6tHzYjNDqWuKXKk"},"_sizeMode":2}],"_prefab":{"__type__":"cc.PrefabInfo","root":{"__id__":1},"asset":{"__id__":0},"fileId":"daivxZ8sBIgqQ6XiQvodd8"},"_contentSize":{"__type__":"cc.Size","width":31,"height":46},"_position":{"__type__":"cc.Vec3","x":51,"y":-3},"_scale":{"__type__":"cc.Vec3","x":1,"y":1,"z":1}},{"__type__":"cc.Toggle","node":{"__id__":67},"transition":3,"zoomScale":1,"_N$target":{"__id__":67},"checkMark":{"__id__":70},"checkEvents":[{"__type__":"cc.ClickEvent","target":{"__id__":1},"component":"dlgSetting","handler":"onToggleMJType","customEventData":"1"}],"_N$isChecked":false},{"__type__":"cc.Node","_name":"toggle_green","_parent":{"__id__":60},"_children":[{"__id__":74},{"__id__":75},{"__id__":77}],"_level":4,"_components":[{"__id__":78}],"_prefab":{"__type__":"cc.PrefabInfo","root":{"__id__":1},"asset":{"__id__":0},"fileId":"e1gcQABGZCBqWbrRz3W9I0"},"_contentSize":{"__type__":"cc.Size","width":41,"height":28},"_position":{"__type__":"cc.Vec3","x":135,"y":-1},"_scale":{"__type__":"cc.Vec3","x":1,"y":1,"z":1}},{"__type__":"cc.Node","_name":"Background","_parent":{"__id__":73},"_components":[{"__type__":"cc.Sprite","node":{"__id__":74},"_spriteFrame":{"__uuid__":"baoN4ZqIZHs6ATJHj9Z4/s"},"_sizeMode":2,"_isTrimmedMode":false}],"_prefab":{"__type__":"cc.PrefabInfo","root":{"__id__":1},"asset":{"__id__":0},"fileId":"b3qbpAtPxLrpeKLgUXBUXb"},"_contentSize":{"__type__":"cc.Size","width":55,"height":55},"_scale":{"__type__":"cc.Vec3","x":1,"y":1,"z":1}},{"__type__":"cc.Node","_name":"checkmark","_parent":{"__id__":73},"_active":false,"_components":[{"__id__":76}],"_prefab":{"__type__":"cc.PrefabInfo","root":{"__id__":1},"asset":{"__id__":0},"fileId":"d4HyYhzXhK5a4zlxhCN+RG"},"_contentSize":{"__type__":"cc.Size","width":50,"height":51},"_scale":{"__type__":"cc.Vec3","x":1,"y":1,"z":1}},{"__type__":"cc.Sprite","node":{"__id__":75},"_spriteFrame":{"__uuid__":"e2YwpimFtHbqpj/z+vA1nj"},"_sizeMode":2,"_isTrimmedMode":false},{"__type__":"cc.Node","_name":"label","_parent":{"__id__":73},"_level":1,"_components":[{"__type__":"cc.Sprite","node":{"__id__":77},"_spriteFrame":{"__uuid__":"53svgDFRxF7Y5P7xaE0Nh9"},"_sizeMode":2}],"_prefab":{"__type__":"cc.PrefabInfo","root":{"__id__":1},"asset":{"__id__":0},"fileId":"5eE4agQoJEt6RPPpLf0GvU"},"_contentSize":{"__type__":"cc.Size","width":31,"height":46},"_position":{"__type__":"cc.Vec3","x":50},"_scale":{"__type__":"cc.Vec3","x":1,"y":1,"z":1}},{"__type__":"cc.Toggle","node":{"__id__":73},"transition":3,"zoomScale":1,"_N$target":{"__id__":73},"checkMark":{"__id__":76},"checkEvents":[{"__type__":"cc.ClickEvent","target":{"__id__":1},"component":"dlgSetting","handler":"onToggleMJType","customEventData":"2"}],"_N$isChecked":false},{"__type__":"cc.Node","_name":"audioEffectSlider","_parent":{"__id__":3},"_children":[{"__id__":80},{"__id__":82},{"__id__":84},{"__id__":85}],"_level":3,"_components":[{"__type__":"cc.Sprite","node":{"__id__":79},"_spriteFrame":{"__uuid__":"371OwW1jlAYqKJpCeFZ60v"},"_type":1,"_sizeMode":0},{"__id__":86},{"__id__":87},{"__id__":88}],"_prefab":{"__type__":"cc.PrefabInfo","root":{"__id__":1},"asset":{"__id__":0},"fileId":"067DzrcH1BEL/rLsHWbhFN"},"_contentSize":{"__type__":"cc.Size","width":404,"height":30},"_position":{"__type__":"cc.Vec3","x":18,"y":168},"_scale":{"__type__":"cc.Vec3","x":1,"y":1,"z":1}},{"__type__":"cc.Node","_name":"bar","_parent":{"__id__":79},"_components":[{"__id__":81},{"__type__":"cc.Widget","node":{"__id__":80},"_alignFlags":8}],"_prefab":{"__type__":"cc.PrefabInfo","root":{"__id__":1},"asset":{"__id__":0},"fileId":"a8PmqVQqVJhox62M7tAfRx"},"_contentSize":{"__type__":"cc.Size","width":100,"height":30},"_anchorPoint":{"__type__":"cc.Vec2","y":0.5},"_position":{"__type__":"cc.Vec3","x":-202},"_scale":{"__type__":"cc.Vec3","x":1,"y":1,"z":1}},{"__type__":"cc.Sprite","node":{"__id__":80},"_spriteFrame":{"__uuid__":"4awSgM9rdHM6pXBs3TT01B"},"_type":1,"_sizeMode":0},{"__type__":"cc.Node","_name":"sliderBtn","_parent":{"__id__":79},"_level":2,"_components":[{"__type__":"cc.Sprite","node":{"__id__":82},"_spriteFrame":{"__uuid__":"91duUyBnJOqIaJRWgG8+u6"},"_sizeMode":2},{"__id__":83}],"_prefab":{"__type__":"cc.PrefabInfo","root":{"__id__":1},"asset":{"__id__":0},"fileId":"8a/LsgE19PZ7U4lun8lRhE"},"_contentSize":{"__type__":"cc.Size","width":92,"height":62},"_position":{"__type__":"cc.Vec3","x":-39.99999999999994,"y":2.842170943040401e-14},"_scale":{"__type__":"cc.Vec3","x":1,"y":1,"z":1}},{"__type__":"cc.Button","node":{"__id__":82},"transition":3,"pressedColor":{"__type__":"cc.Color","r":255,"g":255,"b":255},"zoomScale":1.05,"_N$normalColor":{"__type__":"cc.Color","r":255,"g":255,"b":255},"_N$disabledColor":{"__type__":"cc.Color","r":255,"g":255,"b":255},"_N$normalSprite":{"__uuid__":"f0BIwQ8D5Ml7nTNQbh1YlS"},"_N$pressedSprite":{"__uuid__":"e97GVMl6JHh5Ml5qEDdSGa"},"pressedSprite":{"__uuid__":"e97GVMl6JHh5Ml5qEDdSGa"},"_N$hoverSprite":{"__uuid__":"f0BIwQ8D5Ml7nTNQbh1YlS"},"hoverSprite":{"__uuid__":"f0BIwQ8D5Ml7nTNQbh1YlS"},"_N$disabledSprite":{"__uuid__":"29FYIk+N1GYaeWH/q1NxQO"},"_N$target":{"__id__":82}},{"__type__":"cc.Node","_name":"leftBtn","_parent":{"__id__":79},"_level":2,"_components":[{"__type__":"cc.Sprite","node":{"__id__":84},"_spriteFrame":{"__uuid__":"027dZ/jbtDk7bgHtaJBeZ1"},"_sizeMode":2},{"__type__":"cc.Button","node":{"__id__":84},"transition":3,"pressedColor":{"__type__":"cc.Color","r":255,"g":255,"b":255},"zoomScale":1.05,"clickEvents":[{"__type__":"cc.ClickEvent","target":{"__id__":79},"component":"progressSlider","handler":"onClickLeftBtn"}],"_N$normalColor":{"__type__":"cc.Color","r":255,"g":255,"b":255},"_N$disabledColor":{"__type__":"cc.Color","r":255,"g":255,"b":255},"_N$normalSprite":{"__uuid__":"f0BIwQ8D5Ml7nTNQbh1YlS"},"_N$pressedSprite":{"__uuid__":"e97GVMl6JHh5Ml5qEDdSGa"},"pressedSprite":{"__uuid__":"e97GVMl6JHh5Ml5qEDdSGa"},"_N$hoverSprite":{"__uuid__":"f0BIwQ8D5Ml7nTNQbh1YlS"},"hoverSprite":{"__uuid__":"f0BIwQ8D5Ml7nTNQbh1YlS"},"_N$disabledSprite":{"__uuid__":"29FYIk+N1GYaeWH/q1NxQO"},"_N$target":{"__id__":84}},{"__type__":"cc.Widget","node":{"__id__":84},"_alignFlags":32,"_right":0.9552051353614289,"_isAbsRight":false}],"_prefab":{"__type__":"cc.PrefabInfo","root":{"__id__":1},"asset":{"__id__":0},"fileId":"31LOy7fZJGlqXsUZGFaa6b"},"_contentSize":{"__type__":"cc.Size","width":70,"height":70},"_position":{"__type__":"cc.Vec3","x":-218.9028746860173},"_scale":{"__type__":"cc.Vec3","x":1,"y":1,"z":1}},{"__type__":"cc.Node","_name":"rightBtn","_parent":{"__id__":79},"_level":2,"_components":[{"__type__":"cc.Sprite","node":{"__id__":85},"_spriteFrame":{"__uuid__":"dcWE8CfZ9BCruBxe7ckc8d"},"_sizeMode":2},{"__type__":"cc.Button","node":{"__id__":85},"transition":3,"pressedColor":{"__type__":"cc.Color","r":255,"g":255,"b":255},"zoomScale":1.05,"clickEvents":[{"__type__":"cc.ClickEvent","target":{"__id__":79},"component":"progressSlider","handler":"onClickRightBtn"}],"_N$normalColor":{"__type__":"cc.Color","r":255,"g":255,"b":255},"_N$disabledColor":{"__type__":"cc.Color","r":255,"g":255,"b":255},"_N$normalSprite":{"__uuid__":"f0BIwQ8D5Ml7nTNQbh1YlS"},"_N$pressedSprite":{"__uuid__":"e97GVMl6JHh5Ml5qEDdSGa"},"pressedSprite":{"__uuid__":"e97GVMl6JHh5Ml5qEDdSGa"},"_N$hoverSprite":{"__uuid__":"f0BIwQ8D5Ml7nTNQbh1YlS"},"hoverSprite":{"__uuid__":"f0BIwQ8D5Ml7nTNQbh1YlS"},"_N$disabledSprite":{"__uuid__":"29FYIk+N1GYaeWH/q1NxQO"},"_N$target":{"__id__":85}},{"__type__":"cc.Widget","node":{"__id__":85},"_alignFlags":8,"_left":0.9409712531398271,"_isAbsLeft":false}],"_prefab":{"__type__":"cc.PrefabInfo","root":{"__id__":1},"asset":{"__id__":0},"fileId":"a258BGXmJMwpjzfsIVz5Fi"},"_contentSize":{"__type__":"cc.Size","width":70,"height":70},"_position":{"__type__":"cc.Vec3","x":213.15238626849015},"_scale":{"__type__":"cc.Vec3","x":1,"y":1,"z":1}},{"__type__":"cc.ProgressBar","node":{"__id__":79},"_N$totalLength":100,"_N$barSprite":{"__id__":81}},{"__type__":"cc.Slider","node":{"__id__":79},"slideEvents":[{"__type__":"cc.ClickEvent","target":{"__id__":79},"component":"progressSlider","handler":"onSlider"}],"_N$handle":{"__id__":83},"_N$progress":0.3},{"__type__":"bd1bfXVPRtC24nBjJC2cQPB","node":{"__id__":79},"pProgess":{"__id__":86},"pSlider":{"__id__":87},"slideEvents":[{"__type__":"cc.ClickEvent","target":{"__id__":1},"component":"dlgSetting","handler":"onAudioEffectSlider"}]},{"__type__":"cc.Node","_name":"musicSlider","_parent":{"__id__":3},"_children":[{"__id__":90},{"__id__":92},{"__id__":94},{"__id__":95}],"_level":3,"_components":[{"__type__":"cc.Sprite","node":{"__id__":89},"_spriteFrame":{"__uuid__":"371OwW1jlAYqKJpCeFZ60v"},"_type":1,"_sizeMode":0},{"__id__":96},{"__id__":97},{"__id__":98}],"_prefab":{"__type__":"cc.PrefabInfo","root":{"__id__":1},"asset":{"__id__":0},"fileId":"7f5tBR7kJHT7dLybqtHzqn"},"_contentSize":{"__type__":"cc.Size","width":404,"height":30},"_position":{"__type__":"cc.Vec3","x":18,"y":81},"_scale":{"__type__":"cc.Vec3","x":1,"y":1,"z":1}},{"__type__":"cc.Node","_name":"bar","_parent":{"__id__":89},"_components":[{"__id__":91},{"__type__":"cc.Widget","node":{"__id__":90},"_alignFlags":8}],"_prefab":{"__type__":"cc.PrefabInfo","root":{"__id__":1},"asset":{"__id__":0},"fileId":"ccL0E2XgtHi5LN/ekNVW6G"},"_contentSize":{"__type__":"cc.Size","width":100,"height":30},"_anchorPoint":{"__type__":"cc.Vec2","y":0.5},"_position":{"__type__":"cc.Vec3","x":-202},"_scale":{"__type__":"cc.Vec3","x":1,"y":1,"z":1}},{"__type__":"cc.Sprite","node":{"__id__":90},"_spriteFrame":{"__uuid__":"4awSgM9rdHM6pXBs3TT01B"},"_type":1,"_sizeMode":0},{"__type__":"cc.Node","_name":"sliderBtn","_parent":{"__id__":89},"_level":2,"_components":[{"__type__":"cc.Sprite","node":{"__id__":92},"_spriteFrame":{"__uuid__":"91duUyBnJOqIaJRWgG8+u6"},"_sizeMode":2},{"__id__":93}],"_prefab":{"__type__":"cc.PrefabInfo","root":{"__id__":1},"asset":{"__id__":0},"fileId":"ddpTKbVqhD4prvPVSoNK+v"},"_contentSize":{"__type__":"cc.Size","width":92,"height":62},"_position":{"__type__":"cc.Vec3","x":-39.99999999999994,"y":2.842170943040401e-14},"_scale":{"__type__":"cc.Vec3","x":1,"y":1,"z":1}},{"__type__":"cc.Button","node":{"__id__":92},"transition":3,"pressedColor":{"__type__":"cc.Color","r":255,"g":255,"b":255},"zoomScale":1.05,"_N$normalColor":{"__type__":"cc.Color","r":255,"g":255,"b":255},"_N$disabledColor":{"__type__":"cc.Color","r":255,"g":255,"b":255},"_N$normalSprite":{"__uuid__":"f0BIwQ8D5Ml7nTNQbh1YlS"},"_N$pressedSprite":{"__uuid__":"e97GVMl6JHh5Ml5qEDdSGa"},"pressedSprite":{"__uuid__":"e97GVMl6JHh5Ml5qEDdSGa"},"_N$hoverSprite":{"__uuid__":"f0BIwQ8D5Ml7nTNQbh1YlS"},"hoverSprite":{"__uuid__":"f0BIwQ8D5Ml7nTNQbh1YlS"},"_N$disabledSprite":{"__uuid__":"29FYIk+N1GYaeWH/q1NxQO"},"_N$target":{"__id__":92}},{"__type__":"cc.Node","_name":"leftBtn","_parent":{"__id__":89},"_level":2,"_components":[{"__type__":"cc.Sprite","node":{"__id__":94},"_spriteFrame":{"__uuid__":"027dZ/jbtDk7bgHtaJBeZ1"},"_sizeMode":2},{"__type__":"cc.Button","node":{"__id__":94},"transition":3,"pressedColor":{"__type__":"cc.Color","r":255,"g":255,"b":255},"zoomScale":1.05,"clickEvents":[{"__type__":"cc.ClickEvent","target":{"__id__":89},"component":"progressSlider","handler":"onClickLeftBtn"}],"_N$normalColor":{"__type__":"cc.Color","r":255,"g":255,"b":255},"_N$disabledColor":{"__type__":"cc.Color","r":255,"g":255,"b":255},"_N$normalSprite":{"__uuid__":"f0BIwQ8D5Ml7nTNQbh1YlS"},"_N$pressedSprite":{"__uuid__":"e97GVMl6JHh5Ml5qEDdSGa"},"pressedSprite":{"__uuid__":"e97GVMl6JHh5Ml5qEDdSGa"},"_N$hoverSprite":{"__uuid__":"f0BIwQ8D5Ml7nTNQbh1YlS"},"hoverSprite":{"__uuid__":"f0BIwQ8D5Ml7nTNQbh1YlS"},"_N$disabledSprite":{"__uuid__":"29FYIk+N1GYaeWH/q1NxQO"},"_N$target":{"__id__":94}},{"__type__":"cc.Widget","node":{"__id__":94},"_alignFlags":32,"_right":0.9552051353614289,"_isAbsRight":false}],"_prefab":{"__type__":"cc.PrefabInfo","root":{"__id__":1},"asset":{"__id__":0},"fileId":"ccWABm5ipDNoP6FVD3DlNZ"},"_contentSize":{"__type__":"cc.Size","width":70,"height":70},"_position":{"__type__":"cc.Vec3","x":-218.9028746860173},"_scale":{"__type__":"cc.Vec3","x":1,"y":1,"z":1}},{"__type__":"cc.Node","_name":"rightBtn","_parent":{"__id__":89},"_level":2,"_components":[{"__type__":"cc.Sprite","node":{"__id__":95},"_spriteFrame":{"__uuid__":"dcWE8CfZ9BCruBxe7ckc8d"},"_sizeMode":2},{"__type__":"cc.Button","node":{"__id__":95},"transition":3,"pressedColor":{"__type__":"cc.Color","r":255,"g":255,"b":255},"zoomScale":1.05,"clickEvents":[{"__type__":"cc.ClickEvent","target":{"__id__":89},"component":"progressSlider","handler":"onClickRightBtn"}],"_N$normalColor":{"__type__":"cc.Color","r":255,"g":255,"b":255},"_N$disabledColor":{"__type__":"cc.Color","r":255,"g":255,"b":255},"_N$normalSprite":{"__uuid__":"f0BIwQ8D5Ml7nTNQbh1YlS"},"_N$pressedSprite":{"__uuid__":"e97GVMl6JHh5Ml5qEDdSGa"},"pressedSprite":{"__uuid__":"e97GVMl6JHh5Ml5qEDdSGa"},"_N$hoverSprite":{"__uuid__":"f0BIwQ8D5Ml7nTNQbh1YlS"},"hoverSprite":{"__uuid__":"f0BIwQ8D5Ml7nTNQbh1YlS"},"_N$disabledSprite":{"__uuid__":"29FYIk+N1GYaeWH/q1NxQO"},"_N$target":{"__id__":95}},{"__type__":"cc.Widget","node":{"__id__":95},"_alignFlags":8,"_left":0.9409712531398271,"_isAbsLeft":false}],"_prefab":{"__type__":"cc.PrefabInfo","root":{"__id__":1},"asset":{"__id__":0},"fileId":"4f6rzzhBNL5LzVjbg46IwK"},"_contentSize":{"__type__":"cc.Size","width":70,"height":70},"_position":{"__type__":"cc.Vec3","x":213.15238626849015},"_scale":{"__type__":"cc.Vec3","x":1,"y":1,"z":1}},{"__type__":"cc.ProgressBar","node":{"__id__":89},"_N$totalLength":100,"_N$barSprite":{"__id__":91}},{"__type__":"cc.Slider","node":{"__id__":89},"slideEvents":[{"__type__":"cc.ClickEvent","target":{"__id__":89},"component":"progressSlider","handler":"onSlider"}],"_N$handle":{"__id__":93},"_N$progress":0.3},{"__type__":"bd1bfXVPRtC24nBjJC2cQPB","node":{"__id__":89},"pProgess":{"__id__":96},"pSlider":{"__id__":97},"slideEvents":[{"__type__":"cc.ClickEvent","target":{"__id__":1},"component":"dlgSetting","handler":"onMusicSlider"}]},{"__type__":"cc.Node","_name":"version_label","_parent":{"__id__":3},"_level":3,"_components":[{"__id__":100}],"_prefab":{"__type__":"cc.PrefabInfo","root":{"__id__":1},"asset":{"__id__":0},"fileId":"1bwCXYlvtGi5yQTsv2Gv97"},"_color":{"__type__":"cc.Color","r":180,"g":131,"b":88},"_contentSize":{"__type__":"cc.Size","width":62.28,"height":28},"_position":{"__type__":"cc.Vec3","x":393,"y":-233},"_scale":{"__type__":"cc.Vec3","x":1,"y":1,"z":1}},{"__type__":"cc.Label","node":{"__id__":99},"_srcBlendFactor":1,"_useOriginalSize":false,"_string":"1.0.0","_N$string":"1.0.0","_fontSize":28,"_lineHeight":28,"_N$horizontalAlign":1,"_N$verticalAlign":1},{"__type__":"cc.Node","_name":"btnDismiss","_parent":{"__id__":3},"_level":3,"_components":[{"__type__":"cc.Sprite","node":{"__id__":101},"_spriteFrame":{"__uuid__":"11nbRyVIBMHKBNIvuU300W"},"_sizeMode":2},{"__type__":"cc.Button","node":{"__id__":101},"transition":3,"pressedColor":{"__type__":"cc.Color","r":255,"g":255,"b":255},"zoomScale":1.1,"clickEvents":[{"__type__":"cc.ClickEvent","target":{"__id__":1},"component":"dlgSetting","handler":"onClickApplyDismiss"}],"_N$normalColor":{"__type__":"cc.Color","r":255,"g":255,"b":255},"_N$disabledColor":{"__type__":"cc.Color","r":255,"g":255,"b":255},"_N$normalSprite":{"__uuid__":"6bYlAeof5A3KFnRLBAbNB+"},"_N$pressedSprite":{"__uuid__":"e97GVMl6JHh5Ml5qEDdSGa"},"pressedSprite":{"__uuid__":"e97GVMl6JHh5Ml5qEDdSGa"},"_N$hoverSprite":{"__uuid__":"f0BIwQ8D5Ml7nTNQbh1YlS"},"hoverSprite":{"__uuid__":"f0BIwQ8D5Ml7nTNQbh1YlS"},"_N$disabledSprite":{"__uuid__":"29FYIk+N1GYaeWH/q1NxQO"},"_N$target":{"__id__":101}}],"_prefab":{"__type__":"cc.PrefabInfo","root":{"__id__":1},"asset":{"__id__":0},"fileId":"e5WC/hpplIr7g6rswC4xfR"},"_contentSize":{"__type__":"cc.Size","width":281,"height":92},"_position":{"__type__":"cc.Vec3","x":-1,"y":-242},"_scale":{"__type__":"cc.Vec3","x":1,"y":1,"z":1}},{"__type__":"cc.Node","_name":"btnLogout","_parent":{"__id__":3},"_level":3,"_components":[{"__type__":"cc.Sprite","node":{"__id__":102},"_spriteFrame":{"__uuid__":"d8U1VxpMxCSqhcWpoWMrO6"},"_sizeMode":2},{"__type__":"cc.Button","node":{"__id__":102},"transition":3,"pressedColor":{"__type__":"cc.Color","r":255,"g":255,"b":255},"zoomScale":1.1,"clickEvents":[{"__type__":"cc.ClickEvent","target":{"__id__":1},"component":"dlgSetting","handler":"onClickLogout"}],"_N$normalColor":{"__type__":"cc.Color","r":255,"g":255,"b":255},"_N$disabledColor":{"__type__":"cc.Color","r":255,"g":255,"b":255},"_N$normalSprite":{"__uuid__":"6bYlAeof5A3KFnRLBAbNB+"},"_N$pressedSprite":{"__uuid__":"e97GVMl6JHh5Ml5qEDdSGa"},"pressedSprite":{"__uuid__":"e97GVMl6JHh5Ml5qEDdSGa"},"_N$hoverSprite":{"__uuid__":"f0BIwQ8D5Ml7nTNQbh1YlS"},"hoverSprite":{"__uuid__":"f0BIwQ8D5Ml7nTNQbh1YlS"},"_N$disabledSprite":{"__uuid__":"29FYIk+N1GYaeWH/q1NxQO"},"_N$target":{"__id__":102}}],"_prefab":{"__type__":"cc.PrefabInfo","root":{"__id__":1},"asset":{"__id__":0},"fileId":"88OMVvdvdEf5xCQtq1zogZ"},"_contentSize":{"__type__":"cc.Size","width":249,"height":92},"_position":{"__type__":"cc.Vec3","x":2,"y":-239},"_scale":{"__type__":"cc.Vec3","x":1,"y":1,"z":1}}],{"__type__":"cc.SpriteFrame","content":{"name":"szjia","texture":"d31hvBG6FBNIpzBB0MkaAf","rect":[0,0,70,70],"offset":[0,0],"originalSize":[70,70],"capInsets":[0,0,0,0]}},{"__type__":"cc.SpriteFrame","content":{"name":"gouxuan","texture":"4a97kqZRxLjpV4T5CpticZ","rect":[2,2,45,46],"offset":[-0.5,0.5],"originalSize":[50,51],"capInsets":[0,0,0,0]}},{"__type__":"cc.SpriteFrame","content":{"name":"default_btn_pressed","texture":"b4P/PCArtIdIH38t6mlw8Y","rect":[0,0,40,40],"offset":[0,0],"originalSize":[40,40],"capInsets":[12,12,12,12]}},{"__type__":"cc.SpriteFrame","content":{"name":"default_btn_normal","texture":"e8Ueib+qJEhL6mXAHdnwbi","rect":[0,0,40,40],"offset":[0,0],"originalSize":[40,40],"capInsets":[12,12,12,12]}},{"__type__":"cc.SpriteFrame","content":{"name":"biaotidi","texture":"baejpY5m1J4LAQVOz83yz4","rect":[0,0,456,76],"offset":[0,0],"originalSize":[456,76],"capInsets":[0,0,0,0]}}]