[{"__type__":"cc.SpriteFrame","content":{"name":"MyOutW4","texture":"cden/ugItCJqcvkaaqSmOm","rect":[372,434,31,46],"offset":[0,0],"originalSize":[31,46],"capInsets":[0,0,0,0]}},{"__type__":"cc.SpriteFrame","content":{"name":"rightPengB7","texture":"cden/ugItCJqcvkaaqSmOm","rect":[304,170,38,34],"offset":[0,0],"originalSize":[38,34],"capInsets":[0,0,0,0]}},{"__type__":"cc.SpriteFrame","content":{"name":"leftPengT8","texture":"cden/ugItCJqcvkaaqSmOm","rect":[114,102,38,34],"offset":[0,0],"originalSize":[38,34],"capInsets":[0,0,0,0]}},{"__type__":"cc.SpriteFrame","content":{"name":"MyholdpengJ2","texture":"cden/ugItCJqcvkaaqSmOm","rect":[0,558,51,78],"offset":[0,0],"originalSize":[51,78],"capInsets":[0,0,0,0]}},{"__type__":"cc.SpriteFrame","content":{"name":"MyOutT9","texture":"cden/ugItCJqcvkaaqSmOm","rect":[124,388,31,46],"offset":[0,0],"originalSize":[31,46],"capInsets":[0,0,0,0]}},{"__type__":"cc.SpriteFrame","content":{"name":"leftPengB8","texture":"cden/ugItCJqcvkaaqSmOm","rect":[228,34,38,34],"offset":[0,0],"originalSize":[38,34],"capInsets":[0,0,0,0]}},{"__type__":"cc.SpriteFrame","content":{"name":"leftPengT3","texture":"cden/ugItCJqcvkaaqSmOm","rect":[380,68,38,34],"offset":[0,0],"originalSize":[38,34],"capInsets":[0,0,0,0]}},{"__type__":"cc.SpriteFrame","content":{"name":"MyHoldB2","texture":"cden/ugItCJqcvkaaqSmOm","rect":[153,954,51,81],"offset":[0,0],"originalSize":[51,81],"capInsets":[0,0,0,0]}},{"__type__":"cc.SpriteFrame","content":{"name":"leftPengF3","texture":"cden/ugItCJqcvkaaqSmOm","rect":[418,0,38,34],"offset":[0,0],"originalSize":[38,34],"capInsets":[0,0,0,0]}},{"__type__":"cc.SpriteFrame","content":{"name":"MyOutB9","texture":"cden/ugItCJqcvkaaqSmOm","rect":[31,388,31,46],"offset":[0,0],"originalSize":[31,46],"capInsets":[0,0,0,0]}},{"__type__":"cc.SpriteFrame","content":{"name":"MyHoldT2","texture":"cden/ugItCJqcvkaaqSmOm","rect":[255,1116,51,81],"offset":[0,0],"originalSize":[51,81],"capInsets":[0,0,0,0]}},{"__type__":"cc.SpriteFrame","content":{"name":"MyOutW1","texture":"cden/ugItCJqcvkaaqSmOm","rect":[217,388,31,46],"offset":[0,0],"originalSize":[31,46],"capInsets":[0,0,0,0]}},{"__type__":"cc.SpriteFrame","content":{"name":"MyHoldJ3","texture":"cden/ugItCJqcvkaaqSmOm","rect":[306,1116,51,81],"offset":[0,0],"originalSize":[51,81],"capInsets":[0,0,0,0]}},{"__type__":"cc.SpriteFrame","content":{"name":"MyUpPengW1","texture":"cden/ugItCJqcvkaaqSmOm","rect":[403,250,31,46],"offset":[0,0],"originalSize":[31,46],"capInsets":[0,0,0,0]}},{"__type__":"cc.SpriteFrame","content":{"name":"MyHoldH5","texture":"cden/ugItCJqcvkaaqSmOm","rect":[306,873,51,81],"offset":[0,0],"originalSize":[51,81],"capInsets":[0,0,0,0]}},{"__type__":"cc.SpriteFrame","content":{"name":"MyUpPengB4","texture":"cden/ugItCJqcvkaaqSmOm","rect":[248,434,31,46],"offset":[0,0],"originalSize":[31,46],"capInsets":[0,0,0,0]}},{"__type__":"cc.SpriteFrame","content":{"name":"MyUpPengT5","texture":"cden/ugItCJqcvkaaqSmOm","rect":[380,204,31,46],"offset":[0,0],"originalSize":[31,46],"capInsets":[0,0,0,0]}},{"__type__":"cc.SpriteFrame","content":{"name":"rightPengT5","texture":"cden/ugItCJqcvkaaqSmOm","rect":[418,102,38,34],"offset":[0,0],"originalSize":[38,34],"capInsets":[0,0,0,0]}},{"__type__":"cc.SpriteFrame","content":{"name":"MyOutT2","texture":"cden/ugItCJqcvkaaqSmOm","rect":[0,342,31,46],"offset":[0,0],"originalSize":[31,46],"capInsets":[0,0,0,0]}},{"__type__":"cc.SpriteFrame","content":{"name":"leftPengT1","texture":"cden/ugItCJqcvkaaqSmOm","rect":[342,34,38,34],"offset":[0,0],"originalSize":[38,34],"capInsets":[0,0,0,0]}},{"__type__":"cc.SpriteFrame","content":{"name":"MyOutB6","texture":"cden/ugItCJqcvkaaqSmOm","rect":[124,342,31,46],"offset":[0,0],"originalSize":[31,46],"capInsets":[0,0,0,0]}},{"__type__":"cc.SpriteFrame","content":{"name":"MyOut_bei","texture":"cden/ugItCJqcvkaaqSmOm","rect":[62,480,31,46],"offset":[0,0],"originalSize":[31,46],"capInsets":[0,0,0,0]}},{"__type__":"cc.SpriteFrame","content":{"name":"Myholdpeng_kong","texture":"cden/ugItCJqcvkaaqSmOm","rect":[204,714,51,78],"offset":[0,0],"originalSize":[51,78],"capInsets":[0,0,0,0]}},{"__type__":"cc.SpriteFrame","content":{"name":"leftPeng_bei","texture":"cden/ugItCJqcvkaaqSmOm","rect":[190,68,38,34],"offset":[0,0],"originalSize":[38,34],"capInsets":[0,0,0,0]}},{"__type__":"cc.SpriteFrame","content":{"name":"rightPengH4","texture":"cden/ugItCJqcvkaaqSmOm","rect":[190,204,38,34],"offset":[0,0],"originalSize":[38,34],"capInsets":[0,0,0,0]}},{"__type__":"cc.SpriteFrame","content":{"name":"leftPengW9","texture":"cden/ugItCJqcvkaaqSmOm","rect":[152,68,38,34],"offset":[0,0],"originalSize":[38,34],"capInsets":[0,0,0,0]}},{"__type__":"cc.SpriteFrame","content":{"name":"MyUpPengW7","texture":"cden/ugItCJqcvkaaqSmOm","rect":[217,250,31,46],"offset":[0,0],"originalSize":[31,46],"capInsets":[0,0,0,0]}},{"__type__":"cc.SpriteFrame","content":{"name":"MyUpPengW9","texture":"cden/ugItCJqcvkaaqSmOm","rect":[341,250,31,46],"offset":[0,0],"originalSize":[31,46],"capInsets":[0,0,0,0]}},{"__type__":"cc.SpriteFrame","content":{"name":"MyUpPengB9","texture":"cden/ugItCJqcvkaaqSmOm","rect":[248,388,31,46],"offset":[0,0],"originalSize":[31,46],"capInsets":[0,0,0,0]}},{"__type__":"cc.SpriteFrame","content":{"name":"MyUpPengT2","texture":"cden/ugItCJqcvkaaqSmOm","rect":[124,250,31,46],"offset":[0,0],"originalSize":[31,46],"capInsets":[0,0,0,0]}},{"__type__":"cc.SpriteFrame","content":{"name":"rightPengB5","texture":"cden/ugItCJqcvkaaqSmOm","rect":[418,170,38,34],"offset":[0,0],"originalSize":[38,34],"capInsets":[0,0,0,0]}},{"__type__":"cc.SpriteFrame","content":{"name":"MyHoldW3","texture":"cden/ugItCJqcvkaaqSmOm","rect":[204,1035,51,81],"offset":[0,0],"originalSize":[51,81],"capInsets":[0,0,0,0]}},{"__type__":"cc.SpriteFrame","content":{"name":"Myholdpeng_bei","texture":"cden/ugItCJqcvkaaqSmOm","rect":[306,714,51,78],"offset":[0,0],"originalSize":[51,78],"capInsets":[0,0,0,0]}},{"__type__":"cc.SpriteFrame","content":{"name":"MyHoldW8","texture":"cden/ugItCJqcvkaaqSmOm","rect":[408,1035,51,81],"offset":[0,0],"originalSize":[51,81],"capInsets":[0,0,0,0]}},{"__type__":"cc.SpriteFrame","content":{"name":"MyOutW2","texture":"cden/ugItCJqcvkaaqSmOm","rect":[341,434,31,46],"offset":[0,0],"originalSize":[31,46],"capInsets":[0,0,0,0]}},{"__type__":"cc.SpriteFrame","content":{"name":"leftPengB7","texture":"cden/ugItCJqcvkaaqSmOm","rect":[152,34,38,34],"offset":[0,0],"originalSize":[38,34],"capInsets":[0,0,0,0]}},{"__type__":"cc.SpriteFrame","content":{"name":"MyUpPengT4","texture":"cden/ugItCJqcvkaaqSmOm","rect":[473,204,31,46],"offset":[0,0],"originalSize":[31,46],"capInsets":[0,0,0,0]}},{"__type__":"cc.SpriteFrame","content":{"name":"MyholdpengH6","texture":"cden/ugItCJqcvkaaqSmOm","rect":[51,558,51,78],"offset":[0,0],"originalSize":[51,78],"capInsets":[0,0,0,0]}},{"__type__":"cc.SpriteFrame","content":{"name":"bao","texture":"cden/ugItCJqcvkaaqSmOm","rect":[0,1035,51,81],"offset":[0,0],"originalSize":[51,81],"capInsets":[0,0,0,0]}},{"__type__":"cc.SpriteFrame","content":{"name":"MyholdpengF1","texture":"cden/ugItCJqcvkaaqSmOm","rect":[153,636,51,78],"offset":[0,0],"originalSize":[51,78],"capInsets":[0,0,0,0]}},{"__type__":"cc.SpriteFrame","content":{"name":"MyUpPengB1","texture":"cden/ugItCJqcvkaaqSmOm","rect":[62,296,31,46],"offset":[0,0],"originalSize":[31,46],"capInsets":[0,0,0,0]}},{"__type__":"cc.SpriteFrame","content":{"name":"MyHold_kong","texture":"cden/ugItCJqcvkaaqSmOm","rect":[51,1116,51,81],"offset":[0,0],"originalSize":[51,81],"capInsets":[0,0,0,0]}},{"__type__":"cc.SpriteFrame","content":{"name":"MyOutF1","texture":"cden/ugItCJqcvkaaqSmOm","rect":[93,388,31,46],"offset":[0,0],"originalSize":[31,46],"capInsets":[0,0,0,0]}},{"__type__":"cc.SpriteFrame","content":{"name":"MyHoldH1","texture":"cden/ugItCJqcvkaaqSmOm","rect":[459,792,51,81],"offset":[0,0],"originalSize":[51,81],"capInsets":[0,0,0,0]}},{"__type__":"cc.SpriteFrame","content":{"name":"MyUpPengW2","texture":"cden/ugItCJqcvkaaqSmOm","rect":[465,250,31,46],"offset":[0,0],"originalSize":[31,46],"capInsets":[0,0,0,0]}},{"__type__":"cc.SpriteFrame","content":{"name":"MyHoldW1","texture":"cden/ugItCJqcvkaaqSmOm","rect":[204,1116,51,81],"offset":[0,0],"originalSize":[51,81],"capInsets":[0,0,0,0]}},{"__type__":"cc.SpriteFrame","content":{"name":"MyholdpengB7","texture":"cden/ugItCJqcvkaaqSmOm","rect":[102,636,51,78],"offset":[0,0],"originalSize":[51,78],"capInsets":[0,0,0,0]}},{"__type__":"cc.SpriteFrame","content":{"name":"MyOutH2","texture":"cden/ugItCJqcvkaaqSmOm","rect":[372,342,31,46],"offset":[0,0],"originalSize":[31,46],"capInsets":[0,0,0,0]}},{"__type__":"cc.SpriteFrame","content":{"name":"MyOutW3","texture":"cden/ugItCJqcvkaaqSmOm","rect":[310,434,31,46],"offset":[0,0],"originalSize":[31,46],"capInsets":[0,0,0,0]}},{"__type__":"cc.SpriteFrame","content":{"name":"MyOutW5","texture":"cden/ugItCJqcvkaaqSmOm","rect":[279,434,31,46],"offset":[0,0],"originalSize":[31,46],"capInsets":[0,0,0,0]}},{"__type__":"cc.SpriteFrame","content":{"name":"rightPengW2","texture":"cden/ugItCJqcvkaaqSmOm","rect":[38,170,38,34],"offset":[0,0],"originalSize":[38,34],"capInsets":[0,0,0,0]}},{"__type__":"cc.SpriteFrame","content":{"name":"MyHoldJ1","texture":"cden/ugItCJqcvkaaqSmOm","rect":[408,954,51,81],"offset":[0,0],"originalSize":[51,81],"capInsets":[0,0,0,0]}},{"__type__":"cc.SpriteFrame","content":{"name":"MyOutT4","texture":"cden/ugItCJqcvkaaqSmOm","rect":[31,342,31,46],"offset":[0,0],"originalSize":[31,46],"capInsets":[0,0,0,0]}},{"__type__":"cc.SpriteFrame","content":{"name":"rightPengH7","texture":"cden/ugItCJqcvkaaqSmOm","rect":[152,204,38,34],"offset":[0,0],"originalSize":[38,34],"capInsets":[0,0,0,0]}},{"__type__":"cc.SpriteFrame","content":{"name":"MyOutJ3","texture":"cden/ugItCJqcvkaaqSmOm","rect":[310,296,31,46],"offset":[0,0],"originalSize":[31,46],"capInsets":[0,0,0,0]}},{"__type__":"cc.SpriteFrame","content":{"name":"rightPengB2","texture":"cden/ugItCJqcvkaaqSmOm","rect":[152,136,38,34],"offset":[0,0],"originalSize":[38,34],"capInsets":[0,0,0,0]}},{"__type__":"cc.SpriteFrame","content":{"name":"rightPengW4","texture":"cden/ugItCJqcvkaaqSmOm","rect":[418,136,38,34],"offset":[0,0],"originalSize":[38,34],"capInsets":[0,0,0,0]}},{"__type__":"cc.SpriteFrame","content":{"name":"MyholdpengH7","texture":"cden/ugItCJqcvkaaqSmOm","rect":[153,558,51,78],"offset":[0,0],"originalSize":[51,78],"capInsets":[0,0,0,0]}},{"__type__":"cc.SpriteFrame","content":{"name":"rightPeng_bei","texture":"cden/ugItCJqcvkaaqSmOm","rect":[190,136,38,34],"offset":[0,0],"originalSize":[38,34],"capInsets":[0,0,0,0]}},{"__type__":"cc.SpriteFrame","content":{"name":"leftPengB1","texture":"cden/ugItCJqcvkaaqSmOm","rect":[228,136,38,34],"offset":[0,0],"originalSize":[38,34],"capInsets":[0,0,0,0]}},{"__type__":"cc.SpriteFrame","content":{"name":"MyholdpengW1","texture":"cden/ugItCJqcvkaaqSmOm","rect":[204,792,51,78],"offset":[0,0],"originalSize":[51,78],"capInsets":[0,0,0,0]}},{"__type__":"cc.SpriteFrame","content":{"name":"MyUpHold","texture":"cden/ugItCJqcvkaaqSmOm","rect":[0,480,31,46],"offset":[0,0],"originalSize":[31,46],"capInsets":[0,0,0,0]}},{"__type__":"cc.SpriteFrame","content":{"name":"MyholdpengB8","texture":"cden/ugItCJqcvkaaqSmOm","rect":[204,636,51,78],"offset":[0,0],"originalSize":[51,78],"capInsets":[0,0,0,0]}},{"__type__":"cc.SpriteFrame","content":{"name":"MyOutT8","texture":"cden/ugItCJqcvkaaqSmOm","rect":[341,296,31,46],"offset":[0,0],"originalSize":[31,46],"capInsets":[0,0,0,0]}},{"__type__":"cc.SpriteFrame","content":{"name":"MyholdpengW7","texture":"cden/ugItCJqcvkaaqSmOm","rect":[51,714,51,78],"offset":[0,0],"originalSize":[51,78],"capInsets":[0,0,0,0]}},{"__type__":"cc.SpriteFrame","content":{"name":"MyholdpengT7","texture":"cden/ugItCJqcvkaaqSmOm","rect":[255,792,51,78],"offset":[0,0],"originalSize":[51,78],"capInsets":[0,0,0,0]}},{"__type__":"cc.SpriteFrame","content":{"name":"MyUpPengF1","texture":"cden/ugItCJqcvkaaqSmOm","rect":[186,388,31,46],"offset":[0,0],"originalSize":[31,46],"capInsets":[0,0,0,0]}},{"__type__":"cc.SpriteFrame","content":{"name":"rightPengB4","texture":"cden/ugItCJqcvkaaqSmOm","rect":[342,170,38,34],"offset":[0,0],"originalSize":[38,34],"capInsets":[0,0,0,0]}},{"__type__":"cc.SpriteFrame","content":{"name":"MyHoldH6","texture":"cden/ugItCJqcvkaaqSmOm","rect":[357,873,51,81],"offset":[0,0],"originalSize":[51,81],"capInsets":[0,0,0,0]}},{"__type__":"cc.SpriteFrame","content":{"name":"MyholdpengT5","texture":"cden/ugItCJqcvkaaqSmOm","rect":[459,714,51,78],"offset":[0,0],"originalSize":[51,78],"capInsets":[0,0,0,0]}},{"__type__":"cc.SpriteFrame","content":{"name":"MyHoldH3","texture":"cden/ugItCJqcvkaaqSmOm","rect":[51,873,51,81],"offset":[0,0],"originalSize":[51,81],"capInsets":[0,0,0,0]}},{"__type__":"cc.SpriteFrame","content":{"name":"MyOutB8","texture":"cden/ugItCJqcvkaaqSmOm","rect":[434,342,31,46],"offset":[0,0],"originalSize":[31,46],"capInsets":[0,0,0,0]}},{"__type__":"cc.SpriteFrame","content":{"name":"MyOutH7","texture":"cden/ugItCJqcvkaaqSmOm","rect":[279,296,31,46],"offset":[0,0],"originalSize":[31,46],"capInsets":[0,0,0,0]}},{"__type__":"cc.SpriteFrame","content":{"name":"leftPengT2","texture":"cden/ugItCJqcvkaaqSmOm","rect":[342,68,38,34],"offset":[0,0],"originalSize":[38,34],"capInsets":[0,0,0,0]}},{"__type__":"cc.SpriteFrame","content":{"name":"MyOutH1","texture":"cden/ugItCJqcvkaaqSmOm","rect":[403,342,31,46],"offset":[0,0],"originalSize":[31,46],"capInsets":[0,0,0,0]}},{"__type__":"cc.SpriteFrame","content":{"name":"MyUpPengH4","texture":"cden/ugItCJqcvkaaqSmOm","rect":[31,434,31,46],"offset":[0,0],"originalSize":[31,46],"capInsets":[0,0,0,0]}},{"__type__":"cc.SpriteFrame","content":{"name":"MyUpPengH1","texture":"cden/ugItCJqcvkaaqSmOm","rect":[62,434,31,46],"offset":[0,0],"originalSize":[31,46],"capInsets":[0,0,0,0]}},{"__type__":"cc.SpriteFrame","content":{"name":"MyholdpengT9","texture":"cden/ugItCJqcvkaaqSmOm","rect":[306,792,51,78],"offset":[0,0],"originalSize":[51,78],"capInsets":[0,0,0,0]}},{"__type__":"cc.SpriteFrame","content":{"name":"MyHoldF3","texture":"cden/ugItCJqcvkaaqSmOm","rect":[153,873,51,81],"offset":[0,0],"originalSize":[51,81],"capInsets":[0,0,0,0]}},{"__type__":"cc.SpriteFrame","content":{"name":"MyHoldT9","texture":"cden/ugItCJqcvkaaqSmOm","rect":[459,1116,51,81],"offset":[0,0],"originalSize":[51,81],"capInsets":[0,0,0,0]}},{"__type__":"cc.SpriteFrame","content":{"name":"MyHoldB6","texture":"cden/ugItCJqcvkaaqSmOm","rect":[306,954,51,81],"offset":[0,0],"originalSize":[51,81],"capInsets":[0,0,0,0]}},{"__type__":"cc.SpriteFrame","content":{"name":"leftPengH4","texture":"cden/ugItCJqcvkaaqSmOm","rect":[38,0,38,34],"offset":[0,0],"originalSize":[38,34],"capInsets":[0,0,0,0]}},{"__type__":"cc.SpriteFrame","content":{"name":"MyholdpengB3","texture":"cden/ugItCJqcvkaaqSmOm","rect":[160,480,51,78],"offset":[0,0],"originalSize":[51,78],"capInsets":[0,0,0,0]}},{"__type__":"cc.SpriteFrame","content":{"name":"MyholdpengF2","texture":"cden/ugItCJqcvkaaqSmOm","rect":[51,636,51,78],"offset":[0,0],"originalSize":[51,78],"capInsets":[0,0,0,0]}},{"__type__":"cc.SpriteFrame","content":{"name":"MyHoldT3","texture":"cden/ugItCJqcvkaaqSmOm","rect":[153,1116,51,81],"offset":[0,0],"originalSize":[51,81],"capInsets":[0,0,0,0]}},{"__type__":"cc.SpriteFrame","content":{"name":"MyUpPengB6","texture":"cden/ugItCJqcvkaaqSmOm","rect":[310,388,31,46],"offset":[0,0],"originalSize":[31,46],"capInsets":[0,0,0,0]}},{"__type__":"cc.SpriteFrame","content":{"name":"MyOutW8","texture":"cden/ugItCJqcvkaaqSmOm","rect":[403,434,31,46],"offset":[0,0],"originalSize":[31,46],"capInsets":[0,0,0,0]}},{"__type__":"cc.SpriteFrame","content":{"name":"MyUpPengW3","texture":"cden/ugItCJqcvkaaqSmOm","rect":[31,296,31,46],"offset":[0,0],"originalSize":[31,46],"capInsets":[0,0,0,0]}},{"__type__":"cc.SpriteFrame","content":{"name":"leftPengW8","texture":"cden/ugItCJqcvkaaqSmOm","rect":[76,68,38,34],"offset":[0,0],"originalSize":[38,34],"capInsets":[0,0,0,0]}},{"__type__":"cc.SpriteFrame","content":{"name":"MyOutW6","texture":"cden/ugItCJqcvkaaqSmOm","rect":[217,434,31,46],"offset":[0,0],"originalSize":[31,46],"capInsets":[0,0,0,0]}},{"__type__":"cc.SpriteFrame","content":{"name":"MyOutH8","texture":"cden/ugItCJqcvkaaqSmOm","rect":[186,296,31,46],"offset":[0,0],"originalSize":[31,46],"capInsets":[0,0,0,0]}},{"__type__":"cc.SpriteFrame","content":{"name":"leftPengH5","texture":"cden/ugItCJqcvkaaqSmOm","rect":[152,0,38,34],"offset":[0,0],"originalSize":[38,34],"capInsets":[0,0,0,0]}},{"__type__":"cc.SpriteFrame","content":{"name":"MyUpPengJ2","texture":"cden/ugItCJqcvkaaqSmOm","rect":[0,250,31,46],"offset":[0,0],"originalSize":[31,46],"capInsets":[0,0,0,0]}},{"__type__":"cc.SpriteFrame","content":{"name":"MyOutH6","texture":"cden/ugItCJqcvkaaqSmOm","rect":[217,296,31,46],"offset":[0,0],"originalSize":[31,46],"capInsets":[0,0,0,0]}},{"__type__":"cc.SpriteFrame","content":{"name":"rightPengJ3","texture":"cden/ugItCJqcvkaaqSmOm","rect":[190,102,38,34],"offset":[0,0],"originalSize":[38,34],"capInsets":[0,0,0,0]}},{"__type__":"cc.SpriteFrame","content":{"name":"MyholdpengJ1","texture":"cden/ugItCJqcvkaaqSmOm","rect":[102,558,51,78],"offset":[0,0],"originalSize":[51,78],"capInsets":[0,0,0,0]}},{"__type__":"cc.SpriteFrame","content":{"name":"MyholdpengB1","texture":"cden/ugItCJqcvkaaqSmOm","rect":[357,714,51,78],"offset":[0,0],"originalSize":[51,78],"capInsets":[0,0,0,0]}},{"__type__":"cc.SpriteFrame","content":{"name":"MyholdpengH8","texture":"cden/ugItCJqcvkaaqSmOm","rect":[204,558,51,78],"offset":[0,0],"originalSize":[51,78],"capInsets":[0,0,0,0]}},{"__type__":"cc.SpriteFrame","content":{"name":"MyholdpengW6","texture":"cden/ugItCJqcvkaaqSmOm","rect":[408,636,51,78],"offset":[0,0],"originalSize":[51,78],"capInsets":[0,0,0,0]}},{"__type__":"cc.SpriteFrame","content":{"name":"MyUpPengH7","texture":"cden/ugItCJqcvkaaqSmOm","rect":[403,388,31,46],"offset":[0,0],"originalSize":[31,46],"capInsets":[0,0,0,0]}},{"__type__":"cc.SpriteFrame","content":{"name":"rightPengT9","texture":"cden/ugItCJqcvkaaqSmOm","rect":[266,102,38,34],"offset":[0,0],"originalSize":[38,34],"capInsets":[0,0,0,0]}},{"__type__":"cc.SpriteFrame","content":{"name":"rightPengW8","texture":"cden/ugItCJqcvkaaqSmOm","rect":[304,136,38,34],"offset":[0,0],"originalSize":[38,34],"capInsets":[0,0,0,0]}},{"__type__":"cc.SpriteFrame","content":{"name":"MyHoldH7","texture":"cden/ugItCJqcvkaaqSmOm","rect":[255,873,51,81],"offset":[0,0],"originalSize":[51,81],"capInsets":[0,0,0,0]}},{"__type__":"cc.SpriteFrame","content":{"name":"MyHoldT7","texture":"cden/ugItCJqcvkaaqSmOm","rect":[153,1197,51,81],"offset":[0,0],"originalSize":[51,81],"capInsets":[0,0,0,0]}},{"__type__":"cc.SpriteFrame","content":{"name":"rightPengW3","texture":"cden/ugItCJqcvkaaqSmOm","rect":[342,136,38,34],"offset":[0,0],"originalSize":[38,34],"capInsets":[0,0,0,0]}},{"__type__":"cc.SpriteFrame","content":{"name":"MyholdpengB2","texture":"cden/ugItCJqcvkaaqSmOm","rect":[408,558,51,78],"offset":[0,0],"originalSize":[51,78],"capInsets":[0,0,0,0]}},{"__type__":"cc.SpriteFrame","content":{"name":"MyHoldT5","texture":"cden/ugItCJqcvkaaqSmOm","rect":[0,1197,51,81],"offset":[0,0],"originalSize":[51,81],"capInsets":[0,0,0,0]}},{"__type__":"cc.SpriteFrame","content":{"name":"leftPengT6","texture":"cden/ugItCJqcvkaaqSmOm","rect":[0,102,38,34],"offset":[0,0],"originalSize":[38,34],"capInsets":[0,0,0,0]}},{"__type__":"cc.SpriteFrame","content":{"name":"leftPengW3","texture":"cden/ugItCJqcvkaaqSmOm","rect":[228,68,38,34],"offset":[0,0],"originalSize":[38,34],"capInsets":[0,0,0,0]}},{"__type__":"cc.SpriteFrame","content":{"name":"leftPengB9","texture":"cden/ugItCJqcvkaaqSmOm","rect":[266,34,38,34],"offset":[0,0],"originalSize":[38,34],"capInsets":[0,0,0,0]}},{"__type__":"cc.SpriteFrame","content":{"name":"rightPengF3","texture":"cden/ugItCJqcvkaaqSmOm","rect":[76,170,38,34],"offset":[0,0],"originalSize":[38,34],"capInsets":[0,0,0,0]}},{"__type__":"cc.SpriteFrame","content":{"name":"leftPengT9","texture":"cden/ugItCJqcvkaaqSmOm","rect":[38,102,38,34],"offset":[0,0],"originalSize":[38,34],"capInsets":[0,0,0,0]}},{"__type__":"cc.SpriteFrame","content":{"name":"rightPengW6","texture":"cden/ugItCJqcvkaaqSmOm","rect":[456,136,38,34],"offset":[0,0],"originalSize":[38,34],"capInsets":[0,0,0,0]}},{"__type__":"cc.SpriteFrame","content":{"name":"rightPengH3","texture":"cden/ugItCJqcvkaaqSmOm","rect":[342,204,38,34],"offset":[0,0],"originalSize":[38,34],"capInsets":[0,0,0,0]}},{"__type__":"cc.SpriteFrame","content":{"name":"leftPengW7","texture":"cden/ugItCJqcvkaaqSmOm","rect":[0,68,38,34],"offset":[0,0],"originalSize":[38,34],"capInsets":[0,0,0,0]}},{"__type__":"cc.SpriteFrame","content":{"name":"MyHoldW7","texture":"cden/ugItCJqcvkaaqSmOm","rect":[306,1035,51,81],"offset":[0,0],"originalSize":[51,81],"capInsets":[0,0,0,0]}},{"__type__":"cc.SpriteFrame","content":{"name":"MyHoldH4","texture":"cden/ugItCJqcvkaaqSmOm","rect":[102,873,51,81],"offset":[0,0],"originalSize":[51,81],"capInsets":[0,0,0,0]}},{"__type__":"cc.SpriteFrame","content":{"name":"MyholdpengH3","texture":"cden/ugItCJqcvkaaqSmOm","rect":[364,480,51,78],"offset":[0,0],"originalSize":[51,78],"capInsets":[0,0,0,0]}},{"__type__":"cc.SpriteFrame","content":{"name":"leftPengH7","texture":"cden/ugItCJqcvkaaqSmOm","rect":[304,0,38,34],"offset":[0,0],"originalSize":[38,34],"capInsets":[0,0,0,0]}},{"__type__":"cc.SpriteFrame","content":{"name":"MyholdpengB6","texture":"cden/ugItCJqcvkaaqSmOm","rect":[0,636,51,78],"offset":[0,0],"originalSize":[51,78],"capInsets":[0,0,0,0]}},{"__type__":"cc.SpriteFrame","content":{"name":"MyUpPengF3","texture":"cden/ugItCJqcvkaaqSmOm","rect":[372,388,31,46],"offset":[0,0],"originalSize":[31,46],"capInsets":[0,0,0,0]}},{"__type__":"cc.SpriteFrame","content":{"name":"MyUpPengT8","texture":"cden/ugItCJqcvkaaqSmOm","rect":[31,250,31,46],"offset":[0,0],"originalSize":[31,46],"capInsets":[0,0,0,0]}},{"__type__":"cc.SpriteFrame","content":{"name":"MyHoldB5","texture":"cden/ugItCJqcvkaaqSmOm","rect":[204,954,51,81],"offset":[0,0],"originalSize":[51,81],"capInsets":[0,0,0,0]}},{"__type__":"cc.SpriteFrame","content":{"name":"MyOutF4","texture":"cden/ugItCJqcvkaaqSmOm","rect":[465,342,31,46],"offset":[0,0],"originalSize":[31,46],"capInsets":[0,0,0,0]}},{"__type__":"cc.SpriteFrame","content":{"name":"MyUpPengB8","texture":"cden/ugItCJqcvkaaqSmOm","rect":[341,388,31,46],"offset":[0,0],"originalSize":[31,46],"capInsets":[0,0,0,0]}},{"__type__":"cc.SpriteFrame","content":{"name":"MyholdpengB4","texture":"cden/ugItCJqcvkaaqSmOm","rect":[459,558,51,78],"offset":[0,0],"originalSize":[51,78],"capInsets":[0,0,0,0]}},{"__type__":"cc.SpriteFrame","content":{"name":"MyOutT7","texture":"cden/ugItCJqcvkaaqSmOm","rect":[372,296,31,46],"offset":[0,0],"originalSize":[31,46],"capInsets":[0,0,0,0]}},{"__type__":"cc.SpriteFrame","content":{"name":"leftPengH1","texture":"cden/ugItCJqcvkaaqSmOm","rect":[380,0,38,34],"offset":[0,0],"originalSize":[38,34],"capInsets":[0,0,0,0]}},{"__type__":"cc.SpriteFrame","content":{"name":"MyUpPengH6","texture":"cden/ugItCJqcvkaaqSmOm","rect":[434,388,31,46],"offset":[0,0],"originalSize":[31,46],"capInsets":[0,0,0,0]}},{"__type__":"cc.SpriteFrame","content":{"name":"leftPengB3","texture":"cden/ugItCJqcvkaaqSmOm","rect":[0,34,38,34],"offset":[0,0],"originalSize":[38,34],"capInsets":[0,0,0,0]}},{"__type__":"cc.SpriteFrame","content":{"name":"MyOutB1","texture":"cden/ugItCJqcvkaaqSmOm","rect":[279,342,31,46],"offset":[0,0],"originalSize":[31,46],"capInsets":[0,0,0,0]}},{"__type__":"cc.SpriteFrame","content":{"name":"MyHoldB9","texture":"cden/ugItCJqcvkaaqSmOm","rect":[357,954,51,81],"offset":[0,0],"originalSize":[51,81],"capInsets":[0,0,0,0]}},{"__type__":"cc.SpriteFrame","content":{"name":"rightPengB6","texture":"cden/ugItCJqcvkaaqSmOm","rect":[380,170,38,34],"offset":[0,0],"originalSize":[38,34],"capInsets":[0,0,0,0]}},{"__type__":"cc.SpriteFrame","content":{"name":"MyUpPengH5","texture":"cden/ugItCJqcvkaaqSmOm","rect":[0,434,31,46],"offset":[0,0],"originalSize":[31,46],"capInsets":[0,0,0,0]}},{"__type__":"cc.SpriteFrame","content":{"name":"MyOutW9","texture":"cden/ugItCJqcvkaaqSmOm","rect":[31,480,31,46],"offset":[0,0],"originalSize":[31,46],"capInsets":[0,0,0,0]}},{"__type__":"cc.SpriteFrame","content":{"name":"leftPengT5","texture":"cden/ugItCJqcvkaaqSmOm","rect":[418,68,38,34],"offset":[0,0],"originalSize":[38,34],"capInsets":[0,0,0,0]}},{"__type__":"cc.SpriteFrame","content":{"name":"rightPengH8","texture":"cden/ugItCJqcvkaaqSmOm","rect":[114,204,38,34],"offset":[0,0],"originalSize":[38,34],"capInsets":[0,0,0,0]}},{"__type__":"cc.SpriteFrame","content":{"name":"rightPengF4","texture":"cden/ugItCJqcvkaaqSmOm","rect":[266,204,38,34],"offset":[0,0],"originalSize":[38,34],"capInsets":[0,0,0,0]}},{"__type__":"cc.SpriteFrame","content":{"name":"rightPengW7","texture":"cden/ugItCJqcvkaaqSmOm","rect":[380,136,38,34],"offset":[0,0],"originalSize":[38,34],"capInsets":[0,0,0,0]}},{"__type__":"cc.SpriteFrame","content":{"name":"MyOutB5","texture":"cden/ugItCJqcvkaaqSmOm","rect":[155,342,31,46],"offset":[0,0],"originalSize":[31,46],"capInsets":[0,0,0,0]}},{"__type__":"cc.SpriteFrame","content":{"name":"leftPengH2","texture":"cden/ugItCJqcvkaaqSmOm","rect":[76,0,38,34],"offset":[0,0],"originalSize":[38,34],"capInsets":[0,0,0,0]}},{"__type__":"cc.SpriteFrame","content":{"name":"MyUpPengH3","texture":"cden/ugItCJqcvkaaqSmOm","rect":[93,434,31,46],"offset":[0,0],"originalSize":[31,46],"capInsets":[0,0,0,0]}},{"__type__":"cc.SpriteFrame","content":{"name":"MyUpPeng_kong","texture":"cden/ugItCJqcvkaaqSmOm","rect":[310,250,31,46],"offset":[0,0],"originalSize":[31,46],"capInsets":[0,0,0,0]}},{"__type__":"cc.SpriteFrame","content":{"name":"MyOutT5","texture":"cden/ugItCJqcvkaaqSmOm","rect":[465,296,31,46],"offset":[0,0],"originalSize":[31,46],"capInsets":[0,0,0,0]}},{"__type__":"cc.SpriteFrame","content":{"name":"MyHoldW4","texture":"cden/ugItCJqcvkaaqSmOm","rect":[255,1035,51,81],"offset":[0,0],"originalSize":[51,81],"capInsets":[0,0,0,0]}},{"__type__":"cc.SpriteFrame","content":{"name":"MyUpPengB3","texture":"cden/ugItCJqcvkaaqSmOm","rect":[434,434,31,46],"offset":[0,0],"originalSize":[31,46],"capInsets":[0,0,0,0]}},{"__type__":"cc.SpriteFrame","content":{"name":"MyholdpengB5","texture":"cden/ugItCJqcvkaaqSmOm","rect":[357,558,51,78],"offset":[0,0],"originalSize":[51,78],"capInsets":[0,0,0,0]}},{"__type__":"cc.SpriteFrame","content":{"name":"MyOutF3","texture":"cden/ugItCJqcvkaaqSmOm","rect":[0,388,31,46],"offset":[0,0],"originalSize":[31,46],"capInsets":[0,0,0,0]}},{"__type__":"cc.SpriteFrame","content":{"name":"leftPengF4","texture":"cden/ugItCJqcvkaaqSmOm","rect":[152,102,38,34],"offset":[0,0],"originalSize":[38,34],"capInsets":[0,0,0,0]}},{"__type__":"cc.SpriteFrame","content":{"name":"leftPengJ3","texture":"cden/ugItCJqcvkaaqSmOm","rect":[304,34,38,34],"offset":[0,0],"originalSize":[38,34],"capInsets":[0,0,0,0]}},{"__type__":"cc.SpriteFrame","content":{"name":"leftPengH6","texture":"cden/ugItCJqcvkaaqSmOm","rect":[228,0,38,34],"offset":[0,0],"originalSize":[38,34],"capInsets":[0,0,0,0]}},{"__type__":"cc.SpriteFrame","content":{"name":"leftPengB4","texture":"cden/ugItCJqcvkaaqSmOm","rect":[38,34,38,34],"offset":[0,0],"originalSize":[38,34],"capInsets":[0,0,0,0]}},{"__type__":"cc.SpriteFrame","content":{"name":"leftPengW4","texture":"cden/ugItCJqcvkaaqSmOm","rect":[418,34,38,34],"offset":[0,0],"originalSize":[38,34],"capInsets":[0,0,0,0]}},{"__type__":"cc.SpriteFrame","content":{"name":"leftPengB6","texture":"cden/ugItCJqcvkaaqSmOm","rect":[76,34,38,34],"offset":[0,0],"originalSize":[38,34],"capInsets":[0,0,0,0]}},{"__type__":"cc.SpriteFrame","content":{"name":"rightPengW1","texture":"cden/ugItCJqcvkaaqSmOm","rect":[76,136,38,34],"offset":[0,0],"originalSize":[38,34],"capInsets":[0,0,0,0]}},{"__type__":"cc.SpriteFrame","content":{"name":"MyholdpengW4","texture":"cden/ugItCJqcvkaaqSmOm","rect":[459,636,51,78],"offset":[0,0],"originalSize":[51,78],"capInsets":[0,0,0,0]}},{"__type__":"cc.SpriteFrame","content":{"name":"MyUpPengW8","texture":"cden/ugItCJqcvkaaqSmOm","rect":[279,250,31,46],"offset":[0,0],"originalSize":[31,46],"capInsets":[0,0,0,0]}},{"__type__":"cc.SpriteFrame","content":{"name":"MyholdpengH5","texture":"cden/ugItCJqcvkaaqSmOm","rect":[415,480,51,78],"offset":[0,0],"originalSize":[51,78],"capInsets":[0,0,0,0]}},{"__type__":"cc.SpriteFrame","content":{"name":"MyOutB2","texture":"cden/ugItCJqcvkaaqSmOm","rect":[248,342,31,46],"offset":[0,0],"originalSize":[31,46],"capInsets":[0,0,0,0]}},{"__type__":"cc.SpriteFrame","content":{"name":"MyholdpengT3","texture":"cden/ugItCJqcvkaaqSmOm","rect":[0,792,51,78],"offset":[0,0],"originalSize":[51,78],"capInsets":[0,0,0,0]}},{"__type__":"cc.SpriteFrame","content":{"name":"rightPengT7","texture":"cden/ugItCJqcvkaaqSmOm","rect":[228,102,38,34],"offset":[0,0],"originalSize":[38,34],"capInsets":[0,0,0,0]}},{"__type__":"cc.SpriteFrame","content":{"name":"MyholdpengW5","texture":"cden/ugItCJqcvkaaqSmOm","rect":[0,714,51,78],"offset":[0,0],"originalSize":[51,78],"capInsets":[0,0,0,0]}},{"__type__":"cc.SpriteFrame","content":{"name":"leftPengF1","texture":"cden/ugItCJqcvkaaqSmOm","rect":[190,34,38,34],"offset":[0,0],"originalSize":[38,34],"capInsets":[0,0,0,0]}},{"__type__":"cc.SpriteFrame","content":{"name":"MyUpPengW4","texture":"cden/ugItCJqcvkaaqSmOm","rect":[186,250,31,46],"offset":[0,0],"originalSize":[31,46],"capInsets":[0,0,0,0]}},{"__type__":"cc.SpriteFrame","content":{"name":"bao2","texture":"cden/ugItCJqcvkaaqSmOm","rect":[459,1035,51,81],"offset":[0,0],"originalSize":[51,81],"capInsets":[0,0,0,0]}},{"__type__":"cc.SpriteFrame","content":{"name":"rightPengT4","texture":"cden/ugItCJqcvkaaqSmOm","rect":[0,136,38,34],"offset":[0,0],"originalSize":[38,34],"capInsets":[0,0,0,0]}},{"__type__":"cc.SpriteFrame","content":{"name":"MyOutT1","texture":"cden/ugItCJqcvkaaqSmOm","rect":[403,296,31,46],"offset":[0,0],"originalSize":[31,46],"capInsets":[0,0,0,0]}},{"__type__":"cc.SpriteFrame","content":{"name":"leftPengB5","texture":"cden/ugItCJqcvkaaqSmOm","rect":[456,0,38,34],"offset":[0,0],"originalSize":[38,34],"capInsets":[0,0,0,0]}},{"__type__":"cc.SpriteFrame","content":{"name":"rightPengB8","texture":"cden/ugItCJqcvkaaqSmOm","rect":[228,170,38,34],"offset":[0,0],"originalSize":[38,34],"capInsets":[0,0,0,0]}},{"__type__":"cc.SpriteFrame","content":{"name":"MyUpPengT1","texture":"cden/ugItCJqcvkaaqSmOm","rect":[155,250,31,46],"offset":[0,0],"originalSize":[31,46],"capInsets":[0,0,0,0]}},{"__type__":"cc.SpriteFrame","content":{"name":"MyHold","texture":"cden/ugItCJqcvkaaqSmOm","rect":[357,1035,51,81],"offset":[0,0],"originalSize":[51,81],"capInsets":[0,0,0,0]}},{"__type__":"cc.SpriteFrame","content":{"name":"MyHoldW2","texture":"cden/ugItCJqcvkaaqSmOm","rect":[102,1116,51,81],"offset":[0,0],"originalSize":[51,81],"capInsets":[0,0,0,0]}},{"__type__":"cc.SpriteFrame","content":{"name":"leftPeng_kong","texture":"cden/ugItCJqcvkaaqSmOm","rect":[114,68,38,34],"offset":[0,0],"originalSize":[38,34],"capInsets":[0,0,0,0]}},{"__type__":"cc.SpriteFrame","content":{"name":"MyholdpengW8","texture":"cden/ugItCJqcvkaaqSmOm","rect":[153,714,51,78],"offset":[0,0],"originalSize":[51,78],"capInsets":[0,0,0,0]}},{"__type__":"cc.SpriteFrame","content":{"name":"MyUpPengJ3","texture":"cden/ugItCJqcvkaaqSmOm","rect":[93,250,31,46],"offset":[0,0],"originalSize":[31,46],"capInsets":[0,0,0,0]}},{"__type__":"cc.SpriteFrame","content":{"name":"MyholdpengH1","texture":"cden/ugItCJqcvkaaqSmOm","rect":[255,558,51,78],"offset":[0,0],"originalSize":[51,78],"capInsets":[0,0,0,0]}},{"__type__":"cc.SpriteFrame","content":{"name":"MyHoldW5","texture":"cden/ugItCJqcvkaaqSmOm","rect":[153,1035,51,81],"offset":[0,0],"originalSize":[51,81],"capInsets":[0,0,0,0]}},{"__type__":"cc.SpriteFrame","content":{"name":"MyOutT6","texture":"cden/ugItCJqcvkaaqSmOm","rect":[434,296,31,46],"offset":[0,0],"originalSize":[31,46],"capInsets":[0,0,0,0]}},{"__type__":"cc.SpriteFrame","content":{"name":"leftPengB2","texture":"cden/ugItCJqcvkaaqSmOm","rect":[0,0,38,34],"offset":[0,0],"originalSize":[38,34],"capInsets":[0,0,0,0]}},{"__type__":"cc.SpriteFrame","content":{"name":"rightPengT8","texture":"cden/ugItCJqcvkaaqSmOm","rect":[304,102,38,34],"offset":[0,0],"originalSize":[38,34],"capInsets":[0,0,0,0]}},{"__type__":"cc.SpriteFrame","content":{"name":"MyOutH3","texture":"cden/ugItCJqcvkaaqSmOm","rect":[186,342,31,46],"offset":[0,0],"originalSize":[31,46],"capInsets":[0,0,0,0]}},{"__type__":"cc.SpriteFrame","content":{"name":"MyUpPengT3","texture":"cden/ugItCJqcvkaaqSmOm","rect":[62,250,31,46],"offset":[0,0],"originalSize":[31,46],"capInsets":[0,0,0,0]}},{"__type__":"cc.SpriteFrame","content":{"name":"MyHoldF4","texture":"cden/ugItCJqcvkaaqSmOm","rect":[0,873,51,81],"offset":[0,0],"originalSize":[51,81],"capInsets":[0,0,0,0]}},{"__type__":"cc.SpriteFrame","content":{"name":"leftPengT7","texture":"cden/ugItCJqcvkaaqSmOm","rect":[76,102,38,34],"offset":[0,0],"originalSize":[38,34],"capInsets":[0,0,0,0]}},{"__type__":"cc.SpriteFrame","content":{"name":"MyHoldW6","texture":"cden/ugItCJqcvkaaqSmOm","rect":[51,1035,51,81],"offset":[0,0],"originalSize":[51,81],"capInsets":[0,0,0,0]}},{"__type__":"cc.SpriteFrame","content":{"name":"rightPeng_kong","texture":"cden/ugItCJqcvkaaqSmOm","rect":[266,136,38,34],"offset":[0,0],"originalSize":[38,34],"capInsets":[0,0,0,0]}},{"__type__":"cc.SpriteFrame","content":{"name":"MyHoldH2","texture":"cden/ugItCJqcvkaaqSmOm","rect":[408,792,51,81],"offset":[0,0],"originalSize":[51,81],"capInsets":[0,0,0,0]}},{"__type__":"cc.SpriteFrame","content":{"name":"MyholdpengT1","texture":"cden/ugItCJqcvkaaqSmOm","rect":[102,714,51,78],"offset":[0,0],"originalSize":[51,78],"capInsets":[0,0,0,0]}},{"__type__":"cc.SpriteFrame","content":{"name":"rightPengT2","texture":"cden/ugItCJqcvkaaqSmOm","rect":[456,102,38,34],"offset":[0,0],"originalSize":[38,34],"capInsets":[0,0,0,0]}},{"__type__":"cc.SpriteFrame","content":{"name":"rightPengW9","texture":"cden/ugItCJqcvkaaqSmOm","rect":[114,136,38,34],"offset":[0,0],"originalSize":[38,34],"capInsets":[0,0,0,0]}},{"__type__":"cc.SpriteFrame","content":{"name":"rightPengB3","texture":"cden/ugItCJqcvkaaqSmOm","rect":[266,170,38,34],"offset":[0,0],"originalSize":[38,34],"capInsets":[0,0,0,0]}},{"__type__":"cc.SpriteFrame","content":{"name":"MyholdpengH2","texture":"cden/ugItCJqcvkaaqSmOm","rect":[313,480,51,78],"offset":[0,0],"originalSize":[51,78],"capInsets":[0,0,0,0]}},{"__type__":"cc.SpriteFrame","content":{"name":"MyUpPengW6","texture":"cden/ugItCJqcvkaaqSmOm","rect":[372,250,31,46],"offset":[0,0],"originalSize":[31,46],"capInsets":[0,0,0,0]}},{"__type__":"cc.SpriteFrame","content":{"name":"MyOutF2","texture":"cden/ugItCJqcvkaaqSmOm","rect":[62,388,31,46],"offset":[0,0],"originalSize":[31,46],"capInsets":[0,0,0,0]}},{"__type__":"cc.SpriteFrame","content":{"name":"leftPengW2","texture":"cden/ugItCJqcvkaaqSmOm","rect":[266,68,38,34],"offset":[0,0],"originalSize":[38,34],"capInsets":[0,0,0,0]}},{"__type__":"cc.SpriteFrame","content":{"name":"leftPengF2","texture":"cden/ugItCJqcvkaaqSmOm","rect":[114,34,38,34],"offset":[0,0],"originalSize":[38,34],"capInsets":[0,0,0,0]}},{"__type__":"cc.SpriteFrame","content":{"name":"rightPengH6","texture":"cden/ugItCJqcvkaaqSmOm","rect":[38,204,38,34],"offset":[0,0],"originalSize":[38,34],"capInsets":[0,0,0,0]}},{"__type__":"cc.SpriteFrame","content":{"name":"MyUpPengT6","texture":"cden/ugItCJqcvkaaqSmOm","rect":[411,204,31,46],"offset":[0,0],"originalSize":[31,46],"capInsets":[0,0,0,0]}},{"__type__":"cc.SpriteFrame","content":{"name":"MyHoldB1","texture":"cden/ugItCJqcvkaaqSmOm","rect":[102,954,51,81],"offset":[0,0],"originalSize":[51,81],"capInsets":[0,0,0,0]}},{"__type__":"cc.SpriteFrame","content":{"name":"rightPengT6","texture":"cden/ugItCJqcvkaaqSmOm","rect":[342,102,38,34],"offset":[0,0],"originalSize":[38,34],"capInsets":[0,0,0,0]}},{"__type__":"cc.SpriteFrame","content":{"name":"MyUpPengH8","texture":"cden/ugItCJqcvkaaqSmOm","rect":[155,296,31,46],"offset":[0,0],"originalSize":[31,46],"capInsets":[0,0,0,0]}},{"__type__":"cc.SpriteFrame","content":{"name":"MyholdpengW2","texture":"cden/ugItCJqcvkaaqSmOm","rect":[153,792,51,78],"offset":[0,0],"originalSize":[51,78],"capInsets":[0,0,0,0]}},{"__type__":"cc.SpriteFrame","content":{"name":"MyholdpengT4","texture":"cden/ugItCJqcvkaaqSmOm","rect":[51,792,51,78],"offset":[0,0],"originalSize":[51,78],"capInsets":[0,0,0,0]}},{"__type__":"cc.SpriteFrame","content":{"name":"MyHoldB7","texture":"cden/ugItCJqcvkaaqSmOm","rect":[408,873,51,81],"offset":[0,0],"originalSize":[51,81],"capInsets":[0,0,0,0]}},{"__type__":"cc.SpriteFrame","content":{"name":"MyHoldW9","texture":"cden/ugItCJqcvkaaqSmOm","rect":[0,1116,51,81],"offset":[0,0],"originalSize":[51,81],"capInsets":[0,0,0,0]}},{"__type__":"cc.SpriteFrame","content":{"name":"MyUpPengB5","texture":"cden/ugItCJqcvkaaqSmOm","rect":[155,434,31,46],"offset":[0,0],"originalSize":[31,46],"capInsets":[0,0,0,0]}},{"__type__":"cc.SpriteFrame","content":{"name":"MyOutJ2","texture":"cden/ugItCJqcvkaaqSmOm","rect":[93,296,31,46],"offset":[0,0],"originalSize":[31,46],"capInsets":[0,0,0,0]}},{"__type__":"cc.SpriteFrame","content":{"name":"MyUpPengW5","texture":"cden/ugItCJqcvkaaqSmOm","rect":[434,250,31,46],"offset":[0,0],"originalSize":[31,46],"capInsets":[0,0,0,0]}},{"__type__":"cc.SpriteFrame","content":{"name":"MyHoldT8","texture":"cden/ugItCJqcvkaaqSmOm","rect":[51,1197,51,81],"offset":[0,0],"originalSize":[51,81],"capInsets":[0,0,0,0]}},{"__type__":"cc.SpriteFrame","content":{"name":"MyOutH4","texture":"cden/ugItCJqcvkaaqSmOm","rect":[93,342,31,46],"offset":[0,0],"originalSize":[31,46],"capInsets":[0,0,0,0]}},{"__type__":"cc.SpriteFrame","content":{"name":"MyholdpengF4","texture":"cden/ugItCJqcvkaaqSmOm","rect":[306,636,51,78],"offset":[0,0],"originalSize":[51,78],"capInsets":[0,0,0,0]}},{"__type__":"cc.SpriteFrame","content":{"name":"MyHoldJ2","texture":"cden/ugItCJqcvkaaqSmOm","rect":[102,1035,51,81],"offset":[0,0],"originalSize":[51,81],"capInsets":[0,0,0,0]}},{"__type__":"cc.SpriteFrame","content":{"name":"MyOutT3","texture":"cden/ugItCJqcvkaaqSmOm","rect":[62,342,31,46],"offset":[0,0],"originalSize":[31,46],"capInsets":[0,0,0,0]}},{"__type__":"cc.SpriteFrame","content":{"name":"MyHoldT1","texture":"cden/ugItCJqcvkaaqSmOm","rect":[357,1116,51,81],"offset":[0,0],"originalSize":[51,81],"capInsets":[0,0,0,0]}},{"__type__":"cc.SpriteFrame","content":{"name":"MyholdpengJ3","texture":"cden/ugItCJqcvkaaqSmOm","rect":[211,480,51,78],"offset":[0,0],"originalSize":[51,78],"capInsets":[0,0,0,0]}},{"__type__":"cc.SpriteFrame","content":{"name":"leftPengH8","texture":"cden/ugItCJqcvkaaqSmOm","rect":[342,0,38,34],"offset":[0,0],"originalSize":[38,34],"capInsets":[0,0,0,0]}},{"__type__":"cc.SpriteFrame","content":{"name":"rightPengT3","texture":"cden/ugItCJqcvkaaqSmOm","rect":[38,136,38,34],"offset":[0,0],"originalSize":[38,34],"capInsets":[0,0,0,0]}},{"__type__":"cc.SpriteFrame","content":{"name":"MyholdpengH4","texture":"cden/ugItCJqcvkaaqSmOm","rect":[262,480,51,78],"offset":[0,0],"originalSize":[51,78],"capInsets":[0,0,0,0]}},{"__type__":"cc.SpriteFrame","content":{"name":"MyUpPengB7","texture":"cden/ugItCJqcvkaaqSmOm","rect":[279,388,31,46],"offset":[0,0],"originalSize":[31,46],"capInsets":[0,0,0,0]}},{"__type__":"cc.SpriteFrame","content":{"name":"rightPengJ1","texture":"cden/ugItCJqcvkaaqSmOm","rect":[76,204,38,34],"offset":[0,0],"originalSize":[38,34],"capInsets":[0,0,0,0]}},{"__type__":"cc.SpriteFrame","content":{"name":"MyholdpengT2","texture":"cden/ugItCJqcvkaaqSmOm","rect":[102,792,51,78],"offset":[0,0],"originalSize":[51,78],"capInsets":[0,0,0,0]}},{"__type__":"cc.SpriteFrame","content":{"name":"MyUpPengH2","texture":"cden/ugItCJqcvkaaqSmOm","rect":[124,434,31,46],"offset":[0,0],"originalSize":[31,46],"capInsets":[0,0,0,0]}},{"__type__":"cc.SpriteFrame","content":{"name":"MyOutH5","texture":"cden/ugItCJqcvkaaqSmOm","rect":[248,296,31,46],"offset":[0,0],"originalSize":[31,46],"capInsets":[0,0,0,0]}},{"__type__":"cc.SpriteFrame","content":{"name":"MyHoldH8","texture":"cden/ugItCJqcvkaaqSmOm","rect":[204,873,51,81],"offset":[0,0],"originalSize":[51,81],"capInsets":[0,0,0,0]}},{"__type__":"cc.SpriteFrame","content":{"name":"rightPengT1","texture":"cden/ugItCJqcvkaaqSmOm","rect":[380,102,38,34],"offset":[0,0],"originalSize":[38,34],"capInsets":[0,0,0,0]}},{"__type__":"cc.SpriteFrame","content":{"name":"MyUpPengT9","texture":"cden/ugItCJqcvkaaqSmOm","rect":[248,250,31,46],"offset":[0,0],"originalSize":[31,46],"capInsets":[0,0,0,0]}},{"__type__":"cc.SpriteFrame","content":{"name":"MyHoldT6","texture":"cden/ugItCJqcvkaaqSmOm","rect":[102,1197,51,81],"offset":[0,0],"originalSize":[51,81],"capInsets":[0,0,0,0]}},{"__type__":"cc.SpriteAtlas","_name":"CFBlueMJ.plist","_spriteFrames":{"MyHold":{"__uuid__":"aaP35GIitJEIMfHMSoOyUF"},"MyHoldB1":{"__uuid__":"c3MXviXYRPeqWsB5JxB28E"},"MyHoldB2":{"__uuid__":"05wR48/UdGp6iNUmUuM+Ao"},"MyHoldB3":{"__uuid__":"ea7G9hyZ9Gwaxk65yBsELg"},"MyHoldB4":{"__uuid__":"daNPkWSCxL1KESbUuknAGR"},"MyHoldB5":{"__uuid__":"79w3ZXCg5FKaKAbc6XlK/5"},"MyHoldB6":{"__uuid__":"4bCiAOnm9HOIN8lQhAqOY2"},"MyHoldB7":{"__uuid__":"c6rGTzLb9Doq6ZJVDoGpyd"},"MyHoldB8":{"__uuid__":"dfr+rcGARHtJR7PU7Gb57B"},"MyHoldB9":{"__uuid__":"83VxLzeEtMO7UfsGOz2BL6"},"MyHoldF1":{"__uuid__":"efxul9lJ5ANo+bAO6urasb"},"MyHoldF2":{"__uuid__":"dcgmwIVD1KT49oCWMnQCaN"},"MyHoldF3":{"__uuid__":"497lisq3dJZb0NaPrhQhI0"},"MyHoldF4":{"__uuid__":"af+JE0zSdM9oYFbfbu3eo3"},"MyHoldH1":{"__uuid__":"2bD2LL5xlI3KASjV+JLBqB"},"MyHoldH2":{"__uuid__":"b4QJKNl0ROibKB+EslkBJB"},"MyHoldH3":{"__uuid__":"41CJ0FuM5MEortSuLTGmat"},"MyHoldH4":{"__uuid__":"6edpcp+ZpIsIR0gDVhFIkJ"},"MyHoldH5":{"__uuid__":"0fpM8vbYFH2I8RwHQsCLGB"},"MyHoldH6":{"__uuid__":"40V4kLBddProzK7vu5bDXP"},"MyHoldH7":{"__uuid__":"60mjmv6ElLs4mdIHfN6Ik8"},"MyHoldH8":{"__uuid__":"d2sTFeZgpIRY3slTnokAI6"},"MyHoldJ1":{"__uuid__":"32uIAVDQNH8Y+xYkhXN7L4"},"MyHoldJ2":{"__uuid__":"c9zAaH1GRHabhlrDSAwcRL"},"MyHoldJ3":{"__uuid__":"0dJ2XH+1lBB45kJNZ9zQco"},"MyHoldT1":{"__uuid__":"cbPRpYQCBFWJcPsJyjdlmT"},"MyHoldT2":{"__uuid__":"08OY7ejqVND5cAA/GB5v3p"},"MyHoldT3":{"__uuid__":"4eUZ3BlBZDeK/KA2J6OMFX"},"MyHoldT4":{"__uuid__":"ed50ODeoNOxZZkTWJlzTfz"},"MyHoldT5":{"__uuid__":"623TPC4HZHiJ9XDjDQjvcI"},"MyHoldT6":{"__uuid__":"d6bBxUUCxDiqvvJAxKraFC"},"MyHoldT7":{"__uuid__":"60yrorn3BHk7gk+uypoRKv"},"MyHoldT8":{"__uuid__":"c7hWNojaRAR5R1osH66jXz"},"MyHoldT9":{"__uuid__":"4aPFMefpZFga31w5COBeon"},"MyHoldW1":{"__uuid__":"2eXccVVE5ESJTpn2L813zh"},"MyHoldW2":{"__uuid__":"aau00GgJpCqImCwsxwhn0k"},"MyHoldW3":{"__uuid__":"1dDWDoWZZFxqIszju/FphC"},"MyHoldW4":{"__uuid__":"91YhEvJy1BAq6wwku1ZzUq"},"MyHoldW5":{"__uuid__":"abn8wNCQBMKp5O0wFUuu8D"},"MyHoldW6":{"__uuid__":"b0ilUIg5hD1pSyX8FuehZO"},"MyHoldW7":{"__uuid__":"6dYWFOe0FAf6GsLg6PThQ5"},"MyHoldW8":{"__uuid__":"21f0IFO3hId4oFm8s1Xplo"},"MyHoldW9":{"__uuid__":"c7RuzDb0pDZKl9qOKiOO8u"},"MyHold_kong":{"__uuid__":"2bCdupwiNCWqPy1mK4MRd0"},"MyOutB1":{"__uuid__":"7fTbNFP69P/qV2WgpnGRic"},"MyOutB2":{"__uuid__":"a0Ir9PK/NL+Yv4sWhR/4s8"},"MyOutB3":{"__uuid__":"f4hFNd3Z9LtoA8vrwmOsff"},"MyOutB4":{"__uuid__":"ealIRw+shAFZL8WF3HddSX"},"MyOutB5":{"__uuid__":"89ufSJfIRM5qC+wntPAyIo"},"MyOutB6":{"__uuid__":"14ZWl2FdhHTp2nciON92Si"},"MyOutB7":{"__uuid__":"fb0uRysIlP6YcYoBT9p2Lz"},"MyOutB8":{"__uuid__":"42o4B2s8lPrLb0J4eCzifS"},"MyOutB9":{"__uuid__":"06yLabqqtMeb7nyeSER0Ei"},"MyOutF1":{"__uuid__":"2bDPeXQ39G264xFtKsoYmd"},"MyOutF2":{"__uuid__":"bdBCkqSIFMbpi2Ftt+Gtpv"},"MyOutF3":{"__uuid__":"93Va0GegZFQJH13HiOKRPL"},"MyOutF4":{"__uuid__":"7axxXZDKxGfIv8Hg8kuyP9"},"MyOutH1":{"__uuid__":"45Zoe5GaVPCJ0mYWmrq/Nm"},"MyOutH2":{"__uuid__":"2fYv5bgtJGY4JA/0nZVeEy"},"MyOutH3":{"__uuid__":"afktogoCZDhrccLqZhGG2q"},"MyOutH4":{"__uuid__":"c9KBWdEjBDJKww1sYKMdmg"},"MyOutH5":{"__uuid__":"d2FVN3BVhEzqB8/pS7Eg03"},"MyOutH6":{"__uuid__":"56U8O0uy1CK4/LNOA9Yk4e"},"MyOutH7":{"__uuid__":"424h0xZaFCLKXPT23LRlcM"},"MyOutH8":{"__uuid__":"531b7iv3RDg42ELMj3tlmM"},"MyOutJ1":{"__uuid__":"f6v94asvNGLqmEC+Sht5k6"},"MyOutJ2":{"__uuid__":"c7TWMn1uxM4a3a63BISfJH"},"MyOutJ3":{"__uuid__":"33f1NYPsVIQ7GQ+/u5PP/n"},"MyOutT1":{"__uuid__":"a6jYaByFNMdLfsvLE+Udze"},"MyOutT2":{"__uuid__":"129GRLIhVAPZu4/8ewpikB"},"MyOutT3":{"__uuid__":"caLaY+MIdHSbnaEpf/tR82"},"MyOutT4":{"__uuid__":"33Ndkn9EJH/bHRyroOSwU0"},"MyOutT5":{"__uuid__":"91WtDHw2FHqZXGg01Y7vyr"},"MyOutT6":{"__uuid__":"adZsQdof1CAKTCO5594G6D"},"MyOutT7":{"__uuid__":"7cAq4K6ihLe4Nof11NfihM"},"MyOutT8":{"__uuid__":"3egX1mdzxJoLVrGxbhGlns"},"MyOutT9":{"__uuid__":"047sUzc8pIj4yCsN5hmFK3"},"MyOutW1":{"__uuid__":"09XUhCRm5NwYtvYohznKss"},"MyOutW2":{"__uuid__":"225uti1+1F97UjEm0bYhWP"},"MyOutW3":{"__uuid__":"30Ql3utfVMJau2razXk/d1"},"MyOutW4":{"__uuid__":"01kZsrhvpJ24dkHoDCvPll"},"MyOutW5":{"__uuid__":"32JlDIHt9CG7UXTDEUnhHJ"},"MyOutW6":{"__uuid__":"53n7nowKJLXbwsaISJb0+a"},"MyOutW7":{"__uuid__":"d9cY9I11BBT6L96cc8C1KN"},"MyOutW8":{"__uuid__":"51uXGIH7NL+q4LW/tIYQn6"},"MyOutW9":{"__uuid__":"86PQizNjFHTbOepbhD6Dom"},"MyOut_bei":{"__uuid__":"14r3nABaVLu5jrWRaj+A7V"},"MyOut_kong":{"__uuid__":"dcgjrapcBH8Z058buXPWHI"},"MyUpHold":{"__uuid__":"3eS4RZiopDyLLFDpaB8Tvy"},"MyUpPengB1":{"__uuid__":"2aYGERo41CXqCnl1ggEWo+"},"MyUpPengB2":{"__uuid__":"f2Sk6otx1I/7ofcwA/3nAN"},"MyUpPengB3":{"__uuid__":"914Dh9kbNCkozujmxHiI9M"},"MyUpPengB4":{"__uuid__":"0f1hg7sodJqr5PFJ+YF6r2"},"MyUpPengB5":{"__uuid__":"c7Ryz5hqNC4qS2CZd6Nqsi"},"MyUpPengB6":{"__uuid__":"4fzjEF6uNIFpr1ToeLfyFS"},"MyUpPengB7":{"__uuid__":"cdZBngZV5NSK4ucAcqAVPS"},"MyUpPengB8":{"__uuid__":"7b0jQPW6pPh4tZAue5LCl/"},"MyUpPengB9":{"__uuid__":"1b/ZvYXLBBnay4VLTpc7qF"},"MyUpPengF1":{"__uuid__":"3f/9COsaVFV4AvbZRTwaoe"},"MyUpPengF2":{"__uuid__":"f2eZA6slBOmZLT3kXR7Nz1"},"MyUpPengF3":{"__uuid__":"79JpN1XelKELr5v960TNQg"},"MyUpPengF4":{"__uuid__":"d9bNc/CstIjZof8G0vlPyK"},"MyUpPengH1":{"__uuid__":"48PYfS6QpJ06Bl4zgirR2e"},"MyUpPengH2":{"__uuid__":"d1mHuaHP1LIoGJ8PD/TsNy"},"MyUpPengH3":{"__uuid__":"8bFe6+uTpNxqryuj0+7+vN"},"MyUpPengH4":{"__uuid__":"46IcwnBwxNNqqk3FTu3faG"},"MyUpPengH5":{"__uuid__":"8500NkoixNWK+5p67qixBm"},"MyUpPengH6":{"__uuid__":"7fHydSJ2FFbpHTQXqrswpI"},"MyUpPengH7":{"__uuid__":"5d+neGoTlHN4g2cAIKdyZK"},"MyUpPengH8":{"__uuid__":"c3ZsMg2JZNJ7ecyzhXN1KH"},"MyUpPengJ1":{"__uuid__":"e9NDT1LRpCaZVfsnzQ2iIu"},"MyUpPengJ2":{"__uuid__":"55qFJt1FpD4LO553gVWdB+"},"MyUpPengJ3":{"__uuid__":"aaz9qcFIBLgZu8zVz04cFZ"},"MyUpPengT1":{"__uuid__":"a8mOBcatdELpEEDcOJSlLb"},"MyUpPengT2":{"__uuid__":"1b/a3FralEgaNvbfjGd0jX"},"MyUpPengT3":{"__uuid__":"afwUf7CnZP07BE9fElrF4R"},"MyUpPengT4":{"__uuid__":"24chDbkTBOcbui6OgKBDw5"},"MyUpPengT5":{"__uuid__":"1059pKeGtNCZq4DgVtkPty"},"MyUpPengT6":{"__uuid__":"c29j5eipJOPbKf+oSBJ8zJ"},"MyUpPengT7":{"__uuid__":"f1WKEtMVBO0ZxuPqHWbUYR"},"MyUpPengT8":{"__uuid__":"79LZAYhgtMJJoyd/onPHHg"},"MyUpPengT9":{"__uuid__":"d3RQhPfOdGCJq6VkRIKv3a"},"MyUpPengW1":{"__uuid__":"0fmvRVjdBL/oLjx/RIp/10"},"MyUpPengW2":{"__uuid__":"2bP2mmsfZCrphjPLvqiNjT"},"MyUpPengW3":{"__uuid__":"51+K8t8+NNkJwDXjyWB/7Y"},"MyUpPengW4":{"__uuid__":"a3OJMxHIBEhr0u72lruK53"},"MyUpPengW5":{"__uuid__":"c7Uw57JpRPPLwgaDzJsHpW"},"MyUpPengW6":{"__uuid__":"bcsBKr7+hBFrfofG3SfeuE"},"MyUpPengW7":{"__uuid__":"1bNOkF5yVEUZsFmDAGJf5z"},"MyUpPengW8":{"__uuid__":"9dQRRBT7BMbbx3osLGagYb"},"MyUpPengW9":{"__uuid__":"1b5Jop+QpG/JFHf+Y4vg9I"},"MyUpPeng_kong":{"__uuid__":"90yciW9aNGS5sl8CmByJ3n"},"MyholdpengB1":{"__uuid__":"5bMYboEq9F5IQZyGOAFcoc"},"MyholdpengB2":{"__uuid__":"62XtRe4TFJcZWAUfXGFjgt"},"MyholdpengB3":{"__uuid__":"4cBxjNCyhAVq5juuW2FmVE"},"MyholdpengB4":{"__uuid__":"7b9fcWPNxD7q41nPqD1QdQ"},"MyholdpengB5":{"__uuid__":"92Wfxsp5NFt7F6hma9yzcP"},"MyholdpengB6":{"__uuid__":"78tbozrD5Kh5fV/wat/yn3"},"MyholdpengB7":{"__uuid__":"2fFX9GKw9OxJKyTAijMFXk"},"MyholdpengB8":{"__uuid__":"3eWl0SLdhAvp25CPn86qZO"},"MyholdpengB9":{"__uuid__":"fcUG1SdY9IGrAC1UwpqaIk"},"MyholdpengF1":{"__uuid__":"29noykJOBO/ZRGWTM6TfsU"},"MyholdpengF2":{"__uuid__":"4diFt31L9BAajzLOUUdhv4"},"MyholdpengF3":{"__uuid__":"deZc916qxFi5Na0YiNjg8g"},"MyholdpengF4":{"__uuid__":"c9mlpetmJB3Y2fy5yj3HIL"},"MyholdpengH1":{"__uuid__":"aa7jHw7HhJqKjXOGV1DPDQ"},"MyholdpengH2":{"__uuid__":"bbEbDKWkNBWLglVlaykd3a"},"MyholdpengH3":{"__uuid__":"6exepfT9tFwa+bHLnS02gr"},"MyholdpengH4":{"__uuid__":"cdFuF93xRIlqChe/rBtehN"},"MyholdpengH5":{"__uuid__":"9d4pVbrwpNuqGsNPwhRPZo"},"MyholdpengH6":{"__uuid__":"29EGSrmv5K4ZI2kknAuFF/"},"MyholdpengH7":{"__uuid__":"3b4n9K3F1MqbammP/k2LEe"},"MyholdpengH8":{"__uuid__":"5djiDWmPtDy7TRbNzCKkD3"},"MyholdpengJ1":{"__uuid__":"5bI5Qj2Z5BZrYo+e4IFbbT"},"MyholdpengJ2":{"__uuid__":"038hFOnPxI3ouOONcFWoN/"},"MyholdpengJ3":{"__uuid__":"cbxD6Z+0BMRJd6bLyCSM25"},"MyholdpengT1":{"__uuid__":"b6M3ONrkxNGYULbYnlQ5i+"},"MyholdpengT2":{"__uuid__":"d0UIG9c5FDo62pLYiAnLKx"},"MyholdpengT3":{"__uuid__":"a0TyoeknhCKqfZuUI7XPq4"},"MyholdpengT4":{"__uuid__":"c6da3UvFxPUZtJk4RSzMWM"},"MyholdpengT5":{"__uuid__":"402PhmUZ9Oc7ssC84QGGXv"},"MyholdpengT6":{"__uuid__":"dbzfZhOkpGMZQXyu6lKqxN"},"MyholdpengT7":{"__uuid__":"3f38oiGCNOIYYx/MCeWoBh"},"MyholdpengT8":{"__uuid__":"f02RByB7tO6YZoIjzhzOOJ"},"MyholdpengT9":{"__uuid__":"493m9HLy9LxZ80a7O2PWRF"},"MyholdpengW1":{"__uuid__":"3dEMJM+z5L1oPXH6p1Gu0h"},"MyholdpengW2":{"__uuid__":"c5Z7Xe3tZMmZ9OgpMeFbIk"},"MyholdpengW3":{"__uuid__":"fek+hbzd5KOIN8MOYxfwlz"},"MyholdpengW4":{"__uuid__":"9bx0vpXt1GNL/u4DP/TH7F"},"MyholdpengW5":{"__uuid__":"a2BxFdICJMH5rKdMrKkLTS"},"MyholdpengW6":{"__uuid__":"5dxmjAC7hKrq9U+nqSZWCq"},"MyholdpengW7":{"__uuid__":"3fV/Do6iNJ1rGCRY+SVNbC"},"MyholdpengW8":{"__uuid__":"aaxfozTBtMe7U/Vrk4YS8M"},"MyholdpengW9":{"__uuid__":"f76JsVsCpPupK5bpHKwqd2"},"Myholdpeng_bei":{"__uuid__":"1fhEQFhQBE5aM+JUdYa38U"},"Myholdpeng_kong":{"__uuid__":"143S42fSxBdZekjPUw4OmL"},"bao":{"__uuid__":"29lxAHniBDa7BbLDAJX1Wc"},"bao2":{"__uuid__":"a59ZGtcqJDP6g+2qoSYB94"},"leftPengB1":{"__uuid__":"3cRQb9sB9LEroPhkf5HjGm"},"leftPengB2":{"__uuid__":"aeD7HozdlJqrwT6VIWjv9a"},"leftPengB3":{"__uuid__":"7fK8+iIsZADqQjf3KOr8T+"},"leftPengB4":{"__uuid__":"98MIyMERFIzaM9nwgDAgka"},"leftPengB5":{"__uuid__":"a6u2f0i7FNDY1iH1zI3eu9"},"leftPengB6":{"__uuid__":"99FErNND1NOJgHVwuOwI06"},"leftPengB7":{"__uuid__":"24F1poWfdPvJKCyHY1ETrH"},"leftPengB8":{"__uuid__":"049gKBYbBGgKuZiqltWgdg"},"leftPengB9":{"__uuid__":"66w37aKihDAII7Ul0Y4fZl"},"leftPengF1":{"__uuid__":"a2xDx6ApJMkaD3dZrDss30"},"leftPengF2":{"__uuid__":"c2AFLY79JOyb9z7sLqit11"},"leftPengF3":{"__uuid__":"06IhnyqgpCXoYj+I08JdIE"},"leftPengF4":{"__uuid__":"95ULmxRu5LWL4FBRWiU8E6"},"leftPengH1":{"__uuid__":"7chImDxuZBtJBngcRk9ihZ"},"leftPengH2":{"__uuid__":"8aknq09QhM1p64AW+5VGTF"},"leftPengH3":{"__uuid__":"f53c60roVLmq5HdcMnisO0"},"leftPengH4":{"__uuid__":"4bE7lkK1NGz6ZFUhbvEfES"},"leftPengH5":{"__uuid__":"54gckZowBDk79nQHZWMNl9"},"leftPengH6":{"__uuid__":"96hLpjNdpD/qCBgSUtFCaP"},"leftPengH7":{"__uuid__":"70jtjvlRFH/IceY1LmpuPz"},"leftPengH8":{"__uuid__":"ccmEsipm1PyYK8TjJS0Kmx"},"leftPengJ1":{"__uuid__":"e5IVhJgrVClLMhjfkuVjqh"},"leftPengJ2":{"__uuid__":"e5EkITdilCgZxgIm5Dafpm"},"leftPengJ3":{"__uuid__":"9527SPZLBP7I75qHoN6G8y"},"leftPengT1":{"__uuid__":"13T7pQv1ZJ7KgNFojHwnVI"},"leftPengT2":{"__uuid__":"45LpbLLvZG+4zDXdyTQRKI"},"leftPengT3":{"__uuid__":"05VsSrkNhBiZmWpnQqOpnN"},"leftPengT4":{"__uuid__":"dbJyD2pzhBopordqjyt8XB"},"leftPengT5":{"__uuid__":"86s95wJp9CoaVXfTRTxPUw"},"leftPengT6":{"__uuid__":"64bYa5W3NNcIpdJTLqWmCP"},"leftPengT7":{"__uuid__":"b0h3vP+9RCh4Sov8rT/OWo"},"leftPengT8":{"__uuid__":"03tkhhCDhECaSm8zgSl7yx"},"leftPengT9":{"__uuid__":"69j5CHrHpBRZq40Ex+sZmd"},"leftPengW1":{"__uuid__":"e0URU88ClFV7NUJnSTzs7a"},"leftPengW2":{"__uuid__":"c1OH0VVd5J64zfiinx1ck5"},"leftPengW3":{"__uuid__":"6594WO3vlBF5/+Jd6DFoof"},"leftPengW4":{"__uuid__":"98i4/srDtJg7AcdY6vTaxo"},"leftPengW5":{"__uuid__":"f1OCnVvDRPjJxUmX8u8Ltf"},"leftPengW6":{"__uuid__":"d7paXjgztJjpWkpo+aLacU"},"leftPengW7":{"__uuid__":"6cDjRzBYJGXYYDlmDWJQJp"},"leftPengW8":{"__uuid__":"53Qpxzyd5BxrawoPoaCBqK"},"leftPengW9":{"__uuid__":"19RUyuhctLrbrcHQ2DyhaO"},"leftPeng_bei":{"__uuid__":"15UchimM5EtZRGtRjjEJ+P"},"leftPeng_kong":{"__uuid__":"aawEO6HkFHLJNCCPVdySjf"},"lefthold":{"__uuid__":"e9W8rmT3tOLaIx610nzOFs"},"rightPengB1":{"__uuid__":"eaBSiTgORORZNgw+18pYuV"},"rightPengB2":{"__uuid__":"34c4mFKp1IVZ06ajpVRLCf"},"rightPengB3":{"__uuid__":"baNxyfcv1Kd5BTJFBNFddD"},"rightPengB4":{"__uuid__":"40Hv5BsIxB9Yu9LCBIIecw"},"rightPengB5":{"__uuid__":"1cyjHt0VhD34kPPzLCR71n"},"rightPengB6":{"__uuid__":"84qVWv/tBLjotajnWchBc7"},"rightPengB7":{"__uuid__":"03KZ+oSDBAPa4VXsj1AcuE"},"rightPengB8":{"__uuid__":"a7rb6lWqxOYZaw5c0ne6lj"},"rightPengB9":{"__uuid__":"deu6PIbYdGJaUcPsbigpqj"},"rightPengF1":{"__uuid__":"e2WGWxSxxPo6D02mkHzjIP"},"rightPengF2":{"__uuid__":"e4gsLIAU9OzLi0+r3eXFH9"},"rightPengF3":{"__uuid__":"679pHd4rRIeLj7K3t4+cfz"},"rightPengF4":{"__uuid__":"87F3/9xsVP2KUbqZuCfXab"},"rightPengH1":{"__uuid__":"f0wyDVwjtKMZXvCu4W5kp4"},"rightPengH2":{"__uuid__":"e6DibCdQJDxIlRWWwez3Fq"},"rightPengH3":{"__uuid__":"6bJ9GW3DFMw7dzh5YXv3ap"},"rightPengH4":{"__uuid__":"17amVb1HZEw5isRpOyKJbX"},"rightPengH5":{"__uuid__":"ffWMePwsNL24O5KQ5a1TfH"},"rightPengH6":{"__uuid__":"c25krR8cdJA7RNIuRQxXzV"},"rightPengH7":{"__uuid__":"33O89rEoNICpwAkOtYqzTs"},"rightPengH8":{"__uuid__":"86vEytV75L8Zs+twXn8OgS"},"rightPengJ1":{"__uuid__":"ce8uAwy4lC7aV/Q9I2Oav0"},"rightPengJ2":{"__uuid__":"e89fCnPDlJkbDWDMoljLAZ"},"rightPengJ3":{"__uuid__":"57J392975KX6uojn7dlPQV"},"rightPengT1":{"__uuid__":"d3HKr0zYRGQIRoLtAf/sVP"},"rightPengT2":{"__uuid__":"b82PyvM+NCo7opSZ+V3CQy"},"rightPengT3":{"__uuid__":"cc/sdpVrpHQoo46MJ9nefW"},"rightPengT4":{"__uuid__":"a6W+8uRBJASasuWCsNgAMb"},"rightPengT5":{"__uuid__":"11jaGQzodJCLkQ7xpRtTTl"},"rightPengT6":{"__uuid__":"c3SjGTEItCJ7hdtULEfw+p"},"rightPengT7":{"__uuid__":"a1lK7mA0VE7bt2pLz/zw/n"},"rightPengT8":{"__uuid__":"ae4hohrJxI+rqW3Oux7cj6"},"rightPengT9":{"__uuid__":"5eNxB6bGNLx4CnUgl2NCOa"},"rightPengW1":{"__uuid__":"9bZxItWgJC7a8jkPye+n7d"},"rightPengW2":{"__uuid__":"32WRrdlSBNTo2T0xRVyQbP"},"rightPengW3":{"__uuid__":"615PQSWp1By657TX03UETu"},"rightPengW4":{"__uuid__":"36dy39A5pGHrcb62DbUQ5X"},"rightPengW5":{"__uuid__":"eclJ6zd7JEsI52Iqd5Ib4P"},"rightPengW6":{"__uuid__":"6aE70GyIhJ2YuMP8DCcB05"},"rightPengW7":{"__uuid__":"872nSTOx5AfplBOw1BHjj3"},"rightPengW8":{"__uuid__":"60Flzb+H9F/LtGDj3WgozU"},"rightPengW9":{"__uuid__":"b8+yhEGUxEyZDQjTSc1CtK"},"rightPeng_bei":{"__uuid__":"3b9oJ1vFRLjIeRkAgQfmii"},"rightPeng_kong":{"__uuid__":"b347rccKpKB6UkXF56VdWb"},"righthold":{"__uuid__":"db3+CzJSZMaISjjrdbyMKM"}}},{"__type__":"cc.SpriteFrame","content":{"name":"leftPengW6","texture":"cden/ugItCJqcvkaaqSmOm","rect":[380,34,38,34],"offset":[0,0],"originalSize":[38,34],"capInsets":[0,0,0,0]}},{"__type__":"cc.SpriteFrame","content":{"name":"MyUpPengF4","texture":"cden/ugItCJqcvkaaqSmOm","rect":[465,388,31,46],"offset":[0,0],"originalSize":[31,46],"capInsets":[0,0,0,0]}},{"__type__":"cc.SpriteFrame","content":{"name":"MyOutW7","texture":"cden/ugItCJqcvkaaqSmOm","rect":[186,434,31,46],"offset":[0,0],"originalSize":[31,46],"capInsets":[0,0,0,0]}},{"__type__":"cc.SpriteFrame","content":{"name":"MyHoldB4","texture":"cden/ugItCJqcvkaaqSmOm","rect":[459,873,51,81],"offset":[0,0],"originalSize":[51,81],"capInsets":[0,0,0,0]}},{"__type__":"cc.SpriteFrame","content":{"name":"leftPengT4","texture":"cden/ugItCJqcvkaaqSmOm","rect":[304,68,38,34],"offset":[0,0],"originalSize":[38,34],"capInsets":[0,0,0,0]}},{"__type__":"cc.SpriteFrame","content":{"name":"MyholdpengT6","texture":"cden/ugItCJqcvkaaqSmOm","rect":[408,714,51,78],"offset":[0,0],"originalSize":[51,78],"capInsets":[0,0,0,0]}},{"__type__":"cc.SpriteFrame","content":{"name":"righthold","texture":"cden/ugItCJqcvkaaqSmOm","rect":[124,480,18,61],"offset":[0,0],"originalSize":[18,61],"capInsets":[0,0,0,0]}},{"__type__":"cc.SpriteFrame","content":{"name":"MyOut_kong","texture":"cden/ugItCJqcvkaaqSmOm","rect":[93,480,31,46],"offset":[0,0],"originalSize":[31,46],"capInsets":[0,0,0,0]}},{"__type__":"cc.SpriteFrame","content":{"name":"MyHoldF2","texture":"cden/ugItCJqcvkaaqSmOm","rect":[0,954,51,81],"offset":[0,0],"originalSize":[51,81],"capInsets":[0,0,0,0]}},{"__type__":"cc.SpriteFrame","content":{"name":"MyholdpengF3","texture":"cden/ugItCJqcvkaaqSmOm","rect":[306,558,51,78],"offset":[0,0],"originalSize":[51,78],"capInsets":[0,0,0,0]}},{"__type__":"cc.SpriteFrame","content":{"name":"rightPengB9","texture":"cden/ugItCJqcvkaaqSmOm","rect":[114,170,38,34],"offset":[0,0],"originalSize":[38,34],"capInsets":[0,0,0,0]}},{"__type__":"cc.SpriteFrame","content":{"name":"MyHoldB8","texture":"cden/ugItCJqcvkaaqSmOm","rect":[459,954,51,81],"offset":[0,0],"originalSize":[51,81],"capInsets":[0,0,0,0]}},{"__type__":"cc.SpriteFrame","content":{"name":"leftPengW1","texture":"cden/ugItCJqcvkaaqSmOm","rect":[456,68,38,34],"offset":[0,0],"originalSize":[38,34],"capInsets":[0,0,0,0]}},{"__type__":"cc.SpriteFrame","content":{"name":"rightPengF1","texture":"cden/ugItCJqcvkaaqSmOm","rect":[190,170,38,34],"offset":[0,0],"originalSize":[38,34],"capInsets":[0,0,0,0]}},{"__type__":"cc.SpriteFrame","content":{"name":"rightPengF2","texture":"cden/ugItCJqcvkaaqSmOm","rect":[152,170,38,34],"offset":[0,0],"originalSize":[38,34],"capInsets":[0,0,0,0]}},{"__type__":"cc.SpriteFrame","content":{"name":"leftPengJ2","texture":"cden/ugItCJqcvkaaqSmOm","rect":[190,0,38,34],"offset":[0,0],"originalSize":[38,34],"capInsets":[0,0,0,0]}},{"__type__":"cc.SpriteFrame","content":{"name":"leftPengJ1","texture":"cden/ugItCJqcvkaaqSmOm","rect":[266,0,38,34],"offset":[0,0],"originalSize":[38,34],"capInsets":[0,0,0,0]}},{"__type__":"cc.SpriteFrame","content":{"name":"rightPengH2","texture":"cden/ugItCJqcvkaaqSmOm","rect":[304,204,38,34],"offset":[0,0],"originalSize":[38,34],"capInsets":[0,0,0,0]}},{"__type__":"cc.SpriteFrame","content":{"name":"rightPengJ2","texture":"cden/ugItCJqcvkaaqSmOm","rect":[456,170,38,34],"offset":[0,0],"originalSize":[38,34],"capInsets":[0,0,0,0]}},{"__type__":"cc.SpriteFrame","content":{"name":"MyUpPengJ1","texture":"cden/ugItCJqcvkaaqSmOm","rect":[0,296,31,46],"offset":[0,0],"originalSize":[31,46],"capInsets":[0,0,0,0]}},{"__type__":"cc.SpriteFrame","content":{"name":"lefthold","texture":"cden/ugItCJqcvkaaqSmOm","rect":[142,480,18,61],"offset":[0,0],"originalSize":[18,61],"capInsets":[0,0,0,0]}},{"__type__":"cc.SpriteFrame","content":{"name":"rightPengB1","texture":"cden/ugItCJqcvkaaqSmOm","rect":[38,68,38,34],"offset":[0,0],"originalSize":[38,34],"capInsets":[0,0,0,0]}},{"__type__":"cc.SpriteFrame","content":{"name":"MyOutB4","texture":"cden/ugItCJqcvkaaqSmOm","rect":[217,342,31,46],"offset":[0,0],"originalSize":[31,46],"capInsets":[0,0,0,0]}},{"__type__":"cc.SpriteFrame","content":{"name":"MyHoldB3","texture":"cden/ugItCJqcvkaaqSmOm","rect":[51,954,51,81],"offset":[0,0],"originalSize":[51,81],"capInsets":[0,0,0,0]}},{"__type__":"cc.SpriteFrame","content":{"name":"rightPengW5","texture":"cden/ugItCJqcvkaaqSmOm","rect":[0,170,38,34],"offset":[0,0],"originalSize":[38,34],"capInsets":[0,0,0,0]}},{"__type__":"cc.SpriteFrame","content":{"name":"MyHoldT4","texture":"cden/ugItCJqcvkaaqSmOm","rect":[408,1116,51,81],"offset":[0,0],"originalSize":[51,81],"capInsets":[0,0,0,0]}},{"__type__":"cc.SpriteFrame","content":{"name":"MyHoldF1","texture":"cden/ugItCJqcvkaaqSmOm","rect":[255,954,51,81],"offset":[0,0],"originalSize":[51,81],"capInsets":[0,0,0,0]}},{"__type__":"cc.SpriteFrame","content":{"name":"rightPengH1","texture":"cden/ugItCJqcvkaaqSmOm","rect":[228,204,38,34],"offset":[0,0],"originalSize":[38,34],"capInsets":[0,0,0,0]}},{"__type__":"cc.SpriteFrame","content":{"name":"MyholdpengT8","texture":"cden/ugItCJqcvkaaqSmOm","rect":[357,792,51,78],"offset":[0,0],"originalSize":[51,78],"capInsets":[0,0,0,0]}},{"__type__":"cc.SpriteFrame","content":{"name":"leftPengW5","texture":"cden/ugItCJqcvkaaqSmOm","rect":[456,34,38,34],"offset":[0,0],"originalSize":[38,34],"capInsets":[0,0,0,0]}},{"__type__":"cc.SpriteFrame","content":{"name":"MyUpPengT7","texture":"cden/ugItCJqcvkaaqSmOm","rect":[442,204,31,46],"offset":[0,0],"originalSize":[31,46],"capInsets":[0,0,0,0]}},{"__type__":"cc.SpriteFrame","content":{"name":"MyUpPengB2","texture":"cden/ugItCJqcvkaaqSmOm","rect":[465,434,31,46],"offset":[0,0],"originalSize":[31,46],"capInsets":[0,0,0,0]}},{"__type__":"cc.SpriteFrame","content":{"name":"MyUpPengF2","texture":"cden/ugItCJqcvkaaqSmOm","rect":[155,388,31,46],"offset":[0,0],"originalSize":[31,46],"capInsets":[0,0,0,0]}},{"__type__":"cc.SpriteFrame","content":{"name":"MyOutB3","texture":"cden/ugItCJqcvkaaqSmOm","rect":[310,342,31,46],"offset":[0,0],"originalSize":[31,46],"capInsets":[0,0,0,0]}},{"__type__":"cc.SpriteFrame","content":{"name":"leftPengH3","texture":"cden/ugItCJqcvkaaqSmOm","rect":[114,0,38,34],"offset":[0,0],"originalSize":[38,34],"capInsets":[0,0,0,0]}},{"__type__":"cc.SpriteFrame","content":{"name":"MyOutJ1","texture":"cden/ugItCJqcvkaaqSmOm","rect":[124,296,31,46],"offset":[0,0],"originalSize":[31,46],"capInsets":[0,0,0,0]}},{"__type__":"cc.SpriteFrame","content":{"name":"MyholdpengW9","texture":"cden/ugItCJqcvkaaqSmOm","rect":[255,714,51,78],"offset":[0,0],"originalSize":[51,78],"capInsets":[0,0,0,0]}},{"__type__":"cc.SpriteFrame","content":{"name":"MyOutB7","texture":"cden/ugItCJqcvkaaqSmOm","rect":[341,342,31,46],"offset":[0,0],"originalSize":[31,46],"capInsets":[0,0,0,0]}},{"__type__":"cc.SpriteFrame","content":{"name":"MyholdpengB9","texture":"cden/ugItCJqcvkaaqSmOm","rect":[255,636,51,78],"offset":[0,0],"originalSize":[51,78],"capInsets":[0,0,0,0]}},{"__type__":"cc.SpriteFrame","content":{"name":"MyholdpengW3","texture":"cden/ugItCJqcvkaaqSmOm","rect":[357,636,51,78],"offset":[0,0],"originalSize":[51,78],"capInsets":[0,0,0,0]}},{"__type__":"cc.SpriteFrame","content":{"name":"rightPengH5","texture":"cden/ugItCJqcvkaaqSmOm","rect":[0,204,38,34],"offset":[0,0],"originalSize":[38,34],"capInsets":[0,0,0,0]}}]